<?xml version="1.0"?>
<!DOCTYPE pathway SYSTEM "https://www.kegg.jp/kegg/xml/KGML_v0.7.2_.dtd">
<!-- Creation date: Aug 5, 2021 09:43:21 +0900 (GMT+9) -->
<pathway name="path:hsa05416" org="hsa" number="05416"
         title="Viral myocarditis"
         image="https://www.kegg.jp/kegg/pathway/hsa/hsa05416.png"
         link="https://www.kegg.jp/kegg-bin/show_pathway?hsa05416">
    <entry id="29" name="hsa:6444" type="gene"
        link="https://www.kegg.jp/dbget-bin/www_bget?hsa:6444">
        <graphics name="SGCD, 35DAG, CMD1L, DAGD, LGMDR6, SG-delta, SGCDP, SGD" fgcolor="#000000" bgcolor="#BFFFBF"
             type="rectangle" x="609" y="225" width="46" height="17"/>
    </entry>
    <entry id="30" name="path:hsa05416" type="map"
        link="https://www.kegg.jp/dbget-bin/www_bget?hsa05416">
        <graphics name="TITLE:Viral myocarditis" fgcolor="#000000" bgcolor="#FFFFFF"
             type="roundrectangle" x="132" y="60" width="180" height="25"/>
    </entry>
    <entry id="31" name="path:hsa04260" type="map"
        link="https://www.kegg.jp/dbget-bin/www_bget?hsa04260">
        <graphics name="Cardiac muscle contraction" fgcolor="#000000" bgcolor="#FFFFFF"
             type="roundrectangle" x="1052" y="423" width="118" height="34"/>
    </entry>
    <entry id="33" name="hsa:6445" type="gene"
        link="https://www.kegg.jp/dbget-bin/www_bget?hsa:6445">
        <graphics name="SGCG, 35DAG, A4, DAGA4, DMDA, DMDA1, LGMD2C, LGMDR5, MAM, SCARMD2, SCG3, gamma-SG" fgcolor="#000000" bgcolor="#BFFFBF"
             type="rectangle" x="655" y="225" width="46" height="17"/>
    </entry>
    <entry id="34" name="hsa:6443" type="gene"
        link="https://www.kegg.jp/dbget-bin/www_bget?hsa:6443">
        <graphics name="SGCB, A3b, LGMD2E, LGMDR4, SGC" fgcolor="#000000" bgcolor="#BFFFBF"
             type="rectangle" x="746" y="225" width="46" height="17"/>
    </entry>
    <entry id="35" name="hsa:6442" type="gene"
        link="https://www.kegg.jp/dbget-bin/www_bget?hsa:6442">
        <graphics name="SGCA, 50DAG, ADL, DAG2, DMDA2, LGMD2D, LGMDR3, SCARMD1, adhalin" fgcolor="#000000" bgcolor="#BFFFBF"
             type="rectangle" x="700" y="225" width="46" height="17"/>
    </entry>
    <entry id="36" name="hsa:1605" type="gene"
        link="https://www.kegg.jp/dbget-bin/www_bget?hsa:1605">
        <graphics name="DAG1, 156DAG, A3a, AGRNR, DAG, LGMDR16, MDDGA9, MDDGC7, MDDGC9" fgcolor="#000000" bgcolor="#BFFFBF"
             type="rectangle" x="790" y="178" width="46" height="17"/>
    </entry>
    <entry id="37" name="hsa:1605" type="gene"
        link="https://www.kegg.jp/dbget-bin/www_bget?hsa:1605">
        <graphics name="DAG1, 156DAG, A3a, AGRNR, DAG, LGMDR16, MDDGA9, MDDGC7, MDDGC9" fgcolor="#000000" bgcolor="#BFFFBF"
             type="rectangle" x="791" y="225" width="46" height="17"/>
    </entry>
    <entry id="39" name="hsa:284217 hsa:3908" type="gene"
        link="https://www.kegg.jp/dbget-bin/www_bget?hsa:284217+hsa:3908">
        <graphics name="LAMA1, LAMA, PTBHS, S-LAM-alpha..." fgcolor="#000000" bgcolor="#BFFFBF"
             type="rectangle" x="791" y="139" width="46" height="17"/>
    </entry>
    <entry id="40" name="path:hsa04512" type="map"
        link="https://www.kegg.jp/dbget-bin/www_bget?hsa04512">
        <graphics name="ECM-receptor interaction" fgcolor="#000000" bgcolor="#FFFFFF"
             type="roundrectangle" x="687" y="157" width="118" height="34"/>
    </entry>
    <entry id="42" name="hsa:1756" type="gene"
        link="https://www.kegg.jp/dbget-bin/www_bget?hsa:1756">
        <graphics name="DMD, BMD, CMD3B, DXS142, DXS164, DXS206, DXS230, DXS239, DXS268, DXS269, DXS270, DXS272, MRX85" fgcolor="#000000" bgcolor="#BFFFBF"
             type="rectangle" x="774" y="299" width="46" height="17"/>
    </entry>
    <entry id="49" name="hsa:1981 hsa:1982 hsa:8672" type="gene"
        link="https://www.kegg.jp/dbget-bin/www_bget?hsa:1981+hsa:1982+hsa:8672">
        <graphics name="EIF4G1, EIF-4G1, EIF4F, EIF4G, EIF4GI, P220, PARK18..." fgcolor="#000000" bgcolor="#BFFFBF"
             type="rectangle" x="771" y="500" width="46" height="17"/>
    </entry>
    <entry id="51" name="hsa:1525" type="gene"
        link="https://www.kegg.jp/dbget-bin/www_bget?hsa:1525">
        <graphics name="CXADR, CAR, CAR4/6, HCAR" fgcolor="#000000" bgcolor="#BFFFBF"
             type="rectangle" x="413" y="225" width="46" height="17"/>
    </entry>
    <entry id="52" name="hsa:1604" type="gene"
        link="https://www.kegg.jp/dbget-bin/www_bget?hsa:1604">
        <graphics name="CD55, CHAPLE, CR, CROM, DAF, TC" fgcolor="#000000" bgcolor="#BFFFBF"
             type="rectangle" x="503" y="225" width="46" height="17"/>
    </entry>
    <entry id="67" name="path:hsa03050" type="map"
        link="https://www.kegg.jp/dbget-bin/www_bget?hsa03050">
        <graphics name="Proteasome" fgcolor="#000000" bgcolor="#FFFFFF"
             type="roundrectangle" x="704" y="592" width="118" height="25"/>
    </entry>
    <entry id="68" name="hsa:595" type="gene"
        link="https://www.kegg.jp/dbget-bin/www_bget?hsa:595">
        <graphics name="CCND1, BCL1, D11S287E, PRAD1, U21B31" fgcolor="#000000" bgcolor="#BFFFBF"
             type="rectangle" x="588" y="556" width="46" height="17"/>
    </entry>
    <entry id="85" name="path:hsa04612" type="map"
        link="https://www.kegg.jp/dbget-bin/www_bget?hsa04612">
        <graphics name="Antigen processing and presentation" fgcolor="#000000" bgcolor="#FFFFFF"
             type="roundrectangle" x="157" y="143" width="118" height="34"/>
    </entry>
    <entry id="86" name="hsa:958" type="gene"
        link="https://www.kegg.jp/dbget-bin/www_bget?hsa:958">
        <graphics name="CD40, Bp50, CDW40, TNFRSF5, p50" fgcolor="#000000" bgcolor="#BFFFBF"
             type="rectangle" x="174" y="253" width="46" height="17"/>
    </entry>
    <entry id="87" name="hsa:3108 hsa:3109 hsa:3111 hsa:3112 hsa:3113 hsa:3115 hsa:3117 hsa:3118 hsa:3119 hsa:3122 hsa:3123 hsa:3125 hsa:3126 hsa:3127" type="gene"
        link="https://www.kegg.jp/dbget-bin/www_bget?hsa:3108+hsa:3109+hsa:3111+hsa:3112+hsa:3113+hsa:3115+hsa:3117+hsa:3118+hsa:3119+hsa:3122+hsa:3123+hsa:3125+hsa:3126+hsa:3127">
        <graphics name="HLA-DMA, D6S222E, DMA, HLADM, RING6..." fgcolor="#000000" bgcolor="#BFFFBF"
             type="rectangle" x="228" y="253" width="46" height="17"/>
    </entry>
    <entry id="88" name="hsa:959" type="gene"
        link="https://www.kegg.jp/dbget-bin/www_bget?hsa:959">
        <graphics name="CD40LG, CD154, CD40L, HIGM1, IGM, IMD3, T-BAM, TNFSF5, TRAP, gp39, hCD40L" fgcolor="#000000" bgcolor="#BFFFBF"
             type="rectangle" x="175" y="316" width="46" height="17"/>
    </entry>
    <entry id="89" name="ko:K10784 ko:K10785" type="ortholog"
        link="https://www.kegg.jp/dbget-bin/www_bget?K10784+K10785">
        <graphics name="K10784..." fgcolor="#000000" bgcolor="#FFFFFF"
             type="rectangle" x="231" y="316" width="46" height="17"/>
    </entry>
    <entry id="90" name="path:hsa04660" type="map"
        link="https://www.kegg.jp/dbget-bin/www_bget?hsa04660">
        <graphics name="T cell receptor signaling pathway" fgcolor="#000000" bgcolor="#FFFFFF"
             type="roundrectangle" x="179" y="380" width="118" height="34"/>
    </entry>
    <entry id="95" name="ko:K10784 ko:K10785" type="ortholog"
        link="https://www.kegg.jp/dbget-bin/www_bget?K10784+K10785">
        <graphics name="K10784..." fgcolor="#000000" bgcolor="#FFFFFF"
             type="rectangle" x="241" y="546" width="46" height="17"/>
    </entry>
    <entry id="96" name="hsa:3105 hsa:3106 hsa:3107 hsa:3133 hsa:3134 hsa:3135" type="gene"
        link="https://www.kegg.jp/dbget-bin/www_bget?hsa:3105+hsa:3106+hsa:3107+hsa:3133+hsa:3134+hsa:3135">
        <graphics name="HLA-A, HLAA..." fgcolor="#000000" bgcolor="#BFFFBF"
             type="rectangle" x="353" y="547" width="46" height="17"/>
    </entry>
    <entry id="97" name="hsa:940" type="gene"
        link="https://www.kegg.jp/dbget-bin/www_bget?hsa:940">
        <graphics name="CD28, Tp44" fgcolor="#000000" bgcolor="#BFFFBF"
             type="rectangle" x="241" y="573" width="46" height="17"/>
    </entry>
    <entry id="98" name="hsa:941 hsa:942" type="gene"
        link="https://www.kegg.jp/dbget-bin/www_bget?hsa:941+hsa:942">
        <graphics name="CD80, B7, B7-1, B7.1, BB1, CD28LG, CD28LG1, LAB7..." fgcolor="#000000" bgcolor="#BFFFBF"
             type="rectangle" x="354" y="574" width="46" height="17"/>
    </entry>
    <entry id="103" name="hsa:841" type="gene"
        link="https://www.kegg.jp/dbget-bin/www_bget?hsa:841">
        <graphics name="CASP8, ALPS2B, CAP4, Casp-8, FLICE, MACH, MCH5" fgcolor="#000000" bgcolor="#BFFFBF"
             type="rectangle" x="530" y="648" width="46" height="17"/>
    </entry>
    <entry id="104" name="hsa:637" type="gene"
        link="https://www.kegg.jp/dbget-bin/www_bget?hsa:637">
        <graphics name="BID, FP497" fgcolor="#000000" bgcolor="#BFFFBF"
             type="rectangle" x="605" y="648" width="46" height="17"/>
    </entry>
    <entry id="105" name="hsa:54205" type="gene"
        link="https://www.kegg.jp/dbget-bin/www_bget?hsa:54205">
        <graphics name="CYCS, CYC, HCS, THC4" fgcolor="#000000" bgcolor="#BFFFBF"
             type="rectangle" x="814" y="647" width="46" height="17"/>
    </entry>
    <entry id="106" name="hsa:842" type="gene"
        link="https://www.kegg.jp/dbget-bin/www_bget?hsa:842">
        <graphics name="CASP9, APAF-3, APAF3, ICE-LAP6, MCH6, PPP1R56" fgcolor="#000000" bgcolor="#BFFFBF"
             type="rectangle" x="895" y="647" width="46" height="17"/>
    </entry>
    <entry id="107" name="hsa:836" type="gene"
        link="https://www.kegg.jp/dbget-bin/www_bget?hsa:836">
        <graphics name="CASP3, CPP32, CPP32B, SCA-1" fgcolor="#000000" bgcolor="#BFFFBF"
             type="rectangle" x="976" y="647" width="46" height="17"/>
    </entry>
    <entry id="117" name="hsa:5551" type="gene"
        link="https://www.kegg.jp/dbget-bin/www_bget?hsa:5551">
        <graphics name="PRF1, HPLH2, P1, PFP" fgcolor="#000000" bgcolor="#BFFFBF"
             type="rectangle" x="293" y="607" width="46" height="17"/>
    </entry>
    <entry id="121" name="hsa:102723407" type="gene"
        link="https://www.kegg.jp/dbget-bin/www_bget?hsa:102723407">
        <graphics name="IGH, IGH@, IGHV4, IGHV4-30, IGHV4-38-2, IGHV4-b, IGVH, IGVH4-39, IGVH4-b, IGVH4b, IgA, IgT, ighv" fgcolor="#000000" bgcolor="#BFFFBF"
             type="rectangle" x="291" y="762" width="46" height="17"/>
    </entry>
    <entry id="122" name="hsa:102723407" type="gene"
        link="https://www.kegg.jp/dbget-bin/www_bget?hsa:102723407">
        <graphics name="IGH, IGH@, IGHV4, IGHV4-30, IGHV4-38-2, IGHV4-b, IGVH, IGVH4-39, IGVH4-b, IGVH4b, IgA, IgT, ighv" fgcolor="#000000" bgcolor="#BFFFBF"
             type="rectangle" x="293" y="822" width="46" height="17"/>
    </entry>
    <entry id="123" name="hsa:3683 hsa:3689" type="gene"
        link="https://www.kegg.jp/dbget-bin/www_bget?hsa:3683+hsa:3689">
        <graphics name="ITGAL, CD11A, LFA-1, LFA1A..." fgcolor="#000000" bgcolor="#BFFFBF"
             type="rectangle" x="239" y="637" width="46" height="17"/>
    </entry>
    <entry id="124" name="hsa:3383" type="gene"
        link="https://www.kegg.jp/dbget-bin/www_bget?hsa:3383">
        <graphics name="ICAM1, BB2, CD54, P3.58" fgcolor="#000000" bgcolor="#BFFFBF"
             type="rectangle" x="353" y="638" width="46" height="17"/>
    </entry>
    <entry id="128" name="path:hsa04210" type="map"
        link="https://www.kegg.jp/dbget-bin/www_bget?hsa04210">
        <graphics name="Apoptosis" fgcolor="#000000" bgcolor="#FFFFFF"
             type="roundrectangle" x="896" y="677" width="118" height="25"/>
    </entry>
    <entry id="130" name="path:hsa04110" type="map"
        link="https://www.kegg.jp/dbget-bin/www_bget?hsa04110">
        <graphics name="Cell cycle" fgcolor="#000000" bgcolor="#FFFFFF"
             type="roundrectangle" x="974" y="591" width="118" height="25"/>
    </entry>
    <entry id="138" name="hsa:60 hsa:71" type="gene"
        link="https://www.kegg.jp/dbget-bin/www_bget?hsa:60+hsa:71">
        <graphics name="ACTB, BRWS1, PS1TP5BP1..." fgcolor="#000000" bgcolor="#BFFFBF"
             type="rectangle" x="763" y="345" width="46" height="17"/>
    </entry>
    <entry id="139" name="hsa:4624 hsa:4625" type="gene"
        link="https://www.kegg.jp/dbget-bin/www_bget?hsa:4624+hsa:4625">
        <graphics name="MYH6, ASD3, CMD1EE, CMH14, MYHC, MYHCA, SSS3, alpha-MHC..." fgcolor="#000000" bgcolor="#BFFFBF"
             type="rectangle" x="1171" y="281" width="46" height="17"/>
    </entry>
    <entry id="165" name="path:hsa05414" type="map"
        link="https://www.kegg.jp/dbget-bin/www_bget?hsa05414">
        <graphics name="Dilated cardiomyopathy" fgcolor="#000000" bgcolor="#FFFFFF"
             type="roundrectangle" x="1255" y="568" width="118" height="34"/>
    </entry>
    <entry id="166" name="hsa:2534" type="gene"
        link="https://www.kegg.jp/dbget-bin/www_bget?hsa:2534">
        <graphics name="FYN, SLK, SYN, p59-FYN" fgcolor="#000000" bgcolor="#BFFFBF"
             type="rectangle" x="513" y="283" width="46" height="17"/>
    </entry>
    <entry id="167" name="hsa:25 hsa:27" type="gene"
        link="https://www.kegg.jp/dbget-bin/www_bget?hsa:25+hsa:27">
        <graphics name="ABL1, ABL, BCR-ABL, CHDSKM, JTK7, bcr/abl, c-ABL, c-ABL1, p150, v-abl..." fgcolor="#000000" bgcolor="#BFFFBF"
             type="rectangle" x="570" y="283" width="46" height="17"/>
    </entry>
    <entry id="172" name="hsa:857" type="gene"
        link="https://www.kegg.jp/dbget-bin/www_bget?hsa:857">
        <graphics name="CAV1, BSCL3, CGL3, LCCNS, MSTP085, PPH3, VIP21, CAV" fgcolor="#000000" bgcolor="#BFFFBF"
             type="rectangle" x="512" y="323" width="46" height="17"/>
    </entry>
    <entry id="173" name="hsa:5879 hsa:5880 hsa:5881" type="gene"
        link="https://www.kegg.jp/dbget-bin/www_bget?hsa:5879+hsa:5880+hsa:5881">
        <graphics name="RAC1, MIG5, MRD48, Rac-1, TC-25, p21-Rac1..." fgcolor="#000000" bgcolor="#BFFFBF"
             type="rectangle" x="591" y="324" width="46" height="17"/>
    </entry>
    <relation entry1="39" entry2="36" type="PPrel">
        <subtype name="binding/association" value="---"/>
    </relation>
    <relation entry1="36" entry2="37" type="PPrel">
        <subtype name="binding/association" value="---"/>
    </relation>
    <relation entry1="37" entry2="42" type="PPrel">
        <subtype name="binding/association" value="---"/>
        <subtype name="missing interaction" value="-/-"/>
    </relation>
    <relation entry1="42" entry2="138" type="PPrel">
        <subtype name="binding/association" value="---"/>
        <subtype name="missing interaction" value="-/-"/>
    </relation>
    <relation entry1="88" entry2="86" type="PPrel">
        <subtype name="activation" value="--&gt;"/>
    </relation>
    <relation entry1="98" entry2="97" type="PPrel">
        <subtype name="activation" value="--&gt;"/>
    </relation>
    <relation entry1="103" entry2="104" type="PPrel">
        <subtype name="activation" value="--&gt;"/>
    </relation>
    <relation entry1="105" entry2="106" type="PPrel">
        <subtype name="activation" value="--&gt;"/>
    </relation>
    <relation entry1="106" entry2="107" type="PPrel">
        <subtype name="activation" value="--&gt;"/>
    </relation>
    <relation entry1="104" entry2="105" type="PPrel">
        <subtype name="activation" value="--&gt;"/>
        <subtype name="indirect effect" value="..&gt;"/>
    </relation>
    <relation entry1="52" entry2="166" type="PPrel">
        <subtype name="activation" value="--&gt;"/>
        <subtype name="indirect effect" value="..&gt;"/>
    </relation>
    <relation entry1="52" entry2="167" type="PPrel">
        <subtype name="activation" value="--&gt;"/>
        <subtype name="indirect effect" value="..&gt;"/>
    </relation>
    <relation entry1="167" entry2="173" type="PPrel">
        <subtype name="activation" value="--&gt;"/>
    </relation>
    <relation entry1="166" entry2="172" type="PPrel">
        <subtype name="activation" value="--&gt;"/>
        <subtype name="phosphorylation" value="+p"/>
    </relation>
    <relation entry1="124" entry2="123" type="PPrel">
        <subtype name="activation" value="--&gt;"/>
    </relation>
</pathway>
