<?xml version="1.0"?>
<!DOCTYPE pathway SYSTEM "https://www.kegg.jp/kegg/xml/KGML_v0.7.2_.dtd">
<!-- Creation date: Jul 7, 2021 15:41:39 +0900 (GMT+9) -->
<pathway name="path:hsa04714" org="hsa" number="04714"
         title="Thermogenesis"
         image="https://www.kegg.jp/kegg/pathway/hsa/hsa04714.png"
         link="https://www.kegg.jp/kegg-bin/show_pathway?hsa04714">
    <entry id="14" name="path:hsa04714" type="map"
        link="https://www.kegg.jp/dbget-bin/www_bget?hsa04714">
        <graphics name="TITLE:Thermogenesis" fgcolor="#000000" bgcolor="#FFFFFF"
             type="roundrectangle" x="106" y="58" width="132" height="25"/>
    </entry>
    <entry id="15" name="hsa:10488 hsa:1385 hsa:148327 hsa:64764 hsa:84699 hsa:90993 hsa:9586" type="gene"
        link="https://www.kegg.jp/dbget-bin/www_bget?hsa:10488+hsa:1385+hsa:148327+hsa:64764+hsa:84699+hsa:90993+hsa:9586">
        <graphics name="CREB3, LUMAN, LZIP, sLZIP..." fgcolor="#000000" bgcolor="#BFFFBF"
             type="rectangle" x="797" y="175" width="46" height="17"/>
    </entry>
    <entry id="16" name="hsa:5566 hsa:5567 hsa:5568" type="gene"
        link="https://www.kegg.jp/dbget-bin/www_bget?hsa:5566+hsa:5567+hsa:5568">
        <graphics name="PRKACA, CAFD1, PKACA, PPNAD4..." fgcolor="#000000" bgcolor="#BFFFBF"
             type="rectangle" x="469" y="209" width="46" height="17"/>
    </entry>
    <entry id="17" name="hsa:1432 hsa:5600 hsa:5603 hsa:6300" type="gene"
        link="https://www.kegg.jp/dbget-bin/www_bget?hsa:1432+hsa:5600+hsa:5603+hsa:6300">
        <graphics name="MAPK14, CSBP, CSBP1, CSBP2, CSPB1, EXIP, Mxi2, PRKM14, PRKM15, RK, SAPK2A, p38, p38ALPHA..." fgcolor="#000000" bgcolor="#BFFFBF"
             type="rectangle" x="656" y="337" width="46" height="17"/>
    </entry>
    <entry id="18" name="hsa:2778" type="gene"
        link="https://www.kegg.jp/dbget-bin/www_bget?hsa:2778">
        <graphics name="GNAS, AHO, C20orf45, GNAS1, GPSA, GSA, GSP, NESP, PITA3, POH, SCG6, SgVI" fgcolor="#000000" bgcolor="#BFFFBF"
             type="rectangle" x="390" y="161" width="46" height="17"/>
    </entry>
    <entry id="19" name="hsa:155" type="gene"
        link="https://www.kegg.jp/dbget-bin/www_bget?hsa:155">
        <graphics name="ADRB3, BETA3AR" fgcolor="#000000" bgcolor="#BFFFBF"
             type="rectangle" x="311" y="161" width="46" height="17"/>
    </entry>
    <entry id="20" name="hsa:1386" type="gene"
        link="https://www.kegg.jp/dbget-bin/www_bget?hsa:1386">
        <graphics name="ATF2, CRE-BP1, CREB-2, CREB2, HB16, TREB7" fgcolor="#000000" bgcolor="#BFFFBF"
             type="rectangle" x="797" y="337" width="46" height="17"/>
    </entry>
    <entry id="21" name="cpd:C00547" type="compound"
        link="https://www.kegg.jp/dbget-bin/www_bget?C00547">
        <graphics name="C00547" fgcolor="#000000" bgcolor="#FFFFFF"
             type="circle" x="243" y="161" width="8" height="8"/>
    </entry>
    <entry id="22" name="cpd:C00575" type="compound"
        link="https://www.kegg.jp/dbget-bin/www_bget?C00575">
        <graphics name="C00575" fgcolor="#000000" bgcolor="#FFFFFF"
             type="circle" x="390" y="208" width="8" height="8"/>
    </entry>
    <entry id="23" name="cpd:C00040" type="compound"
        link="https://www.kegg.jp/dbget-bin/www_bget?C00040">
        <graphics name="C00040" fgcolor="#000000" bgcolor="#FFFFFF"
             type="circle" x="1212" y="560" width="8" height="8"/>
    </entry>
    <entry id="24" name="hsa:26291" type="gene"
        link="https://www.kegg.jp/dbget-bin/www_bget?hsa:26291">
        <graphics name="FGF21" fgcolor="#000000" bgcolor="#BFFFBF"
             type="rectangle" x="797" y="395" width="46" height="17"/>
    </entry>
    <entry id="25" name="hsa:7350" type="gene"
        link="https://www.kegg.jp/dbget-bin/www_bget?hsa:7350">
        <graphics name="UCP1, SLC25A7, UCP" fgcolor="#000000" bgcolor="#BFFFBF"
             type="rectangle" x="989" y="265" width="46" height="17"/>
    </entry>
    <entry id="26" name="hsa:10891" type="gene"
        link="https://www.kegg.jp/dbget-bin/www_bget?hsa:10891">
        <graphics name="PPARGC1A, LEM6, PGC-1(alpha), PGC-1alpha, PGC-1v, PGC1, PGC1A, PPARGC1" fgcolor="#000000" bgcolor="#BFFFBF"
             type="rectangle" x="797" y="265" width="46" height="17"/>
    </entry>
    <entry id="30" name="hsa:107 hsa:108 hsa:109 hsa:111 hsa:112 hsa:113 hsa:114 hsa:115 hsa:196883 hsa:55811" type="gene"
        link="https://www.kegg.jp/dbget-bin/www_bget?hsa:107+hsa:108+hsa:109+hsa:111+hsa:112+hsa:113+hsa:114+hsa:115+hsa:196883+hsa:55811">
        <graphics name="ADCY1, AC1, DFNB44..." fgcolor="#000000" bgcolor="#BFFFBF"
             type="rectangle" x="311" y="204" width="46" height="17"/>
    </entry>
    <entry id="34" name="hsa:7350" type="gene"
        link="https://www.kegg.jp/dbget-bin/www_bget?hsa:7350">
        <graphics name="UCP1, SLC25A7, UCP" fgcolor="#000000" bgcolor="#BFFFBF"
             type="rectangle" x="1145" y="265" width="46" height="17"/>
    </entry>
    <entry id="38" name="path:hsa04010" type="map"
        link="https://www.kegg.jp/dbget-bin/www_bget?hsa04010">
        <graphics name="MAPK signaling pathway" fgcolor="#000000" bgcolor="#FFFFFF"
             type="roundrectangle" x="632" y="164" width="100" height="34"/>
    </entry>
    <entry id="40" name="hsa:5468" type="gene"
        link="https://www.kegg.jp/dbget-bin/www_bget?hsa:5468">
        <graphics name="PPARG, CIMT1, GLM1, NR1C3, PPARG1, PPARG2, PPARG5, PPARgamma" fgcolor="#000000" bgcolor="#BFFFBF"
             type="rectangle" x="858" y="218" width="46" height="17"/>
    </entry>
    <entry id="42" name="hsa:51548" type="gene"
        link="https://www.kegg.jp/dbget-bin/www_bget?hsa:51548">
        <graphics name="SIRT6, SIR2L6, hSIRT6" fgcolor="#000000" bgcolor="#BFFFBF"
             type="rectangle" x="852" y="313" width="46" height="17"/>
    </entry>
    <entry id="44" name="hsa:4881" type="gene"
        link="https://www.kegg.jp/dbget-bin/www_bget?hsa:4881">
        <graphics name="NPR1, ANPRA, ANPa, GUC2A, GUCY2A, NPRA" fgcolor="#000000" bgcolor="#BFFFBF"
             type="rectangle" x="311" y="483" width="46" height="17"/>
    </entry>
    <entry id="46" name="hsa:5592 hsa:5593" type="gene"
        link="https://www.kegg.jp/dbget-bin/www_bget?hsa:5592+hsa:5593">
        <graphics name="PRKG1, AAT8, PKG, PKG1, PRKG1B, PRKGR1B, cGK, cGK_1, cGK1, cGKI, cGKI-BETA, cGKI-alpha..." fgcolor="#000000" bgcolor="#BFFFBF"
             type="rectangle" x="469" y="483" width="46" height="17"/>
    </entry>
    <entry id="47" name="cpd:C00942" type="compound"
        link="https://www.kegg.jp/dbget-bin/www_bget?C00942">
        <graphics name="C00942" fgcolor="#000000" bgcolor="#FFFFFF"
             type="circle" x="390" y="481" width="8" height="8"/>
    </entry>
    <entry id="52" name="hsa:51780 hsa:55818" type="gene"
        link="https://www.kegg.jp/dbget-bin/www_bget?hsa:51780+hsa:55818">
        <graphics name="KDM3B, 5qNCA, C5orf7, DIJOS, JMJD1B, NET22..." fgcolor="#000000" bgcolor="#BFFFBF"
             type="rectangle" x="797" y="209" width="46" height="17"/>
    </entry>
    <entry id="53" name="hsa:51412 hsa:57492 hsa:60 hsa:6595 hsa:6597 hsa:6598 hsa:6599 hsa:6601 hsa:6602 hsa:6603 hsa:6604 hsa:6605 hsa:71 hsa:8110 hsa:8193 hsa:8289 hsa:86" type="gene"
        link="https://www.kegg.jp/dbget-bin/www_bget?hsa:51412+hsa:57492+hsa:60+hsa:6595+hsa:6597+hsa:6598+hsa:6599+hsa:6601+hsa:6602+hsa:6603+hsa:6604+hsa:6605+hsa:71+hsa:8110+hsa:8193+hsa:8289+hsa:86">
        <graphics name="ACTL6B, ACTL6, BAF53B, DEE76, EIEE76, IDDSSAD, SMARCN2, arpNalpha..." fgcolor="#000000" bgcolor="#BFFFBF"
             type="rectangle" x="858" y="201" width="46" height="17"/>
    </entry>
    <entry id="56" name="cpd:C00002" type="compound"
        link="https://www.kegg.jp/dbget-bin/www_bget?C00002">
        <graphics name="C00002" fgcolor="#000000" bgcolor="#FFFFFF"
             type="circle" x="1399" y="303" width="8" height="8"/>
    </entry>
    <entry id="60" name="hsa:3991" type="gene"
        link="https://www.kegg.jp/dbget-bin/www_bget?hsa:3991">
        <graphics name="LIPE, AOMS4, FPLD6, HSL, LHS, REH" fgcolor="#000000" bgcolor="#BFFFBF"
             type="rectangle" x="523" y="352" width="46" height="17"/>
    </entry>
    <entry id="61" name="cpd:C01885" type="compound"
        link="https://www.kegg.jp/dbget-bin/www_bget?C01885">
        <graphics name="C01885" fgcolor="#000000" bgcolor="#FFFFFF"
             type="circle" x="549" y="408" width="8" height="8"/>
    </entry>
    <entry id="62" name="cpd:C00165" type="compound"
        link="https://www.kegg.jp/dbget-bin/www_bget?C00165">
        <graphics name="C00165" fgcolor="#000000" bgcolor="#FFFFFF"
             type="circle" x="549" y="328" width="8" height="8"/>
    </entry>
    <entry id="65" name="hsa:5346" type="gene"
        link="https://www.kegg.jp/dbget-bin/www_bget?hsa:5346">
        <graphics name="PLIN1, FPLD4, PERI, PLIN" fgcolor="#000000" bgcolor="#BFFFBF"
             type="rectangle" x="415" y="352" width="46" height="17"/>
    </entry>
    <entry id="71" name="path:hsa04024" type="map"
        link="https://www.kegg.jp/dbget-bin/www_bget?hsa04024">
        <graphics name="cAMP signaling pathway" fgcolor="#000000" bgcolor="#FFFFFF"
             type="roundrectangle" x="499" y="164" width="100" height="34"/>
    </entry>
    <entry id="72" name="path:hsa04022" type="map"
        link="https://www.kegg.jp/dbget-bin/www_bget?hsa04022">
        <graphics name="cGMP-PKG signaling pathway" fgcolor="#000000" bgcolor="#FFFFFF"
             type="roundrectangle" x="397" y="452" width="97" height="34"/>
    </entry>
    <entry id="74" name="hsa:126129 hsa:1374 hsa:1375" type="gene"
        link="https://www.kegg.jp/dbget-bin/www_bget?hsa:126129+hsa:1374+hsa:1375">
        <graphics name="CPT1C, CATL1, CPT1-B, CPT1P, CPTI-B, CPTIC, SPG73..." fgcolor="#000000" bgcolor="#BFFFBF"
             type="rectangle" x="1269" y="533" width="46" height="17"/>
    </entry>
    <entry id="75" name="path:hsa04923" type="map"
        link="https://www.kegg.jp/dbget-bin/www_bget?hsa04923">
        <graphics name="Regulation of lipolysis in adipocytes" fgcolor="#000000" bgcolor="#FFFFFF"
             type="roundrectangle" x="421" y="289" width="76" height="39"/>
    </entry>
    <entry id="81" name="hsa:9658" type="gene"
        link="https://www.kegg.jp/dbget-bin/www_bget?hsa:9658">
        <graphics name="ZNF516, HsT287" fgcolor="#000000" bgcolor="#BFFFBF"
             type="rectangle" x="989" y="176" width="46" height="17"/>
    </entry>
    <entry id="82" name="hsa:23028" type="gene"
        link="https://www.kegg.jp/dbget-bin/www_bget?hsa:23028">
        <graphics name="KDM1A, AOF2, BHC110, CPRF, KDM1, LSD1" fgcolor="#000000" bgcolor="#BFFFBF"
             type="rectangle" x="989" y="192" width="46" height="17"/>
    </entry>
    <entry id="83" name="hsa:26291" type="gene"
        link="https://www.kegg.jp/dbget-bin/www_bget?hsa:26291">
        <graphics name="FGF21" fgcolor="#000000" bgcolor="#BFFFBF"
             type="rectangle" x="220" y="557" width="46" height="17"/>
    </entry>
    <entry id="84" name="hsa:27330 hsa:6195 hsa:6196 hsa:6197" type="gene"
        link="https://www.kegg.jp/dbget-bin/www_bget?hsa:27330+hsa:6195+hsa:6196+hsa:6197">
        <graphics name="RPS6KA6, PP90RSK4, RSK-4, RSK4, S6K-alpha-6, p90RSK6..." fgcolor="#000000" bgcolor="#BFFFBF"
             type="rectangle" x="556" y="552" width="46" height="17"/>
    </entry>
    <entry id="86" name="hsa:7248 hsa:7249" type="gene"
        link="https://www.kegg.jp/dbget-bin/www_bget?hsa:7248+hsa:7249">
        <graphics name="TSC1, LAM, TSC..." fgcolor="#000000" bgcolor="#BFFFBF"
             type="rectangle" x="643" y="552" width="46" height="17"/>
    </entry>
    <entry id="88" name="hsa:6009" type="gene"
        link="https://www.kegg.jp/dbget-bin/www_bget?hsa:6009">
        <graphics name="RHEB, RHEB2" fgcolor="#000000" bgcolor="#BFFFBF"
             type="rectangle" x="725" y="552" width="46" height="17"/>
    </entry>
    <entry id="92" name="hsa:2475" type="gene"
        link="https://www.kegg.jp/dbget-bin/www_bget?hsa:2475">
        <graphics name="MTOR, FRAP, FRAP1, FRAP2, RAFT1, RAPT1, SKS" fgcolor="#000000" bgcolor="#BFFFBF"
             type="rectangle" x="815" y="555" width="46" height="17"/>
    </entry>
    <entry id="93" name="hsa:64223" type="gene"
        link="https://www.kegg.jp/dbget-bin/www_bget?hsa:64223">
        <graphics name="MLST8, GBL, GbetaL, LST8, POP3, WAT1" fgcolor="#000000" bgcolor="#BFFFBF"
             type="rectangle" x="815" y="572" width="46" height="17"/>
    </entry>
    <entry id="94" name="hsa:57521" type="gene"
        link="https://www.kegg.jp/dbget-bin/www_bget?hsa:57521">
        <graphics name="RPTOR, KOG1, Mip1" fgcolor="#000000" bgcolor="#BFFFBF"
             type="rectangle" x="815" y="538" width="46" height="17"/>
    </entry>
    <entry id="95" name="hsa:84335" type="gene"
        link="https://www.kegg.jp/dbget-bin/www_bget?hsa:84335">
        <graphics name="AKT1S1, Lobe, PRAS40" fgcolor="#000000" bgcolor="#BFFFBF"
             type="rectangle" x="882" y="545" width="46" height="17"/>
    </entry>
    <entry id="98" name="hsa:6198 hsa:6199" type="gene"
        link="https://www.kegg.jp/dbget-bin/www_bget?hsa:6198+hsa:6199">
        <graphics name="RPS6KB1, PS6K, S6K, S6K-beta-1, S6K1, STK14A, p70_S6KA, p70(S6K)-alpha, p70-S6K, p70-alpha..." fgcolor="#000000" bgcolor="#BFFFBF"
             type="rectangle" x="990" y="556" width="46" height="17"/>
    </entry>
    <entry id="100" name="hsa:6194" type="gene"
        link="https://www.kegg.jp/dbget-bin/www_bget?hsa:6194">
        <graphics name="RPS6, S6" fgcolor="#000000" bgcolor="#BFFFBF"
             type="rectangle" x="990" y="489" width="46" height="17"/>
    </entry>
    <entry id="103" name="path:hsa04150" type="map"
        link="https://www.kegg.jp/dbget-bin/www_bget?hsa04150">
        <graphics name="mTOR signaling pathway" fgcolor="#000000" bgcolor="#FFFFFF"
             type="roundrectangle" x="624" y="591" width="138" height="25"/>
    </entry>
    <entry id="104" name="hsa:2260" type="gene"
        link="https://www.kegg.jp/dbget-bin/www_bget?hsa:2260">
        <graphics name="FGFR1, BFGFR, CD331, CEK, ECCL, FGFBR, FGFR-1, FLG, FLT-2, FLT2, HBGFR, HH2, HRTFDS, KAL2, N-SAM, OGD, bFGF-R-1" fgcolor="#000000" bgcolor="#BFFFBF"
             type="rectangle" x="310" y="557" width="46" height="17"/>
    </entry>
    <entry id="107" name="hsa:152831" type="gene"
        link="https://www.kegg.jp/dbget-bin/www_bget?hsa:152831">
        <graphics name="KLB, BKL" fgcolor="#000000" bgcolor="#BFFFBF"
             type="rectangle" x="310" y="540" width="46" height="17"/>
    </entry>
    <entry id="108" name="hsa:10818" type="gene"
        link="https://www.kegg.jp/dbget-bin/www_bget?hsa:10818">
        <graphics name="FRS2, FRS1A, FRS2A, FRS2alpha, SNT, SNT-1, SNT1" fgcolor="#000000" bgcolor="#BFFFBF"
             type="rectangle" x="312" y="597" width="46" height="17"/>
    </entry>
    <entry id="110" name="hsa:2885" type="gene"
        link="https://www.kegg.jp/dbget-bin/www_bget?hsa:2885">
        <graphics name="GRB2, ASH, EGFRBP-GRB2, Grb3-3, MST084, MSTP084, NCKAP2" fgcolor="#000000" bgcolor="#BFFFBF"
             type="rectangle" x="390" y="597" width="46" height="17"/>
    </entry>
    <entry id="113" name="hsa:6654 hsa:6655" type="gene"
        link="https://www.kegg.jp/dbget-bin/www_bget?hsa:6654+hsa:6655">
        <graphics name="SOS1, GF1, GGF1, GINGF, HGF, NS4, SOS-1..." fgcolor="#000000" bgcolor="#BFFFBF"
             type="rectangle" x="468" y="597" width="46" height="17"/>
    </entry>
    <entry id="115" name="hsa:3265 hsa:3845 hsa:4893" type="gene"
        link="https://www.kegg.jp/dbget-bin/www_bget?hsa:3265+hsa:3845+hsa:4893">
        <graphics name="HRAS, C-BAS/HAS, C-H-RAS, C-HA-RAS1, CTLO, H-RASIDX, HAMSV, HRAS1, RASH1, p21ras..." fgcolor="#000000" bgcolor="#BFFFBF"
             type="rectangle" x="468" y="552" width="46" height="17"/>
    </entry>
    <entry id="119" name="hsa:63976" type="gene"
        link="https://www.kegg.jp/dbget-bin/www_bget?hsa:63976">
        <graphics name="PRDM16, CMD1LL, KMT8F, LVNC8, MEL1, PFM13" fgcolor="#000000" bgcolor="#BFFFBF"
             type="rectangle" x="989" y="159" width="46" height="17"/>
    </entry>
    <entry id="120" name="cpd:C00162" type="compound"
        link="https://www.kegg.jp/dbget-bin/www_bget?C00162">
        <graphics name="C00162" fgcolor="#000000" bgcolor="#FFFFFF"
             type="circle" x="1104" y="314" width="8" height="8"/>
    </entry>
    <entry id="123" name="cpd:C02301" type="compound"
        link="https://www.kegg.jp/dbget-bin/www_bget?C02301">
        <graphics name="C02301" fgcolor="#000000" bgcolor="#FFFFFF"
             type="circle" x="1336" y="464" width="8" height="8"/>
    </entry>
    <entry id="124" name="cpd:C00040" type="compound"
        link="https://www.kegg.jp/dbget-bin/www_bget?C00040">
        <graphics name="C00040" fgcolor="#000000" bgcolor="#FFFFFF"
             type="circle" x="1201" y="420" width="8" height="8"/>
    </entry>
    <entry id="125" name="hsa:1376" type="gene"
        link="https://www.kegg.jp/dbget-bin/www_bget?hsa:1376">
        <graphics name="CPT2, CPT1, CPTASE, IIAE4" fgcolor="#000000" bgcolor="#BFFFBF"
             type="rectangle" x="1269" y="445" width="46" height="17"/>
    </entry>
    <entry id="127" name="cpd:C02301" type="compound"
        link="https://www.kegg.jp/dbget-bin/www_bget?C02301">
        <graphics name="C02301" fgcolor="#000000" bgcolor="#FFFFFF"
             type="circle" x="1336" y="506" width="8" height="8"/>
    </entry>
    <entry id="128" name="hsa:2180 hsa:2181 hsa:2182 hsa:23305 hsa:51703" type="gene"
        link="https://www.kegg.jp/dbget-bin/www_bget?hsa:2180+hsa:2181+hsa:2182+hsa:23305+hsa:51703">
        <graphics name="ACSL1, ACS1, FACL1, FACL2, LACS, LACS1, LACS2..." fgcolor="#000000" bgcolor="#BFFFBF"
             type="rectangle" x="1155" y="530" width="46" height="17"/>
    </entry>
    <entry id="130" name="cpd:C00162" type="compound"
        link="https://www.kegg.jp/dbget-bin/www_bget?C00162">
        <graphics name="C00162" fgcolor="#000000" bgcolor="#FFFFFF"
             type="circle" x="1104" y="560" width="8" height="8"/>
    </entry>
    <entry id="132" name="path:hsa00190" type="map"
        link="https://www.kegg.jp/dbget-bin/www_bget?hsa00190">
        <graphics name="Oxidative phosphorylation" fgcolor="#000000" bgcolor="#FFFFFF"
             type="roundrectangle" x="1249" y="188" width="141" height="25"/>
    </entry>
    <entry id="135" name="cpd:C00008" type="compound"
        link="https://www.kegg.jp/dbget-bin/www_bget?C00008">
        <graphics name="C00008" fgcolor="#000000" bgcolor="#FFFFFF"
             type="circle" x="1340" y="317" width="8" height="8"/>
    </entry>
    <entry id="137" name="cpd:C00318" type="compound"
        link="https://www.kegg.jp/dbget-bin/www_bget?C00318">
        <graphics name="C00318" fgcolor="#000000" bgcolor="#FFFFFF"
             type="circle" x="1201" y="506" width="8" height="8"/>
    </entry>
    <entry id="139" name="cpd:C00010" type="compound"
        link="https://www.kegg.jp/dbget-bin/www_bget?C00010">
        <graphics name="C00010" fgcolor="#000000" bgcolor="#FFFFFF"
             type="circle" x="1334" y="560" width="8" height="8"/>
    </entry>
    <entry id="141" name="cpd:C00010" type="compound"
        link="https://www.kegg.jp/dbget-bin/www_bget?C00010">
        <graphics name="C00010" fgcolor="#000000" bgcolor="#FFFFFF"
             type="circle" x="1336" y="419" width="8" height="8"/>
    </entry>
    <entry id="142" name="cpd:C00318" type="compound"
        link="https://www.kegg.jp/dbget-bin/www_bget?C00318">
        <graphics name="C00318" fgcolor="#000000" bgcolor="#FFFFFF"
             type="circle" x="1201" y="464" width="8" height="8"/>
    </entry>
    <entry id="143" name="hsa:1268" type="gene"
        link="https://www.kegg.jp/dbget-bin/www_bget?hsa:1268">
        <graphics name="CNR1, CANN6, CB-R, CB1, CB1A, CB1K5, CB1R, CNR" fgcolor="#000000" bgcolor="#BFFFBF"
             type="rectangle" x="311" y="259" width="46" height="17"/>
    </entry>
    <entry id="147" name="cpd:C00422" type="compound"
        link="https://www.kegg.jp/dbget-bin/www_bget?C00422">
        <graphics name="C00422" fgcolor="#000000" bgcolor="#FFFFFF"
             type="circle" x="549" y="268" width="8" height="8"/>
    </entry>
    <entry id="148" name="hsa:57104" type="gene"
        link="https://www.kegg.jp/dbget-bin/www_bget?hsa:57104">
        <graphics name="PNPLA2, 1110001C14Rik, ATGL, FP17548, PEDF-R, TTS-2.2, TTS2, iPLA2zeta" fgcolor="#000000" bgcolor="#BFFFBF"
             type="rectangle" x="522" y="291" width="46" height="17"/>
    </entry>
    <entry id="150" name="hsa:11343" type="gene"
        link="https://www.kegg.jp/dbget-bin/www_bget?hsa:11343">
        <graphics name="MGLL, HU-K5, HUK5, MAGL, MGL" fgcolor="#000000" bgcolor="#BFFFBF"
             type="rectangle" x="522" y="429" width="46" height="17"/>
    </entry>
    <entry id="154" name="cpd:C00116" type="compound"
        link="https://www.kegg.jp/dbget-bin/www_bget?C00116">
        <graphics name="C00116" fgcolor="#000000" bgcolor="#FFFFFF"
             type="circle" x="549" y="468" width="8" height="8"/>
    </entry>
    <entry id="155" name="cpd:C11695" type="compound"
        link="https://www.kegg.jp/dbget-bin/www_bget?C11695">
        <graphics name="C11695" fgcolor="#000000" bgcolor="#FFFFFF"
             type="circle" x="250" y="251" width="8" height="8"/>
    </entry>
    <entry id="156" name="cpd:C13856" type="compound"
        link="https://www.kegg.jp/dbget-bin/www_bget?C13856">
        <graphics name="C13856" fgcolor="#000000" bgcolor="#FFFFFF"
             type="circle" x="250" y="265" width="8" height="8"/>
    </entry>
    <entry id="157" name="hsa:5606" type="gene"
        link="https://www.kegg.jp/dbget-bin/www_bget?hsa:5606">
        <graphics name="MAP2K3, MAPKK3, MEK3, MKK3, PRKMK3, SAPKK-2, SAPKK2" fgcolor="#000000" bgcolor="#BFFFBF"
             type="rectangle" x="656" y="293" width="46" height="17"/>
    </entry>
    <entry id="159" name="hsa:4217" type="gene"
        link="https://www.kegg.jp/dbget-bin/www_bget?hsa:4217">
        <graphics name="MAP3K5, ASK1, MAPKKK5, MEKK5" fgcolor="#000000" bgcolor="#BFFFBF"
             type="rectangle" x="656" y="249" width="46" height="17"/>
    </entry>
    <entry id="164" name="hsa:51422 hsa:53632 hsa:5562 hsa:5563 hsa:5564 hsa:5565 hsa:5571" type="gene"
        link="https://www.kegg.jp/dbget-bin/www_bget?hsa:51422+hsa:53632+hsa:5562+hsa:5563+hsa:5564+hsa:5565+hsa:5571">
        <graphics name="PRKAG2, AAKG, AAKG2, CMH6, H91620p, WPWS..." fgcolor="#000000" bgcolor="#BFFFBF"
             type="rectangle" x="134" y="218" width="46" height="17"/>
    </entry>
    <entry id="165" name="cpd:C00951" type="compound"
        link="https://www.kegg.jp/dbget-bin/www_bget?C00951">
        <graphics name="C00951" fgcolor="#000000" bgcolor="#FFFFFF"
             type="circle" x="115" y="323" width="8" height="8"/>
    </entry>
    <entry id="166" name="cpd:C00745" type="compound"
        link="https://www.kegg.jp/dbget-bin/www_bget?C00745">
        <graphics name="C00745" fgcolor="#000000" bgcolor="#FFFFFF"
             type="circle" x="115" y="309" width="8" height="8"/>
    </entry>
    <entry id="167" name="cpd:C02465" type="compound"
        link="https://www.kegg.jp/dbget-bin/www_bget?C02465">
        <graphics name="C02465" fgcolor="#000000" bgcolor="#FFFFFF"
             type="circle" x="115" y="295" width="8" height="8"/>
    </entry>
    <entry id="168" name="hsa:2641" type="gene"
        link="https://www.kegg.jp/dbget-bin/www_bget?hsa:2641">
        <graphics name="GCG, GLP-1, GLP1, GLP2, GRPP" fgcolor="#000000" bgcolor="#BFFFBF"
             type="rectangle" x="148" y="301" width="46" height="17"/>
    </entry>
    <entry id="169" name="hsa:353500 hsa:656" type="gene"
        link="https://www.kegg.jp/dbget-bin/www_bget?hsa:353500+hsa:656">
        <graphics name="BMP8A, OP-2..." fgcolor="#000000" bgcolor="#BFFFBF"
             type="rectangle" x="148" y="322" width="46" height="17"/>
    </entry>
    <entry id="179" name="hsa:123096 hsa:788" type="gene"
        link="https://www.kegg.jp/dbget-bin/www_bget?hsa:123096+hsa:788">
        <graphics name="SLC25A29, C14orf69, CACL, ORNT3..." fgcolor="#000000" bgcolor="#BFFFBF"
             type="rectangle" x="1269" y="485" width="46" height="17"/>
    </entry>
    <entry id="180" name="hsa:100532726 hsa:10063 hsa:10975 hsa:116228 hsa:125965 hsa:126328 hsa:1327 hsa:1329 hsa:1337 hsa:1339 hsa:1340 hsa:1345 hsa:1346 hsa:1347 hsa:1349 hsa:1350 hsa:1351 hsa:1352 hsa:1353 hsa:1355 hsa:137682 hsa:1537 hsa:170712 hsa:25915 hsa:27089 hsa:284184 hsa:285521 hsa:28958 hsa:29078 hsa:29796 hsa:341947 hsa:374291 hsa:388753 hsa:440567 hsa:4512 hsa:4513 hsa:4514 hsa:4519 hsa:4535 hsa:4536 hsa:4537 hsa:4538 hsa:4539 hsa:4540 hsa:4541 hsa:4694 hsa:4695 hsa:4696 hsa:4697 hsa:4698 hsa:4700 hsa:4701 hsa:4702 hsa:4704 hsa:4705 hsa:4706 hsa:4707 hsa:4708 hsa:4709 hsa:4710 hsa:4711 hsa:4712 hsa:4713 hsa:4714 hsa:4715 hsa:4716 hsa:4717 hsa:4718 hsa:4719 hsa:4720 hsa:4722 hsa:4723 hsa:4724 hsa:4725 hsa:4726 hsa:4728 hsa:4729 hsa:4731 hsa:493753 hsa:51079 hsa:51103 hsa:51241 hsa:51287 hsa:54539 hsa:55471 hsa:55744 hsa:55967 hsa:56901 hsa:6389 hsa:6390 hsa:6391 hsa:6392 hsa:65260 hsa:7381 hsa:7384 hsa:7385 hsa:7386 hsa:7388 hsa:79133 hsa:84701 hsa:84987 hsa:90639 hsa:9167 hsa:91942 hsa:9377" type="gene"
        link="https://www.kegg.jp/dbget-bin/www_bget?hsa:100532726+hsa:10063+hsa:10975+hsa:116228+hsa:125965+hsa:126328+hsa:1327+hsa:1329+hsa:1337+hsa:1339+hsa:1340+hsa:1345+hsa:1346+hsa:1347+hsa:1349+hsa:1350+hsa:1351+hsa:1352+hsa:1353+hsa:1355+hsa:137682+hsa:1537+hsa:170712+hsa:25915+hsa:27089+hsa:284184+hsa:285521+hsa:28958+hsa:29078+hsa:29796+hsa:341947+hsa:374291+hsa:388753+hsa:440567+hsa:4512+hsa:4513+hsa:4514+hsa:4519+hsa:4535+hsa:4536+hsa:4537+hsa:4538+hsa:4539+hsa:4540+hsa:4541+hsa:4694+hsa:4695+hsa:4696+hsa:4697+hsa:4698+hsa:4700+hsa:4701+hsa:4702+hsa:4704+hsa:4705+hsa:4706+hsa:4707+hsa:4708+hsa:4709+hsa:4710+hsa:4711+hsa:4712+hsa:4713+hsa:4714+hsa:4715+hsa:4716+hsa:4717+hsa:4718+hsa:4719+hsa:4720+hsa:4722+hsa:4723+hsa:4724+hsa:4725+hsa:4726+hsa:4728+hsa:4729+hsa:4731+hsa:493753+hsa:51079+hsa:51103+hsa:51241+hsa:51287+hsa:54539+hsa:55471+hsa:55744+hsa:55967+hsa:56901+hsa:6389+hsa:6390+hsa:6391+hsa:6392+hsa:65260+hsa:7381+hsa:7384+hsa:7385+hsa:7386+hsa:7388+hsa:79133+hsa:84701+hsa:84987+hsa:90639+hsa:9167+hsa:91942+hsa:9377">
        <graphics name="NDUFC2-KCTD14..." fgcolor="#000000" bgcolor="#BFFFBF"
             type="rectangle" x="1245" y="265" width="46" height="17"/>
    </entry>
    <entry id="181" name="hsa:10476 hsa:10632 hsa:4508 hsa:4509 hsa:498 hsa:506 hsa:509 hsa:513 hsa:514 hsa:515 hsa:516 hsa:517 hsa:518 hsa:521 hsa:522 hsa:539 hsa:9551" type="gene"
        link="https://www.kegg.jp/dbget-bin/www_bget?hsa:10476+hsa:10632+hsa:4508+hsa:4509+hsa:498+hsa:506+hsa:509+hsa:513+hsa:514+hsa:515+hsa:516+hsa:517+hsa:518+hsa:521+hsa:522+hsa:539+hsa:9551">
        <graphics name="ATP5PD, APT5H, ATP5H, ATPQ..." fgcolor="#000000" bgcolor="#BFFFBF"
             type="rectangle" x="1367" y="265" width="46" height="17"/>
    </entry>
    <entry id="182" name="cpd:C00080" type="compound"
        link="https://www.kegg.jp/dbget-bin/www_bget?C00080">
        <graphics name="C00080" fgcolor="#000000" bgcolor="#FFFFFF"
             type="circle" x="1144" y="237" width="8" height="8"/>
    </entry>
    <entry id="183" name="cpd:C00080" type="compound"
        link="https://www.kegg.jp/dbget-bin/www_bget?C00080">
        <graphics name="C00080" fgcolor="#000000" bgcolor="#FFFFFF"
             type="circle" x="1243" y="230" width="8" height="8"/>
    </entry>
    <entry id="184" name="cpd:C00080" type="compound"
        link="https://www.kegg.jp/dbget-bin/www_bget?C00080">
        <graphics name="C00080" fgcolor="#000000" bgcolor="#FFFFFF"
             type="circle" x="1366" y="237" width="8" height="8"/>
    </entry>
    <entry id="185" name="path:hsa00020" type="map"
        link="https://www.kegg.jp/dbget-bin/www_bget?hsa00020">
        <graphics name="Citrate cycle (TCA cycle)" fgcolor="#000000" bgcolor="#FFFFFF"
             type="roundrectangle" x="1324" y="362" width="69" height="25"/>
    </entry>
    <entry id="186" name="cpd:C00024" type="compound"
        link="https://www.kegg.jp/dbget-bin/www_bget?C00024">
        <graphics name="C00024" fgcolor="#000000" bgcolor="#FFFFFF"
             type="circle" x="1201" y="386" width="8" height="8"/>
    </entry>
    <entry id="188" name="cpd:C00004" type="compound"
        link="https://www.kegg.jp/dbget-bin/www_bget?C00004">
        <graphics name="C00004" fgcolor="#000000" bgcolor="#FFFFFF"
             type="circle" x="1201" y="326" width="8" height="8"/>
    </entry>
    <entry id="189" name="cpd:C01352" type="compound"
        link="https://www.kegg.jp/dbget-bin/www_bget?C01352">
        <graphics name="C01352" fgcolor="#000000" bgcolor="#FFFFFF"
             type="circle" x="1201" y="340" width="8" height="8"/>
    </entry>
    <entry id="211" name="hsa:4878" type="gene"
        link="https://www.kegg.jp/dbget-bin/www_bget?hsa:4878">
        <graphics name="NPPA, ANF, ANP, ATFB6, ATRST2, CDD, CDD-ANF, CDP, PND" fgcolor="#000000" bgcolor="#BFFFBF"
             type="rectangle" x="220" y="471" width="46" height="17"/>
    </entry>
    <entry id="212" name="hsa:4879" type="gene"
        link="https://www.kegg.jp/dbget-bin/www_bget?hsa:4879">
        <graphics name="NPPB, BNP, Iso-ANP" fgcolor="#000000" bgcolor="#BFFFBF"
             type="rectangle" x="220" y="494" width="46" height="17"/>
    </entry>
    <relation entry1="21" entry2="19" type="PCrel">
        <subtype name="activation" value="--&gt;"/>
    </relation>
    <relation entry1="19" entry2="18" type="PPrel">
        <subtype name="activation" value="--&gt;"/>
    </relation>
    <relation entry1="18" entry2="30" type="PPrel">
        <subtype name="activation" value="--&gt;"/>
    </relation>
    <relation entry1="30" entry2="22" type="PCrel">
        <subtype name="activation" value="--&gt;"/>
    </relation>
    <relation entry1="155" entry2="143" type="PCrel">
        <subtype name="activation" value="--&gt;"/>
    </relation>
    <relation entry1="156" entry2="143" type="PCrel">
        <subtype name="activation" value="--&gt;"/>
    </relation>
    <relation entry1="22" entry2="16" type="PCrel">
        <subtype name="activation" value="--&gt;"/>
    </relation>
    <relation entry1="44" entry2="47" type="PCrel">
        <subtype name="activation" value="--&gt;"/>
    </relation>
    <relation entry1="47" entry2="46" type="PCrel">
        <subtype name="activation" value="--&gt;"/>
    </relation>
    <relation entry1="83" entry2="104" type="PPrel">
        <subtype name="activation" value="--&gt;"/>
    </relation>
    <relation entry1="104" entry2="108" type="PPrel">
        <subtype name="activation" value="--&gt;"/>
    </relation>
    <relation entry1="108" entry2="110" type="PPrel">
        <subtype name="activation" value="--&gt;"/>
    </relation>
    <relation entry1="110" entry2="113" type="PPrel">
        <subtype name="activation" value="--&gt;"/>
    </relation>
    <relation entry1="113" entry2="115" type="PPrel">
        <subtype name="activation" value="--&gt;"/>
    </relation>
    <relation entry1="115" entry2="84" type="PPrel">
        <subtype name="activation" value="--&gt;"/>
        <subtype name="indirect effect" value="..&gt;"/>
    </relation>
    <relation entry1="88" entry2="94" type="PPrel">
        <subtype name="activation" value="--&gt;"/>
    </relation>
    <relation entry1="88" entry2="92" type="PPrel">
        <subtype name="activation" value="--&gt;"/>
    </relation>
    <relation entry1="88" entry2="93" type="PPrel">
        <subtype name="activation" value="--&gt;"/>
    </relation>
    <relation entry1="16" entry2="65" type="PPrel">
        <subtype name="activation" value="--&gt;"/>
        <subtype name="phosphorylation" value="+p"/>
    </relation>
    <relation entry1="16" entry2="60" type="PPrel">
        <subtype name="activation" value="--&gt;"/>
        <subtype name="phosphorylation" value="+p"/>
    </relation>
    <relation entry1="16" entry2="15" type="PPrel">
        <subtype name="activation" value="--&gt;"/>
        <subtype name="phosphorylation" value="+p"/>
    </relation>
    <relation entry1="16" entry2="52" type="PPrel">
        <subtype name="activation" value="--&gt;"/>
        <subtype name="phosphorylation" value="+p"/>
    </relation>
    <relation entry1="16" entry2="159" type="PPrel">
        <subtype name="activation" value="--&gt;"/>
        <subtype name="phosphorylation" value="+p"/>
    </relation>
    <relation entry1="159" entry2="157" type="PPrel">
        <subtype name="activation" value="--&gt;"/>
        <subtype name="phosphorylation" value="+p"/>
    </relation>
    <relation entry1="157" entry2="17" type="PPrel">
        <subtype name="activation" value="--&gt;"/>
        <subtype name="phosphorylation" value="+p"/>
    </relation>
    <relation entry1="17" entry2="26" type="PPrel">
        <subtype name="activation" value="--&gt;"/>
        <subtype name="phosphorylation" value="+p"/>
    </relation>
    <relation entry1="17" entry2="20" type="PPrel">
        <subtype name="activation" value="--&gt;"/>
        <subtype name="phosphorylation" value="+p"/>
    </relation>
    <relation entry1="46" entry2="65" type="PPrel">
        <subtype name="activation" value="--&gt;"/>
        <subtype name="phosphorylation" value="+p"/>
    </relation>
    <relation entry1="46" entry2="60" type="PPrel">
        <subtype name="activation" value="--&gt;"/>
        <subtype name="phosphorylation" value="+p"/>
    </relation>
    <relation entry1="46" entry2="17" type="PPrel">
        <subtype name="activation" value="--&gt;"/>
        <subtype name="phosphorylation" value="+p"/>
    </relation>
    <relation entry1="120" entry2="34" type="PCrel">
        <subtype name="activation" value="--&gt;"/>
    </relation>
    <relation entry1="98" entry2="100" type="PPrel">
        <subtype name="activation" value="--&gt;"/>
        <subtype name="phosphorylation" value="+p"/>
    </relation>
    <relation entry1="107" entry2="104" type="PPrel">
        <subtype name="binding/association" value="---"/>
    </relation>
    <relation entry1="94" entry2="92" type="PPrel">
        <subtype name="binding/association" value="---"/>
    </relation>
    <relation entry1="92" entry2="93" type="PPrel">
        <subtype name="binding/association" value="---"/>
    </relation>
    <relation entry1="53" entry2="40" type="PPrel">
        <subtype name="binding/association" value="---"/>
    </relation>
    <relation entry1="52" entry2="53" type="PPrel">
        <subtype name="binding/association" value="---"/>
    </relation>
    <relation entry1="52" entry2="40" type="PPrel">
        <subtype name="binding/association" value="---"/>
    </relation>
    <relation entry1="119" entry2="81" type="PPrel">
        <subtype name="binding/association" value="---"/>
    </relation>
    <relation entry1="81" entry2="82" type="PPrel">
        <subtype name="binding/association" value="---"/>
    </relation>
    <relation entry1="119" entry2="82" type="PPrel">
        <subtype name="binding/association" value="---"/>
    </relation>
    <relation entry1="15" entry2="81" type="GErel">
        <subtype name="expression" value="--&gt;"/>
    </relation>
    <relation entry1="52" entry2="25" type="GErel">
        <subtype name="expression" value="--&gt;"/>
    </relation>
    <relation entry1="26" entry2="25" type="GErel">
        <subtype name="expression" value="--&gt;"/>
    </relation>
    <relation entry1="20" entry2="26" type="GErel">
        <subtype name="expression" value="--&gt;"/>
    </relation>
    <relation entry1="20" entry2="24" type="GErel">
        <subtype name="expression" value="--&gt;"/>
    </relation>
    <relation entry1="100" entry2="25" type="GErel">
        <subtype name="expression" value="--&gt;"/>
    </relation>
    <relation entry1="100" entry2="24" type="GErel">
        <subtype name="expression" value="--&gt;"/>
    </relation>
    <relation entry1="86" entry2="88" type="PPrel">
        <subtype name="inhibition" value="--|"/>
    </relation>
    <relation entry1="95" entry2="94" type="PPrel">
        <subtype name="inhibition" value="--|"/>
    </relation>
    <relation entry1="95" entry2="92" type="PPrel">
        <subtype name="inhibition" value="--|"/>
    </relation>
    <relation entry1="143" entry2="30" type="PPrel">
        <subtype name="inhibition" value="--|"/>
    </relation>
    <relation entry1="65" entry2="60" type="PPrel">
        <subtype name="indirect effect" value="..&gt;"/>
    </relation>
    <relation entry1="20" entry2="81" type="GErel">
        <subtype name="expression" value="--&gt;"/>
    </relation>
    <relation entry1="20" entry2="25" type="GErel">
        <subtype name="expression" value="--&gt;"/>
    </relation>
    <relation entry1="15" entry2="25" type="GErel">
        <subtype name="expression" value="--&gt;"/>
    </relation>
    <relation entry1="92" entry2="98" type="PPrel">
        <subtype name="activation" value="--&gt;"/>
        <subtype name="phosphorylation" value="+p"/>
    </relation>
    <relation entry1="164" entry2="21" type="PCrel">
        <subtype name="inhibition" value="--|"/>
        <subtype name="indirect effect" value="..&gt;"/>
    </relation>
    <relation entry1="167" entry2="164" type="PCrel">
        <subtype name="inhibition" value="--|"/>
        <subtype name="indirect effect" value="..&gt;"/>
    </relation>
    <relation entry1="166" entry2="164" type="PCrel">
        <subtype name="inhibition" value="--|"/>
        <subtype name="indirect effect" value="..&gt;"/>
    </relation>
    <relation entry1="165" entry2="164" type="PCrel">
        <subtype name="inhibition" value="--|"/>
        <subtype name="indirect effect" value="..&gt;"/>
    </relation>
    <relation entry1="168" entry2="164" type="PPrel">
        <subtype name="inhibition" value="--|"/>
        <subtype name="indirect effect" value="..&gt;"/>
    </relation>
    <relation entry1="169" entry2="164" type="PPrel">
        <subtype name="inhibition" value="--|"/>
        <subtype name="indirect effect" value="..&gt;"/>
    </relation>
    <relation entry1="84" entry2="86" type="PPrel">
        <subtype name="inhibition" value="--|"/>
        <subtype name="phosphorylation" value="+p"/>
    </relation>
</pathway>
