<?xml version="1.0"?>
<!DOCTYPE pathway SYSTEM "https://www.kegg.jp/kegg/xml/KGML_v0.7.2_.dtd">
<!-- Creation date: Apr 12, 2022 14:28:44 +0900 (GMT+9) -->
<pathway name="path:hsa00601" org="hsa" number="00601"
         title="Glycosphingolipid biosynthesis - lacto and neolacto series"
         image="https://www.kegg.jp/kegg/pathway/hsa/hsa00601.png"
         link="https://www.kegg.jp/kegg-bin/show_pathway?hsa00601">
    <entry id="40" name="hsa:10690" type="gene" reaction="rn:R06230"
        link="https://www.kegg.jp/dbget-bin/www_bget?hsa:10690">
        <graphics name="FUT9, Fuc-TIX" fgcolor="#000000" bgcolor="#BFFFBF"
             type="rectangle" x="921" y="569" width="46" height="17"/>
    </entry>
    <entry id="41" name="hsa:10690" type="gene" reaction="rn:R06224"
        link="https://www.kegg.jp/dbget-bin/www_bget?hsa:10690">
        <graphics name="FUT9, Fuc-TIX" fgcolor="#000000" bgcolor="#BFFFBF"
             type="rectangle" x="531" y="946" width="46" height="17"/>
    </entry>
    <entry id="42" name="hsa:10690" type="gene" reaction="rn:R06222"
        link="https://www.kegg.jp/dbget-bin/www_bget?hsa:10690">
        <graphics name="FUT9, Fuc-TIX" fgcolor="#000000" bgcolor="#BFFFBF"
             type="rectangle" x="531" y="875" width="46" height="17"/>
    </entry>
    <entry id="43" name="hsa:10690" type="gene" reaction="rn:R06227"
        link="https://www.kegg.jp/dbget-bin/www_bget?hsa:10690">
        <graphics name="FUT9, Fuc-TIX" fgcolor="#000000" bgcolor="#BFFFBF"
             type="rectangle" x="991" y="875" width="46" height="17"/>
    </entry>
    <entry id="44" name="hsa:2526" type="gene" reaction="rn:R06221"
        link="https://www.kegg.jp/dbget-bin/www_bget?hsa:2526">
        <graphics name="FUT4, CD15, ELFT, FCT3A, FUC-TIV, FUTIV, LeX, SSEA-1" fgcolor="#000000" bgcolor="#BFFFBF"
             type="rectangle" x="701" y="894" width="46" height="17"/>
    </entry>
    <entry id="45" name="hsa:2525 hsa:2527 hsa:2528" type="gene" reaction="rn:R06221"
        link="https://www.kegg.jp/dbget-bin/www_bget?hsa:2525+hsa:2527+hsa:2528">
        <graphics name="FUT3, CD174, FT3B, FucT-III, LE, Les..." fgcolor="#000000" bgcolor="#BFFFBF"
             type="rectangle" x="675" y="875" width="46" height="17"/>
    </entry>
    <entry id="46" name="hsa:2525 hsa:2527 hsa:2528" type="gene" reaction="rn:R06222"
        link="https://www.kegg.jp/dbget-bin/www_bget?hsa:2525+hsa:2527+hsa:2528">
        <graphics name="FUT3, CD174, FT3B, FucT-III, LE, Les..." fgcolor="#000000" bgcolor="#BFFFBF"
             type="rectangle" x="481" y="875" width="46" height="17"/>
    </entry>
    <entry id="47" name="hsa:2525 hsa:2527 hsa:2528" type="gene" reaction="rn:R06224"
        link="https://www.kegg.jp/dbget-bin/www_bget?hsa:2525+hsa:2527+hsa:2528">
        <graphics name="FUT3, CD174, FT3B, FucT-III, LE, Les..." fgcolor="#000000" bgcolor="#BFFFBF"
             type="rectangle" x="481" y="946" width="46" height="17"/>
    </entry>
    <entry id="48" name="hsa:2525 hsa:2527 hsa:2528" type="gene" reaction="rn:R06230"
        link="https://www.kegg.jp/dbget-bin/www_bget?hsa:2525+hsa:2527+hsa:2528">
        <graphics name="FUT3, CD174, FT3B, FucT-III, LE, Les..." fgcolor="#000000" bgcolor="#BFFFBF"
             type="rectangle" x="873" y="569" width="46" height="17"/>
    </entry>
    <entry id="49" name="hsa:2525 hsa:2527 hsa:2528" type="gene" reaction="rn:R06227"
        link="https://www.kegg.jp/dbget-bin/www_bget?hsa:2525+hsa:2527+hsa:2528">
        <graphics name="FUT3, CD174, FT3B, FucT-III, LE, Les..." fgcolor="#000000" bgcolor="#BFFFBF"
             type="rectangle" x="941" y="875" width="46" height="17"/>
    </entry>
    <entry id="50" name="hsa:8702" type="gene" reaction="rn:R06033"
        link="https://www.kegg.jp/dbget-bin/www_bget?hsa:8702">
        <graphics name="B4GALT4, B4Gal-T4, beta4Gal-T4" fgcolor="#000000" bgcolor="#BFFFBF"
             type="rectangle" x="988" y="411" width="46" height="17"/>
    </entry>
    <entry id="51" name="hsa:8703" type="gene" reaction="rn:R06033"
        link="https://www.kegg.jp/dbget-bin/www_bget?hsa:8703">
        <graphics name="B4GALT3, beta4Gal-T3" fgcolor="#000000" bgcolor="#BFFFBF"
             type="rectangle" x="938" y="411" width="46" height="17"/>
    </entry>
    <entry id="52" name="hsa:8702" type="gene" reaction="rn:R05977"
        link="https://www.kegg.jp/dbget-bin/www_bget?hsa:8702">
        <graphics name="B4GALT4, B4Gal-T4, beta4Gal-T4" fgcolor="#000000" bgcolor="#BFFFBF"
             type="rectangle" x="661" y="203" width="46" height="17"/>
    </entry>
    <entry id="53" name="hsa:8703" type="gene" reaction="rn:R05977"
        link="https://www.kegg.jp/dbget-bin/www_bget?hsa:8703">
        <graphics name="B4GALT3, beta4Gal-T3" fgcolor="#000000" bgcolor="#BFFFBF"
             type="rectangle" x="613" y="203" width="46" height="17"/>
    </entry>
    <entry id="54" name="hsa:8704" type="gene" reaction="rn:R05977"
        link="https://www.kegg.jp/dbget-bin/www_bget?hsa:8704">
        <graphics name="B4GALT2, B4Gal-T2, B4Gal-T3, beta4Gal-T2" fgcolor="#000000" bgcolor="#BFFFBF"
             type="rectangle" x="661" y="182" width="46" height="17"/>
    </entry>
    <entry id="55" name="hsa:2526" type="gene" reaction="rn:R06039"
        link="https://www.kegg.jp/dbget-bin/www_bget?hsa:2526">
        <graphics name="FUT4, CD15, ELFT, FCT3A, FUC-TIV, FUTIV, LeX, SSEA-1" fgcolor="#000000" bgcolor="#BFFFBF"
             type="rectangle" x="507" y="823" width="46" height="17"/>
    </entry>
    <entry id="56" name="hsa:2526" type="gene" reaction="rn:R06038"
        link="https://www.kegg.jp/dbget-bin/www_bget?hsa:2526">
        <graphics name="FUT4, CD15, ELFT, FCT3A, FUC-TIV, FUTIV, LeX, SSEA-1" fgcolor="#000000" bgcolor="#BFFFBF"
             type="rectangle" x="701" y="823" width="46" height="17"/>
    </entry>
    <entry id="57" name="hsa:2526" type="gene" reaction="rn:R06076"
        link="https://www.kegg.jp/dbget-bin/www_bget?hsa:2526">
        <graphics name="FUT4, CD15, ELFT, FCT3A, FUC-TIV, FUTIV, LeX, SSEA-1" fgcolor="#000000" bgcolor="#BFFFBF"
             type="rectangle" x="967" y="823" width="46" height="17"/>
    </entry>
    <entry id="58" name="hsa:2526" type="gene" reaction="rn:R06095"
        link="https://www.kegg.jp/dbget-bin/www_bget?hsa:2526">
        <graphics name="FUT4, CD15, ELFT, FCT3A, FUC-TIV, FUTIV, LeX, SSEA-1" fgcolor="#000000" bgcolor="#BFFFBF"
             type="rectangle" x="701" y="466" width="46" height="17"/>
    </entry>
    <entry id="59" name="hsa:2526 hsa:2529" type="gene" reaction="rn:R06075"
        link="https://www.kegg.jp/dbget-bin/www_bget?hsa:2526+hsa:2529">
        <graphics name="FUT4, CD15, ELFT, FCT3A, FUC-TIV, FUTIV, LeX, SSEA-1..." fgcolor="#000000" bgcolor="#BFFFBF"
             type="rectangle" x="900" y="203" width="46" height="17"/>
    </entry>
    <entry id="60" name="hsa:2526" type="gene" reaction="rn:R06025"
        link="https://www.kegg.jp/dbget-bin/www_bget?hsa:2526">
        <graphics name="FUT4, CD15, ELFT, FCT3A, FUC-TIV, FUTIV, LeX, SSEA-1" fgcolor="#000000" bgcolor="#BFFFBF"
             type="rectangle" x="638" y="346" width="46" height="17"/>
    </entry>
    <entry id="61" name="hsa:2525 hsa:2527 hsa:2528" type="gene" reaction="rn:R06038"
        link="https://www.kegg.jp/dbget-bin/www_bget?hsa:2525+hsa:2527+hsa:2528">
        <graphics name="FUT3, CD174, FT3B, FucT-III, LE, Les..." fgcolor="#000000" bgcolor="#BFFFBF"
             type="rectangle" x="675" y="804" width="46" height="17"/>
    </entry>
    <entry id="62" name="hsa:2525 hsa:2527 hsa:2528" type="gene" reaction="rn:R06039"
        link="https://www.kegg.jp/dbget-bin/www_bget?hsa:2525+hsa:2527+hsa:2528">
        <graphics name="FUT3, CD174, FT3B, FucT-III, LE, Les..." fgcolor="#000000" bgcolor="#BFFFBF"
             type="rectangle" x="481" y="804" width="46" height="17"/>
    </entry>
    <entry id="63" name="hsa:2525 hsa:2527 hsa:2528" type="gene" reaction="rn:R06076"
        link="https://www.kegg.jp/dbget-bin/www_bget?hsa:2525+hsa:2527+hsa:2528">
        <graphics name="FUT3, CD174, FT3B, FucT-III, LE, Les..." fgcolor="#000000" bgcolor="#BFFFBF"
             type="rectangle" x="941" y="804" width="46" height="17"/>
    </entry>
    <entry id="64" name="hsa:2525 hsa:2527 hsa:2528" type="gene" reaction="rn:R06095"
        link="https://www.kegg.jp/dbget-bin/www_bget?hsa:2525+hsa:2527+hsa:2528">
        <graphics name="FUT3, CD174, FT3B, FucT-III, LE, Les..." fgcolor="#000000" bgcolor="#BFFFBF"
             type="rectangle" x="675" y="446" width="46" height="17"/>
    </entry>
    <entry id="65" name="hsa:2525 hsa:2527 hsa:2528" type="gene" reaction="rn:R06025"
        link="https://www.kegg.jp/dbget-bin/www_bget?hsa:2525+hsa:2527+hsa:2528">
        <graphics name="FUT3, CD174, FT3B, FucT-III, LE, Les..." fgcolor="#000000" bgcolor="#BFFFBF"
             type="rectangle" x="613" y="325" width="46" height="17"/>
    </entry>
    <entry id="66" name="gl:G00078" type="compound"
        link="https://www.kegg.jp/dbget-bin/www_bget?G00078">
        <graphics name="G00078" fgcolor="#000000" bgcolor="#FFFFFF"
             type="circle" x="1120" y="711" width="8" height="8"/>
    </entry>
    <entry id="67" name="gl:G00057" type="compound"
        link="https://www.kegg.jp/dbget-bin/www_bget?G00057">
        <graphics name="G00057" fgcolor="#000000" bgcolor="#FFFFFF"
             type="circle" x="569" y="502" width="8" height="8"/>
    </entry>
    <entry id="68" name="gl:G00090" type="compound"
        link="https://www.kegg.jp/dbget-bin/www_bget?G00090">
        <graphics name="G00090" fgcolor="#000000" bgcolor="#FFFFFF"
             type="circle" x="700" y="923" width="8" height="8"/>
    </entry>
    <entry id="69" name="gl:G00091" type="compound"
        link="https://www.kegg.jp/dbget-bin/www_bget?G00091">
        <graphics name="G00091" fgcolor="#000000" bgcolor="#FFFFFF"
             type="circle" x="623" y="852" width="8" height="8"/>
    </entry>
    <entry id="70" name="gl:G00089" type="compound"
        link="https://www.kegg.jp/dbget-bin/www_bget?G00089">
        <graphics name="G00089" fgcolor="#000000" bgcolor="#FFFFFF"
             type="circle" x="700" y="852" width="8" height="8"/>
    </entry>
    <entry id="71" name="gl:G00088" type="compound"
        link="https://www.kegg.jp/dbget-bin/www_bget?G00088">
        <graphics name="G00088" fgcolor="#000000" bgcolor="#FFFFFF"
             type="circle" x="1077" y="531" width="8" height="8"/>
    </entry>
    <entry id="72" name="gl:G00087" type="compound"
        link="https://www.kegg.jp/dbget-bin/www_bget?G00087">
        <graphics name="G00087" fgcolor="#000000" bgcolor="#FFFFFF"
             type="circle" x="1077" y="579" width="8" height="8"/>
    </entry>
    <entry id="73" name="gl:G00086" type="compound"
        link="https://www.kegg.jp/dbget-bin/www_bget?G00086">
        <graphics name="G00086" fgcolor="#000000" bgcolor="#FFFFFF"
             type="circle" x="506" y="994" width="8" height="8"/>
    </entry>
    <entry id="74" name="gl:G00067" type="compound"
        link="https://www.kegg.jp/dbget-bin/www_bget?G00067">
        <graphics name="G00067" fgcolor="#000000" bgcolor="#FFFFFF"
             type="circle" x="966" y="639" width="8" height="8"/>
    </entry>
    <entry id="75" name="gl:G00085" type="compound"
        link="https://www.kegg.jp/dbget-bin/www_bget?G00085">
        <graphics name="G00085" fgcolor="#000000" bgcolor="#FFFFFF"
             type="circle" x="506" y="923" width="8" height="8"/>
    </entry>
    <entry id="76" name="gl:G00084" type="compound"
        link="https://www.kegg.jp/dbget-bin/www_bget?G00084">
        <graphics name="G00084" fgcolor="#000000" bgcolor="#FFFFFF"
             type="circle" x="506" y="852" width="8" height="8"/>
    </entry>
    <entry id="77" name="gl:G00069" type="compound"
        link="https://www.kegg.jp/dbget-bin/www_bget?G00069">
        <graphics name="G00069" fgcolor="#000000" bgcolor="#FFFFFF"
             type="circle" x="506" y="781" width="8" height="8"/>
    </entry>
    <entry id="78" name="gl:G00064" type="compound"
        link="https://www.kegg.jp/dbget-bin/www_bget?G00064">
        <graphics name="G00064" fgcolor="#000000" bgcolor="#FFFFFF"
             type="circle" x="832" y="118" width="8" height="8"/>
    </entry>
    <entry id="79" name="gl:G00062" type="compound"
        link="https://www.kegg.jp/dbget-bin/www_bget?G00062">
        <graphics name="G00062" fgcolor="#000000" bgcolor="#FFFFFF"
             type="circle" x="832" y="192" width="8" height="8"/>
    </entry>
    <entry id="80" name="gl:G00063" type="compound"
        link="https://www.kegg.jp/dbget-bin/www_bget?G00063">
        <graphics name="G00063" fgcolor="#000000" bgcolor="#FFFFFF"
             type="circle" x="963" y="192" width="8" height="8"/>
    </entry>
    <entry id="81" name="gl:G00066" type="compound"
        link="https://www.kegg.jp/dbget-bin/www_bget?G00066">
        <graphics name="G00066" fgcolor="#000000" bgcolor="#FFFFFF"
             type="circle" x="963" y="333" width="8" height="8"/>
    </entry>
    <entry id="82" name="gl:G00061" type="compound"
        link="https://www.kegg.jp/dbget-bin/www_bget?G00061">
        <graphics name="G00061" fgcolor="#000000" bgcolor="#FFFFFF"
             type="circle" x="832" y="236" width="8" height="8"/>
    </entry>
    <entry id="83" name="gl:G00060" type="compound"
        link="https://www.kegg.jp/dbget-bin/www_bget?G00060">
        <graphics name="G00060" fgcolor="#000000" bgcolor="#FFFFFF"
             type="circle" x="569" y="335" width="8" height="8"/>
    </entry>
    <entry id="84" name="gl:G00083" type="compound"
        link="https://www.kegg.jp/dbget-bin/www_bget?G00083">
        <graphics name="G00083" fgcolor="#000000" bgcolor="#FFFFFF"
             type="circle" x="1077" y="781" width="8" height="8"/>
    </entry>
    <entry id="85" name="gl:G00080" type="compound"
        link="https://www.kegg.jp/dbget-bin/www_bget?G00080">
        <graphics name="G00080" fgcolor="#000000" bgcolor="#FFFFFF"
             type="circle" x="1195" y="781" width="8" height="8"/>
    </entry>
    <entry id="86" name="gl:G00075" type="compound"
        link="https://www.kegg.jp/dbget-bin/www_bget?G00075">
        <graphics name="G00075" fgcolor="#000000" bgcolor="#FFFFFF"
             type="circle" x="756" y="923" width="8" height="8"/>
    </entry>
    <entry id="87" name="gl:G00074" type="compound"
        link="https://www.kegg.jp/dbget-bin/www_bget?G00074">
        <graphics name="G00074" fgcolor="#000000" bgcolor="#FFFFFF"
             type="circle" x="832" y="923" width="8" height="8"/>
    </entry>
    <entry id="88" name="gl:G00073" type="compound"
        link="https://www.kegg.jp/dbget-bin/www_bget?G00073">
        <graphics name="G00073" fgcolor="#000000" bgcolor="#FFFFFF"
             type="circle" x="832" y="852" width="8" height="8"/>
    </entry>
    <entry id="89" name="gl:G00072" type="compound"
        link="https://www.kegg.jp/dbget-bin/www_bget?G00072">
        <graphics name="G00072" fgcolor="#000000" bgcolor="#FFFFFF"
             type="circle" x="832" y="781" width="8" height="8"/>
    </entry>
    <entry id="90" name="gl:G00071" type="compound"
        link="https://www.kegg.jp/dbget-bin/www_bget?G00071">
        <graphics name="G00071" fgcolor="#000000" bgcolor="#FFFFFF"
             type="circle" x="966" y="781" width="8" height="8"/>
    </entry>
    <entry id="91" name="gl:G00082" type="compound"
        link="https://www.kegg.jp/dbget-bin/www_bget?G00082">
        <graphics name="G00082" fgcolor="#000000" bgcolor="#FFFFFF"
             type="circle" x="966" y="923" width="8" height="8"/>
    </entry>
    <entry id="92" name="gl:G00081" type="compound"
        link="https://www.kegg.jp/dbget-bin/www_bget?G00081">
        <graphics name="G00081" fgcolor="#000000" bgcolor="#FFFFFF"
             type="circle" x="966" y="852" width="8" height="8"/>
    </entry>
    <entry id="93" name="gl:G00079" type="compound"
        link="https://www.kegg.jp/dbget-bin/www_bget?G00079">
        <graphics name="G00079" fgcolor="#000000" bgcolor="#FFFFFF"
             type="circle" x="1120" y="781" width="8" height="8"/>
    </entry>
    <entry id="94" name="gl:G00092" type="compound"
        link="https://www.kegg.jp/dbget-bin/www_bget?G00092">
        <graphics name="G00092" fgcolor="#000000" bgcolor="#FFFFFF"
             type="circle" x="506" y="121" width="8" height="8"/>
    </entry>
    <entry id="95" name="gl:G00077" type="compound"
        link="https://www.kegg.jp/dbget-bin/www_bget?G00077">
        <graphics name="G00077" fgcolor="#000000" bgcolor="#FFFFFF"
             type="circle" x="1120" y="639" width="8" height="8"/>
    </entry>
    <entry id="96" name="gl:G00068" type="compound"
        link="https://www.kegg.jp/dbget-bin/www_bget?G00068">
        <graphics name="G00068" fgcolor="#000000" bgcolor="#FFFFFF"
             type="circle" x="506" y="639" width="8" height="8"/>
    </entry>
    <entry id="97" name="gl:G00076" type="compound"
        link="https://www.kegg.jp/dbget-bin/www_bget?G00076">
        <graphics name="G00076" fgcolor="#000000" bgcolor="#FFFFFF"
             type="circle" x="832" y="579" width="8" height="8"/>
    </entry>
    <entry id="98" name="gl:G00056" type="compound"
        link="https://www.kegg.jp/dbget-bin/www_bget?G00056">
        <graphics name="G00056" fgcolor="#000000" bgcolor="#FFFFFF"
             type="circle" x="700" y="502" width="8" height="8"/>
    </entry>
    <entry id="99" name="gl:G00055" type="compound"
        link="https://www.kegg.jp/dbget-bin/www_bget?G00055">
        <graphics name="G00055" fgcolor="#000000" bgcolor="#FFFFFF"
             type="circle" x="700" y="411" width="8" height="8"/>
    </entry>
    <entry id="100" name="gl:G00052" type="compound"
        link="https://www.kegg.jp/dbget-bin/www_bget?G00052">
        <graphics name="G00052" fgcolor="#000000" bgcolor="#FFFFFF"
             type="circle" x="832" y="411" width="8" height="8"/>
    </entry>
    <entry id="101" name="gl:G00051" type="compound"
        link="https://www.kegg.jp/dbget-bin/www_bget?G00051">
        <graphics name="G00051" fgcolor="#000000" bgcolor="#FFFFFF"
             type="circle" x="832" y="340" width="8" height="8"/>
    </entry>
    <entry id="102" name="gl:G00050" type="compound"
        link="https://www.kegg.jp/dbget-bin/www_bget?G00050">
        <graphics name="G00050" fgcolor="#000000" bgcolor="#FFFFFF"
             type="circle" x="700" y="335" width="8" height="8"/>
    </entry>
    <entry id="103" name="gl:G00036" type="compound"
        link="https://www.kegg.jp/dbget-bin/www_bget?G00036">
        <graphics name="G00036" fgcolor="#000000" bgcolor="#FFFFFF"
             type="circle" x="506" y="192" width="8" height="8"/>
    </entry>
    <entry id="104" name="gl:G00054" type="compound"
        link="https://www.kegg.jp/dbget-bin/www_bget?G00054">
        <graphics name="G00054" fgcolor="#000000" bgcolor="#FFFFFF"
             type="circle" x="569" y="411" width="8" height="8"/>
    </entry>
    <entry id="105" name="gl:G00059" type="compound"
        link="https://www.kegg.jp/dbget-bin/www_bget?G00059">
        <graphics name="G00059" fgcolor="#000000" bgcolor="#FFFFFF"
             type="circle" x="493" y="579" width="8" height="8"/>
    </entry>
    <entry id="106" name="gl:G00058" type="compound"
        link="https://www.kegg.jp/dbget-bin/www_bget?G00058">
        <graphics name="G00058" fgcolor="#000000" bgcolor="#FFFFFF"
             type="circle" x="569" y="579" width="8" height="8"/>
    </entry>
    <entry id="107" name="hsa:10690" type="gene" reaction="rn:R06221"
        link="https://www.kegg.jp/dbget-bin/www_bget?hsa:10690">
        <graphics name="FUT9, Fuc-TIX" fgcolor="#000000" bgcolor="#BFFFBF"
             type="rectangle" x="725" y="875" width="46" height="17"/>
    </entry>
    <entry id="108" name="hsa:28" type="gene"
        link="https://www.kegg.jp/dbget-bin/www_bget?hsa:28">
        <graphics name="ABO, A3GALNT, A3GALT1, GTB, NAGAT" fgcolor="#000000" bgcolor="#BFFFBF"
             type="rectangle" x="1151" y="781" width="46" height="17"/>
    </entry>
    <entry id="109" name="hsa:28" type="gene" reaction="rn:R06191"
        link="https://www.kegg.jp/dbget-bin/www_bget?hsa:28">
        <graphics name="ABO, A3GALNT, A3GALT1, GTB, NAGAT" fgcolor="#000000" bgcolor="#BFFFBF"
             type="rectangle" x="800" y="922" width="46" height="17"/>
    </entry>
    <entry id="110" name="hsa:2523 hsa:2524" type="gene" reaction="rn:R06085 rn:R06086 rn:R06089 rn:R06090"
        link="https://www.kegg.jp/dbget-bin/www_bget?hsa:2523+hsa:2524">
        <graphics name="FUT1, H, HH, HSC..." fgcolor="#000000" bgcolor="#BFFFBF"
             type="rectangle" x="1120" y="744" width="46" height="17"/>
    </entry>
    <entry id="112" name="hsa:10690" type="gene" reaction="rn:R06038"
        link="https://www.kegg.jp/dbget-bin/www_bget?hsa:10690">
        <graphics name="FUT9, Fuc-TIX" fgcolor="#000000" bgcolor="#BFFFBF"
             type="rectangle" x="725" y="804" width="46" height="17"/>
    </entry>
    <entry id="113" name="hsa:2526" type="gene" reaction="rn:R06222"
        link="https://www.kegg.jp/dbget-bin/www_bget?hsa:2526">
        <graphics name="FUT4, CD15, ELFT, FCT3A, FUC-TIV, FUTIV, LeX, SSEA-1" fgcolor="#000000" bgcolor="#BFFFBF"
             type="rectangle" x="507" y="894" width="46" height="17"/>
    </entry>
    <entry id="114" name="hsa:10690" type="gene" reaction="rn:R06039"
        link="https://www.kegg.jp/dbget-bin/www_bget?hsa:10690">
        <graphics name="FUT9, Fuc-TIX" fgcolor="#000000" bgcolor="#BFFFBF"
             type="rectangle" x="531" y="804" width="46" height="17"/>
    </entry>
    <entry id="115" name="hsa:2526" type="gene" reaction="rn:R06230"
        link="https://www.kegg.jp/dbget-bin/www_bget?hsa:2526">
        <graphics name="FUT4, CD15, ELFT, FCT3A, FUC-TIV, FUTIV, LeX, SSEA-1" fgcolor="#000000" bgcolor="#BFFFBF"
             type="rectangle" x="900" y="590" width="46" height="17"/>
    </entry>
    <entry id="116" name="hsa:10402" type="gene" reaction="rn:R06037"
        link="https://www.kegg.jp/dbget-bin/www_bget?hsa:10402">
        <graphics name="ST3GAL6, SIAT10, ST3GALVI" fgcolor="#000000" bgcolor="#BFFFBF"
             type="rectangle" x="1022" y="532" width="46" height="17"/>
    </entry>
    <entry id="119" name="hsa:2526" type="gene" reaction="rn:R06224"
        link="https://www.kegg.jp/dbget-bin/www_bget?hsa:2526">
        <graphics name="FUT4, CD15, ELFT, FCT3A, FUC-TIV, FUTIV, LeX, SSEA-1" fgcolor="#000000" bgcolor="#BFFFBF"
             type="rectangle" x="507" y="965" width="46" height="17"/>
    </entry>
    <entry id="120" name="hsa:2526" type="gene" reaction="rn:R06227"
        link="https://www.kegg.jp/dbget-bin/www_bget?hsa:2526">
        <graphics name="FUT4, CD15, ELFT, FCT3A, FUC-TIV, FUTIV, LeX, SSEA-1" fgcolor="#000000" bgcolor="#BFFFBF"
             type="rectangle" x="967" y="894" width="46" height="17"/>
    </entry>
    <entry id="121" name="hsa:28" type="gene" reaction="rn:R06193"
        link="https://www.kegg.jp/dbget-bin/www_bget?hsa:28">
        <graphics name="ABO, A3GALNT, A3GALT1, GTB, NAGAT" fgcolor="#000000" bgcolor="#BFFFBF"
             type="rectangle" x="900" y="781" width="46" height="17"/>
    </entry>
    <entry id="122" name="hsa:2523 hsa:2524" type="gene" reaction="rn:R06041"
        link="https://www.kegg.jp/dbget-bin/www_bget?hsa:2523+hsa:2524">
        <graphics name="FUT1, H, HH, HSC..." fgcolor="#000000" bgcolor="#BFFFBF"
             type="rectangle" x="832" y="883" width="46" height="17"/>
    </entry>
    <entry id="123" name="hsa:10331 hsa:10678" type="gene" reaction="rn:R05974"
        link="https://www.kegg.jp/dbget-bin/www_bget?hsa:10331+hsa:10678">
        <graphics name="B3GNT3, B3GAL-T8, B3GN-T3, B3GNT-3, HP10328, TMEM3, beta3Gn-T3..." fgcolor="#000000" bgcolor="#BFFFBF"
             type="rectangle" x="638" y="640" width="46" height="17"/>
    </entry>
    <entry id="126" name="hsa:28" type="gene" reaction="rn:R06190"
        link="https://www.kegg.jp/dbget-bin/www_bget?hsa:28">
        <graphics name="ABO, A3GALNT, A3GALT1, GTB, NAGAT" fgcolor="#000000" bgcolor="#BFFFBF"
             type="rectangle" x="1022" y="781" width="46" height="17"/>
    </entry>
    <entry id="127" name="hsa:2651" type="gene" reaction="rn:R06189"
        link="https://www.kegg.jp/dbget-bin/www_bget?hsa:2651">
        <graphics name="GCNT2, CCAT, CTRCT13, GCNT2C, GCNT5, IGNT, II, NACGT1, NAGCT1, ULG3, bA360O19.2, bA421M1.1" fgcolor="#000000" bgcolor="#BFFFBF"
             type="rectangle" x="1022" y="639" width="46" height="17"/>
    </entry>
    <entry id="128" name="hsa:10690" type="gene" reaction="rn:R06076"
        link="https://www.kegg.jp/dbget-bin/www_bget?hsa:10690">
        <graphics name="FUT9, Fuc-TIX" fgcolor="#000000" bgcolor="#BFFFBF"
             type="rectangle" x="991" y="804" width="46" height="17"/>
    </entry>
    <entry id="130" name="hsa:6489" type="gene" reaction="rn:R06032"
        link="https://www.kegg.jp/dbget-bin/www_bget?hsa:6489">
        <graphics name="ST8SIA1, GD3S, SIAT8, SIAT8-A, SIAT8A, ST8SiaI" fgcolor="#000000" bgcolor="#BFFFBF"
             type="rectangle" x="831" y="157" width="46" height="17"/>
    </entry>
    <entry id="131" name="hsa:2525 hsa:2527 hsa:2528" type="gene" reaction="rn:R06075"
        link="https://www.kegg.jp/dbget-bin/www_bget?hsa:2525+hsa:2527+hsa:2528">
        <graphics name="FUT3, CD174, FT3B, FucT-III, LE, Les..." fgcolor="#000000" bgcolor="#BFFFBF"
             type="rectangle" x="900" y="182" width="46" height="17"/>
    </entry>
    <entry id="133" name="hsa:10402" type="gene" reaction="rn:R06026"
        link="https://www.kegg.jp/dbget-bin/www_bget?hsa:10402">
        <graphics name="ST3GAL6, SIAT10, ST3GALVI" fgcolor="#000000" bgcolor="#BFFFBF"
             type="rectangle" x="761" y="193" width="46" height="17"/>
    </entry>
    <entry id="134" name="hsa:10690" type="gene" reaction="rn:R06025"
        link="https://www.kegg.jp/dbget-bin/www_bget?hsa:10690">
        <graphics name="FUT9, Fuc-TIX" fgcolor="#000000" bgcolor="#BFFFBF"
             type="rectangle" x="661" y="325" width="46" height="17"/>
    </entry>
    <entry id="135" name="hsa:10331 hsa:10678 hsa:79369" type="gene" reaction="rn:R05975"
        link="https://www.kegg.jp/dbget-bin/www_bget?hsa:10331+hsa:10678+hsa:79369">
        <graphics name="B3GNT3, B3GAL-T8, B3GN-T3, B3GNT-3, HP10328, TMEM3, beta3Gn-T3..." fgcolor="#000000" bgcolor="#BFFFBF"
             type="rectangle" x="900" y="333" width="46" height="17"/>
    </entry>
    <entry id="136" name="hsa:2683" type="gene" reaction="rn:R06033"
        link="https://www.kegg.jp/dbget-bin/www_bget?hsa:2683">
        <graphics name="B4GALT1, B4GAL-T1, CDG2D, GGTB2, GT1, GTB, beta4Gal-T1" fgcolor="#000000" bgcolor="#BFFFBF"
             type="rectangle" x="962" y="392" width="46" height="17"/>
    </entry>
    <entry id="137" name="ko:K00743" type="ortholog" reaction="rn:R05978"
        link="https://www.kegg.jp/dbget-bin/www_bget?K00743">
        <graphics name="K00743" fgcolor="#000000" bgcolor="#FFFFFF"
             type="rectangle" x="761" y="345" width="46" height="17"/>
    </entry>
    <entry id="138" name="hsa:28" type="gene" reaction="rn:R06029"
        link="https://www.kegg.jp/dbget-bin/www_bget?hsa:28">
        <graphics name="ABO, A3GALNT, A3GALT1, GTB, NAGAT" fgcolor="#000000" bgcolor="#BFFFBF"
             type="rectangle" x="761" y="411" width="46" height="17"/>
    </entry>
    <entry id="139" name="hsa:2523 hsa:2524" type="gene" reaction="rn:R06024"
        link="https://www.kegg.jp/dbget-bin/www_bget?hsa:2523+hsa:2524">
        <graphics name="FUT1, H, HH, HSC..." fgcolor="#000000" bgcolor="#BFFFBF"
             type="rectangle" x="701" y="376" width="46" height="17"/>
    </entry>
    <entry id="140" name="hsa:2523 hsa:2524" type="gene" reaction="rn:R06027"
        link="https://www.kegg.jp/dbget-bin/www_bget?hsa:2523+hsa:2524">
        <graphics name="FUT1, H, HH, HSC..." fgcolor="#000000" bgcolor="#BFFFBF"
             type="rectangle" x="832" y="376" width="46" height="17"/>
    </entry>
    <entry id="141" name="hsa:84002" type="gene" reaction="rn:R05971"
        link="https://www.kegg.jp/dbget-bin/www_bget?hsa:84002">
        <graphics name="B3GNT5, B3GN-T5, beta3Gn-T5" fgcolor="#000000" bgcolor="#BFFFBF"
             type="rectangle" x="507" y="153" width="46" height="17"/>
    </entry>
    <entry id="142" name="hsa:10690" type="gene" reaction="rn:R06095"
        link="https://www.kegg.jp/dbget-bin/www_bget?hsa:10690">
        <graphics name="FUT9, Fuc-TIX" fgcolor="#000000" bgcolor="#BFFFBF"
             type="rectangle" x="725" y="446" width="46" height="17"/>
    </entry>
    <entry id="143" name="hsa:28" type="gene" reaction="rn:R06187"
        link="https://www.kegg.jp/dbget-bin/www_bget?hsa:28">
        <graphics name="ABO, A3GALNT, A3GALT1, GTB, NAGAT" fgcolor="#000000" bgcolor="#BFFFBF"
             type="rectangle" x="638" y="411" width="46" height="17"/>
    </entry>
    <entry id="144" name="hsa:2523 hsa:2524" type="gene" reaction="rn:R06035"
        link="https://www.kegg.jp/dbget-bin/www_bget?hsa:2523+hsa:2524">
        <graphics name="FUT1, H, HH, HSC..." fgcolor="#000000" bgcolor="#BFFFBF"
             type="rectangle" x="967" y="744" width="46" height="17"/>
    </entry>
    <entry id="145" name="hsa:28" type="gene" reaction="rn:R06197"
        link="https://www.kegg.jp/dbget-bin/www_bget?hsa:28">
        <graphics name="ABO, A3GALNT, A3GALT1, GTB, NAGAT" fgcolor="#000000" bgcolor="#BFFFBF"
             type="rectangle" x="536" y="579" width="46" height="17"/>
    </entry>
    <entry id="146" name="hsa:2683" type="gene" reaction="rn:R05977"
        link="https://www.kegg.jp/dbget-bin/www_bget?hsa:2683">
        <graphics name="B4GALT1, B4GAL-T1, CDG2D, GGTB2, GT1, GTB, beta4Gal-T1" fgcolor="#000000" bgcolor="#BFFFBF"
             type="rectangle" x="613" y="182" width="46" height="17"/>
    </entry>
    <entry id="147" name="hsa:2523 hsa:2524" type="gene" reaction="rn:R06031"
        link="https://www.kegg.jp/dbget-bin/www_bget?hsa:2523+hsa:2524">
        <graphics name="FUT1, H, HH, HSC..." fgcolor="#000000" bgcolor="#BFFFBF"
             type="rectangle" x="570" y="532" width="46" height="17"/>
    </entry>
    <entry id="148" name="path:hsa00600" type="map"
        link="https://www.kegg.jp/dbget-bin/www_bget?hsa00600">
        <graphics name="Sphingolipid metabolism" fgcolor="#000000" bgcolor="#FFFFFF"
             type="roundrectangle" x="384" y="120" width="80" height="34"/>
    </entry>
    <entry id="149" name="path:hsa00601" type="map"
        link="https://www.kegg.jp/dbget-bin/www_bget?hsa00601">
        <graphics name="TITLE:Glycosphingolipid biosynthesis - lacto and neolacto series" fgcolor="#000000" bgcolor="#FFFFFF"
             type="roundrectangle" x="291" y="58" width="501" height="25"/>
    </entry>
    <entry id="155" name="gl:G00037" type="compound"
        link="https://www.kegg.jp/dbget-bin/www_bget?G00037">
        <graphics name="G00037" fgcolor="#000000" bgcolor="#FFFFFF"
             type="circle" x="317" y="335" width="8" height="8"/>
    </entry>
    <entry id="156" name="hsa:8708" type="gene" reaction="rn:R06006"
        link="https://www.kegg.jp/dbget-bin/www_bget?hsa:8708">
        <graphics name="B3GALT1, beta3Gal-T1" fgcolor="#000000" bgcolor="#BFFFBF"
             type="rectangle" x="360" y="182" width="46" height="17"/>
    </entry>
    <entry id="157" name="hsa:8707" type="gene" reaction="rn:R06006"
        link="https://www.kegg.jp/dbget-bin/www_bget?hsa:8707">
        <graphics name="B3GALT2, BETA3GALT2, GLCT2, beta3Gal-T2" fgcolor="#000000" bgcolor="#BFFFBF"
             type="rectangle" x="408" y="182" width="46" height="17"/>
    </entry>
    <entry id="158" name="hsa:10317" type="gene" reaction="rn:R06006"
        link="https://www.kegg.jp/dbget-bin/www_bget?hsa:10317">
        <graphics name="B3GALT5, B3GalT-V, B3GalTx, B3T5, GLCT5, beta-1,3-GalTase_5, beta-3-Gx-T5, beta3Gal-T5" fgcolor="#000000" bgcolor="#BFFFBF"
             type="rectangle" x="385" y="203" width="46" height="17"/>
    </entry>
    <entry id="160" name="hsa:2523 hsa:2524" type="gene" reaction="rn:R06156"
        link="https://www.kegg.jp/dbget-bin/www_bget?hsa:2523+hsa:2524">
        <graphics name="FUT1, H, HH, HSC..." fgcolor="#000000" bgcolor="#BFFFBF"
             type="rectangle" x="318" y="376" width="46" height="17"/>
    </entry>
    <entry id="163" name="gl:G00038" type="compound"
        link="https://www.kegg.jp/dbget-bin/www_bget?G00038">
        <graphics name="G00038" fgcolor="#000000" bgcolor="#FFFFFF"
             type="circle" x="448" y="335" width="8" height="8"/>
    </entry>
    <entry id="165" name="hsa:2523 hsa:2524" type="gene" reaction="rn:R06170"
        link="https://www.kegg.jp/dbget-bin/www_bget?hsa:2523+hsa:2524">
        <graphics name="FUT1, H, HH, HSC..." fgcolor="#000000" bgcolor="#BFFFBF"
             type="rectangle" x="448" y="376" width="46" height="17"/>
    </entry>
    <entry id="166" name="ko:K00743" type="ortholog" reaction="rn:R06169"
        link="https://www.kegg.jp/dbget-bin/www_bget?K00743">
        <graphics name="K00743" fgcolor="#000000" bgcolor="#FFFFFF"
             type="rectangle" x="385" y="334" width="46" height="17"/>
    </entry>
    <entry id="167" name="hsa:28" type="gene" reaction="rn:R06168"
        link="https://www.kegg.jp/dbget-bin/www_bget?hsa:28">
        <graphics name="ABO, A3GALNT, A3GALT1, GTB, NAGAT" fgcolor="#000000" bgcolor="#BFFFBF"
             type="rectangle" x="385" y="411" width="46" height="17"/>
    </entry>
    <entry id="168" name="gl:G00039" type="compound"
        link="https://www.kegg.jp/dbget-bin/www_bget?G00039">
        <graphics name="G00039" fgcolor="#000000" bgcolor="#FFFFFF"
             type="circle" x="448" y="411" width="8" height="8"/>
    </entry>
    <entry id="169" name="gl:G00044" type="compound"
        link="https://www.kegg.jp/dbget-bin/www_bget?G00044">
        <graphics name="G00044" fgcolor="#000000" bgcolor="#FFFFFF"
             type="circle" x="317" y="411" width="8" height="8"/>
    </entry>
    <entry id="172" name="hsa:2525" type="gene" reaction="rn:R06163"
        link="https://www.kegg.jp/dbget-bin/www_bget?hsa:2525">
        <graphics name="FUT3, CD174, FT3B, FucT-III, LE, Les" fgcolor="#000000" bgcolor="#BFFFBF"
             type="rectangle" x="318" y="454" width="46" height="17"/>
    </entry>
    <entry id="173" name="hsa:2525" type="gene" reaction="rn:R06164"
        link="https://www.kegg.jp/dbget-bin/www_bget?hsa:2525">
        <graphics name="FUT3, CD174, FT3B, FucT-III, LE, Les" fgcolor="#000000" bgcolor="#BFFFBF"
             type="rectangle" x="448" y="454" width="46" height="17"/>
    </entry>
    <entry id="174" name="gl:G00040" type="compound"
        link="https://www.kegg.jp/dbget-bin/www_bget?G00040">
        <graphics name="G00040" fgcolor="#000000" bgcolor="#FFFFFF"
             type="circle" x="448" y="502" width="8" height="8"/>
    </entry>
    <entry id="175" name="gl:G00045" type="compound"
        link="https://www.kegg.jp/dbget-bin/www_bget?G00045">
        <graphics name="G00045" fgcolor="#000000" bgcolor="#FFFFFF"
             type="circle" x="317" y="502" width="8" height="8"/>
    </entry>
    <entry id="177" name="hsa:28" type="gene" reaction="rn:R06167"
        link="https://www.kegg.jp/dbget-bin/www_bget?hsa:28">
        <graphics name="ABO, A3GALNT, A3GALT1, GTB, NAGAT" fgcolor="#000000" bgcolor="#BFFFBF"
             type="rectangle" x="250" y="411" width="46" height="17"/>
    </entry>
    <entry id="178" name="gl:G00042" type="compound"
        link="https://www.kegg.jp/dbget-bin/www_bget?G00042">
        <graphics name="G00042" fgcolor="#000000" bgcolor="#FFFFFF"
             type="circle" x="185" y="411" width="8" height="8"/>
    </entry>
    <entry id="180" name="gl:G00043" type="compound"
        link="https://www.kegg.jp/dbget-bin/www_bget?G00043">
        <graphics name="G00043" fgcolor="#000000" bgcolor="#FFFFFF"
             type="circle" x="185" y="502" width="8" height="8"/>
    </entry>
    <entry id="181" name="hsa:2525" type="gene" reaction="rn:R06162"
        link="https://www.kegg.jp/dbget-bin/www_bget?hsa:2525">
        <graphics name="FUT3, CD174, FT3B, FucT-III, LE, Les" fgcolor="#000000" bgcolor="#BFFFBF"
             type="rectangle" x="185" y="454" width="46" height="17"/>
    </entry>
    <entry id="183" name="hsa:2525" type="gene" reaction="rn:R06155"
        link="https://www.kegg.jp/dbget-bin/www_bget?hsa:2525">
        <graphics name="FUT3, CD174, FT3B, FucT-III, LE, Les" fgcolor="#000000" bgcolor="#BFFFBF"
             type="rectangle" x="250" y="333" width="46" height="17"/>
    </entry>
    <entry id="184" name="gl:G00046" type="compound"
        link="https://www.kegg.jp/dbget-bin/www_bget?G00046">
        <graphics name="G00046" fgcolor="#000000" bgcolor="#FFFFFF"
             type="circle" x="185" y="335" width="8" height="8"/>
    </entry>
    <entry id="186" name="hsa:6487" type="gene" reaction="rn:R06153"
        link="https://www.kegg.jp/dbget-bin/www_bget?hsa:6487">
        <graphics name="ST3GAL3, DEE15, EIEE15, MRT12, SIAT6, ST3GALII, ST3Gal_III, ST3GalIII, ST3N" fgcolor="#000000" bgcolor="#BFFFBF"
             type="rectangle" x="385" y="247" width="46" height="17"/>
    </entry>
    <entry id="187" name="hsa:6484" type="gene" reaction="rn:R06153"
        link="https://www.kegg.jp/dbget-bin/www_bget?hsa:6484">
        <graphics name="ST3GAL4, CGS23, NANTA3, SAT3, SIAT4, SIAT4C, ST-4, ST3GalA.2, ST3GalIV, STZ, gal-NAc6S" fgcolor="#000000" bgcolor="#BFFFBF"
             type="rectangle" x="385" y="268" width="46" height="17"/>
    </entry>
    <entry id="188" name="gl:G00047" type="compound"
        link="https://www.kegg.jp/dbget-bin/www_bget?G00047">
        <graphics name="G00047" fgcolor="#000000" bgcolor="#FFFFFF"
             type="circle" x="448" y="257" width="8" height="8"/>
    </entry>
    <entry id="190" name="gl:G00048" type="compound"
        link="https://www.kegg.jp/dbget-bin/www_bget?G00048">
        <graphics name="G00048" fgcolor="#000000" bgcolor="#FFFFFF"
             type="circle" x="569" y="257" width="8" height="8"/>
    </entry>
    <entry id="191" name="hsa:2525" type="gene" reaction="rn:R06165"
        link="https://www.kegg.jp/dbget-bin/www_bget?hsa:2525">
        <graphics name="FUT3, CD174, FT3B, FucT-III, LE, Les" fgcolor="#000000" bgcolor="#BFFFBF"
             type="rectangle" x="507" y="258" width="46" height="17"/>
    </entry>
    <entry id="192" name="hsa:28" type="gene" reaction="rn:R06167"
        link="https://www.kegg.jp/dbget-bin/www_bget?hsa:28">
        <graphics name="ABO, A3GALNT, A3GALT1, GTB, NAGAT" fgcolor="#66CC66" bgcolor="#FFFFFF"
             type="line" coords="391,1118,431,1118"/>
    </entry>
    <entry id="193" name="hsa:6484 hsa:6487" type="gene" reaction="rn:R06153"
        link="https://www.kegg.jp/dbget-bin/www_bget?hsa:6484+hsa:6487">
        <graphics name="ST3GAL4, CGS23, NANTA3, SAT3, SIAT4, SIAT4C, ST-4, ST3GalA.2, ST3GalIV, STZ, gal-NAc6S..." fgcolor="#66CC66" bgcolor="#FFFFFF"
             type="line" coords="402,1074,432,1104"/>
    </entry>
    <entry id="194" name="hsa:28" type="gene" reaction="rn:R06169 rn:R06168"
        link="https://www.kegg.jp/dbget-bin/www_bget?hsa:28">
        <graphics name="ABO, A3GALNT, A3GALT1, GTB, NAGAT" fgcolor="#66CC66" bgcolor="#FFFFFF"
             type="line" coords="401,1160,431,1130"/>
    </entry>
    <entry id="195" name="hsa:2525" type="gene" reaction="rn:R06163"
        link="https://www.kegg.jp/dbget-bin/www_bget?hsa:2525">
        <graphics name="FUT3, CD174, FT3B, FucT-III, LE, Les" fgcolor="#66CC66" bgcolor="#FFFFFF"
             type="line" coords="449,1102,449,1072"/>
    </entry>
    <entry id="196" name="hsa:2523 hsa:2524" type="gene" reaction="rn:R06156 rn:R06170"
        link="https://www.kegg.jp/dbget-bin/www_bget?hsa:2523+hsa:2524">
        <graphics name="FUT1, H, HH, HSC..." fgcolor="#66CC66" bgcolor="#FFFFFF"
             type="line" coords="448,1133,448,1163"/>
    </entry>
    <entry id="197" name="hsa:10317 hsa:8707 hsa:8708" type="gene" reaction="rn:R06006"
        link="https://www.kegg.jp/dbget-bin/www_bget?hsa:10317+hsa:8707+hsa:8708">
        <graphics name="B3GALT5, B3GalT-V, B3GalTx, B3T5, GLCT5, beta-1,3-GalTase_5, beta-3-Gx-T5, beta3Gal-T5..." fgcolor="#66CC66" bgcolor="#FFFFFF"
             type="line" coords="471,1118,501,1118"/>
    </entry>
    <entry id="198" name="hsa:2525" type="gene" reaction="rn:R06165 rn:R06155 rn:R06164 rn:R06163 rn:R06162"
        link="https://www.kegg.jp/dbget-bin/www_bget?hsa:2525">
        <graphics name="FUT3, CD174, FT3B, FucT-III, LE, Les" fgcolor="#66CC66" bgcolor="#FFFFFF"
             type="line" coords="526,1102,526,1072"/>
    </entry>
    <entry id="199" name="hsa:84002" type="gene" reaction="rn:R05971"
        link="https://www.kegg.jp/dbget-bin/www_bget?hsa:84002">
        <graphics name="B3GNT5, B3GN-T5, beta3Gn-T5" fgcolor="#66CC66" bgcolor="#FFFFFF"
             type="line" coords="559,1118,589,1118"/>
    </entry>
    <entry id="202" name="hsa:28" type="gene" reaction="rn:R06187"
        link="https://www.kegg.jp/dbget-bin/www_bget?hsa:28">
        <graphics name="ABO, A3GALNT, A3GALT1, GTB, NAGAT" fgcolor="#66CC66" bgcolor="#FFFFFF"
             type="line" coords="620,1454,660,1454"/>
    </entry>
    <entry id="203" name="hsa:10331 hsa:10678 hsa:79369" type="gene" reaction="rn:R05975"
        link="https://www.kegg.jp/dbget-bin/www_bget?hsa:10331+hsa:10678+hsa:79369">
        <graphics name="B3GNT3, B3GAL-T8, B3GN-T3, B3GNT-3, HP10328, TMEM3, beta3Gn-T3..." fgcolor="#66CC66" bgcolor="#FFFFFF"
             type="line" coords="670,1358,670,1430"/>
    </entry>
    <entry id="204" name="hsa:10402" type="gene" reaction="rn:R06026"
        link="https://www.kegg.jp/dbget-bin/www_bget?hsa:10402">
        <graphics name="ST3GAL6, SIAT10, ST3GALVI" fgcolor="#66CC66" bgcolor="#FFFFFF"
             type="line" coords="622,1493,669,1459"/>
    </entry>
    <entry id="205" name="hsa:2651" type="gene" reaction="rn:R06189"
        link="https://www.kegg.jp/dbget-bin/www_bget?hsa:2651">
        <graphics name="GCNT2, CCAT, CTRCT13, GCNT2C, GCNT5, IGNT, II, NACGT1, NAGCT1, ULG3, bA360O19.2, bA421M1.1" fgcolor="#66CC66" bgcolor="#FFFFFF"
             type="line" coords="675,1430,675,1390"/>
    </entry>
    <entry id="206" name="hsa:2523 hsa:2524" type="gene" reaction="rn:R06024 rn:R06027"
        link="https://www.kegg.jp/dbget-bin/www_bget?hsa:2523+hsa:2524">
        <graphics name="FUT1, H, HH, HSC..." fgcolor="#66CC66" bgcolor="#FFFFFF"
             type="line" coords="683,1462,683,1502"/>
    </entry>
    <entry id="207" name="hsa:2683 hsa:8702 hsa:8703 hsa:8704" type="gene" reaction="rn:R05977"
        link="https://www.kegg.jp/dbget-bin/www_bget?hsa:2683+hsa:8702+hsa:8703+hsa:8704">
        <graphics name="B4GALT1, B4GAL-T1, CDG2D, GGTB2, GT1, GTB, beta4Gal-T1..." fgcolor="#66CC66" bgcolor="#FFFFFF"
             type="line" coords="696,1447,726,1447"/>
    </entry>
    <entry id="208" name="hsa:10690 hsa:2525 hsa:2526 hsa:2527 hsa:2528 hsa:2529" type="gene" reaction="rn:R06025 rn:R06075 rn:R06095 rn:R06230 rn:R06221 rn:R06224 rn:R06227"
        link="https://www.kegg.jp/dbget-bin/www_bget?hsa:10690+hsa:2525+hsa:2526+hsa:2527+hsa:2528+hsa:2529">
        <graphics name="FUT9, Fuc-TIX..." fgcolor="#66CC66" bgcolor="#FFFFFF"
             type="line" coords="757,1501,757,1461"/>
    </entry>
    <entry id="209" name="hsa:84002" type="gene" reaction="rn:R05971"
        link="https://www.kegg.jp/dbget-bin/www_bget?hsa:84002">
        <graphics name="B3GNT5, B3GN-T5, beta3Gn-T5" fgcolor="#66CC66" bgcolor="#FFFFFF"
             type="line" coords="784,1447,814,1447"/>
    </entry>
    <entry id="212" name="hsa:28" type="gene" reaction="rn:R05978 rn:R06029"
        link="https://www.kegg.jp/dbget-bin/www_bget?hsa:28">
        <graphics name="ABO, A3GALNT, A3GALT1, GTB, NAGAT" fgcolor="#66CC66" bgcolor="#FFFFFF"
             type="line" coords="675,1502,675,1462"/>
    </entry>
    <entry id="213" name="hsa:6489" type="gene" reaction="rn:R06032"
        link="https://www.kegg.jp/dbget-bin/www_bget?hsa:6489">
        <graphics name="ST8SIA1, GD3S, SIAT8, SIAT8-A, SIAT8A, ST8SiaI" fgcolor="#66CC66" bgcolor="#FFFFFF"
             type="line" coords="530,1496,560,1496"/>
    </entry>
    <entry id="215" name="hsa:2523 hsa:2524" type="gene" reaction="rn:R06031"
        link="https://www.kegg.jp/dbget-bin/www_bget?hsa:2523+hsa:2524">
        <graphics name="FUT1, H, HH, HSC..." fgcolor="#66CC66" bgcolor="#FFFFFF"
             type="line" coords="483,1477,500,1460"/>
    </entry>
    <entry id="216" name="hsa:28" type="gene" reaction="rn:R06197"
        link="https://www.kegg.jp/dbget-bin/www_bget?hsa:28">
        <graphics name="ABO, A3GALNT, A3GALT1, GTB, NAGAT" fgcolor="#66CC66" bgcolor="#FFFFFF"
             type="line" coords="484,1434,499,1449"/>
    </entry>
    <entry id="217" name="hsa:10690 hsa:2525 hsa:2526 hsa:2527 hsa:2528" type="gene" reaction="rn:R06038 rn:R06222 rn:R06076"
        link="https://www.kegg.jp/dbget-bin/www_bget?hsa:10690+hsa:2525+hsa:2526+hsa:2527+hsa:2528">
        <graphics name="FUT9, Fuc-TIX..." fgcolor="#66CC66" bgcolor="#FFFFFF"
             type="line" coords="599,1377,619,1357"/>
    </entry>
    <entry id="218" name="hsa:2683 hsa:8702 hsa:8703" type="gene" reaction="rn:R06033"
        link="https://www.kegg.jp/dbget-bin/www_bget?hsa:2683+hsa:8702+hsa:8703">
        <graphics name="B4GALT1, B4GAL-T1, CDG2D, GGTB2, GT1, GTB, beta4Gal-T1..." fgcolor="#66CC66" bgcolor="#FFFFFF"
             type="line" coords="584,1310,619,1340"/>
    </entry>
    <entry id="219" name="hsa:10402" type="gene" reaction="rn:R06037 rn:R06232"
        link="https://www.kegg.jp/dbget-bin/www_bget?hsa:10402">
        <graphics name="ST3GAL6, SIAT10, ST3GALVI" fgcolor="#66CC66" bgcolor="#FFFFFF"
             type="line" coords="568,1287,568,1257"/>
    </entry>
    <entry id="220" name="hsa:10331 hsa:10678" type="gene" reaction="rn:R05974"
        link="https://www.kegg.jp/dbget-bin/www_bget?hsa:10331+hsa:10678">
        <graphics name="B3GNT3, B3GAL-T8, B3GN-T3, B3GNT-3, HP10328, TMEM3, beta3Gn-T3..." fgcolor="#66CC66" bgcolor="#FFFFFF"
             type="line" coords="533,1272,553,1292"/>
    </entry>
    <entry id="221" name="hsa:10690 hsa:2525 hsa:2526 hsa:2527 hsa:2528" type="gene" reaction="rn:R06039"
        link="https://www.kegg.jp/dbget-bin/www_bget?hsa:10690+hsa:2525+hsa:2526+hsa:2527+hsa:2528">
        <graphics name="FUT9, Fuc-TIX..." fgcolor="#66CC66" bgcolor="#FFFFFF"
             type="line" coords="463,1286,478,1271"/>
    </entry>
    <entry id="224" name="hsa:28" type="gene" reaction="rn:R06193"
        link="https://www.kegg.jp/dbget-bin/www_bget?hsa:28">
        <graphics name="ABO, A3GALNT, A3GALT1, GTB, NAGAT" fgcolor="#66CC66" bgcolor="#FFFFFF"
             type="line" coords="532,1334,552,1314"/>
    </entry>
    <entry id="225" name="hsa:28" type="gene" reaction="rn:R06190"
        link="https://www.kegg.jp/dbget-bin/www_bget?hsa:28">
        <graphics name="ABO, A3GALNT, A3GALT1, GTB, NAGAT" fgcolor="#66CC66" bgcolor="#FFFFFF"
             type="line" coords="522,1304,552,1304"/>
    </entry>
    <entry id="226" name="hsa:2523 hsa:2524" type="gene" reaction="rn:R06035 rn:R06085 rn:R06090"
        link="https://www.kegg.jp/dbget-bin/www_bget?hsa:2523+hsa:2524">
        <graphics name="FUT1, H, HH, HSC..." fgcolor="#66CC66" bgcolor="#FFFFFF"
             type="line" coords="573,1348,573,1318"/>
    </entry>
    <entry id="228" name="hsa:2523 hsa:2524" type="gene" reaction="rn:R06041"
        link="https://www.kegg.jp/dbget-bin/www_bget?hsa:2523+hsa:2524">
        <graphics name="FUT1, H, HH, HSC..." fgcolor="#66CC66" bgcolor="#FFFFFF"
             type="line" coords="388,1362,403,1347"/>
    </entry>
    <entry id="229" name="hsa:28" type="gene" reaction="rn:R06191"
        link="https://www.kegg.jp/dbget-bin/www_bget?hsa:28">
        <graphics name="ABO, A3GALNT, A3GALT1, GTB, NAGAT" fgcolor="#66CC66" bgcolor="#FFFFFF"
             type="line" coords="389,1319,404,1334"/>
    </entry>
    <entry id="233" name="hsa:2523 hsa:2524" type="gene" reaction="rn:R06086 rn:R06089"
        link="https://www.kegg.jp/dbget-bin/www_bget?hsa:2523+hsa:2524">
        <graphics name="FUT1, H, HH, HSC..." fgcolor="#66CC66" bgcolor="#FFFFFF"
             type="line" coords="707,1304,707,1334"/>
    </entry>
    <entry id="235" name="gl:G00428" type="compound"
        link="https://www.kegg.jp/dbget-bin/www_bget?G00428">
        <graphics name="G00428" fgcolor="#000000" bgcolor="#FFFFFF"
             type="circle" x="832" y="270" width="8" height="8"/>
    </entry>
    <entry id="236" name="hsa:53947" type="gene" reaction="rn:R11375"
        link="https://www.kegg.jp/dbget-bin/www_bget?hsa:53947">
        <graphics name="A4GALT, A14GALT, A4GALT1, Gb3S, P(k), P1, P1PK, PK" fgcolor="#000000" bgcolor="#BFFFBF"
             type="rectangle" x="761" y="269" width="46" height="17"/>
    </entry>
    <entry id="237" name="gl:G00889" type="compound"
        link="https://www.kegg.jp/dbget-bin/www_bget?G00889">
        <graphics name="G00889" fgcolor="#000000" bgcolor="#FFFFFF"
             type="circle" x="832" y="301" width="8" height="8"/>
    </entry>
    <entry id="239" name="hsa:8706" type="gene" reaction="rn:R11378"
        link="https://www.kegg.jp/dbget-bin/www_bget?hsa:8706">
        <graphics name="B3GALNT1, B3GALANT1, B3GALT3, GLCT3, GLOB, Gb4Cer, P1, beta3Gal-T3, galT3" fgcolor="#000000" bgcolor="#BFFFBF"
             type="rectangle" x="761" y="303" width="46" height="17"/>
    </entry>
    <entry id="240" name="hsa:53947" type="gene" reaction="rn:R11375"
        link="https://www.kegg.jp/dbget-bin/www_bget?hsa:53947">
        <graphics name="A4GALT, A14GALT, A4GALT1, Gb3S, P(k), P1, P1PK, PK" fgcolor="#66CC66" bgcolor="#FFFFFF"
             type="line" coords="599,1445,660,1445"/>
    </entry>
    <entry id="241" name="hsa:8706" type="gene" reaction="rn:R11378"
        link="https://www.kegg.jp/dbget-bin/www_bget?hsa:8706">
        <graphics name="B3GALNT1, B3GALANT1, B3GALT3, GLCT3, GLOB, Gb4Cer, P1, beta3Gal-T3, galT3" fgcolor="#66CC66" bgcolor="#FFFFFF"
             type="line" coords="663,1403,663,1430"/>
    </entry>
    <relation entry1="141" entry2="146" type="ECrel">
        <subtype name="compound" value="103"/>
    </relation>
    <relation entry1="54" entry2="141" type="ECrel">
        <subtype name="compound" value="103"/>
    </relation>
    <relation entry1="53" entry2="141" type="ECrel">
        <subtype name="compound" value="103"/>
    </relation>
    <relation entry1="52" entry2="141" type="ECrel">
        <subtype name="compound" value="103"/>
    </relation>
    <relation entry1="65" entry2="146" type="ECrel">
        <subtype name="compound" value="102"/>
    </relation>
    <relation entry1="134" entry2="146" type="ECrel">
        <subtype name="compound" value="102"/>
    </relation>
    <relation entry1="60" entry2="146" type="ECrel">
        <subtype name="compound" value="102"/>
    </relation>
    <relation entry1="139" entry2="146" type="ECrel">
        <subtype name="compound" value="102"/>
    </relation>
    <relation entry1="135" entry2="146" type="ECrel">
        <subtype name="compound" value="102"/>
    </relation>
    <relation entry1="133" entry2="146" type="ECrel">
        <subtype name="compound" value="102"/>
    </relation>
    <relation entry1="54" entry2="65" type="ECrel">
        <subtype name="compound" value="102"/>
    </relation>
    <relation entry1="54" entry2="134" type="ECrel">
        <subtype name="compound" value="102"/>
    </relation>
    <relation entry1="54" entry2="60" type="ECrel">
        <subtype name="compound" value="102"/>
    </relation>
    <relation entry1="54" entry2="139" type="ECrel">
        <subtype name="compound" value="102"/>
    </relation>
    <relation entry1="54" entry2="135" type="ECrel">
        <subtype name="compound" value="102"/>
    </relation>
    <relation entry1="54" entry2="133" type="ECrel">
        <subtype name="compound" value="102"/>
    </relation>
    <relation entry1="53" entry2="65" type="ECrel">
        <subtype name="compound" value="102"/>
    </relation>
    <relation entry1="53" entry2="134" type="ECrel">
        <subtype name="compound" value="102"/>
    </relation>
    <relation entry1="53" entry2="60" type="ECrel">
        <subtype name="compound" value="102"/>
    </relation>
    <relation entry1="53" entry2="139" type="ECrel">
        <subtype name="compound" value="102"/>
    </relation>
    <relation entry1="53" entry2="135" type="ECrel">
        <subtype name="compound" value="102"/>
    </relation>
    <relation entry1="53" entry2="133" type="ECrel">
        <subtype name="compound" value="102"/>
    </relation>
    <relation entry1="52" entry2="65" type="ECrel">
        <subtype name="compound" value="102"/>
    </relation>
    <relation entry1="52" entry2="134" type="ECrel">
        <subtype name="compound" value="102"/>
    </relation>
    <relation entry1="52" entry2="60" type="ECrel">
        <subtype name="compound" value="102"/>
    </relation>
    <relation entry1="52" entry2="139" type="ECrel">
        <subtype name="compound" value="102"/>
    </relation>
    <relation entry1="52" entry2="135" type="ECrel">
        <subtype name="compound" value="102"/>
    </relation>
    <relation entry1="52" entry2="133" type="ECrel">
        <subtype name="compound" value="102"/>
    </relation>
    <relation entry1="65" entry2="139" type="ECrel">
        <subtype name="compound" value="102"/>
    </relation>
    <relation entry1="65" entry2="135" type="ECrel">
        <subtype name="compound" value="102"/>
    </relation>
    <relation entry1="65" entry2="133" type="ECrel">
        <subtype name="compound" value="102"/>
    </relation>
    <relation entry1="134" entry2="139" type="ECrel">
        <subtype name="compound" value="102"/>
    </relation>
    <relation entry1="134" entry2="135" type="ECrel">
        <subtype name="compound" value="102"/>
    </relation>
    <relation entry1="133" entry2="134" type="ECrel">
        <subtype name="compound" value="102"/>
    </relation>
    <relation entry1="60" entry2="139" type="ECrel">
        <subtype name="compound" value="102"/>
    </relation>
    <relation entry1="60" entry2="135" type="ECrel">
        <subtype name="compound" value="102"/>
    </relation>
    <relation entry1="60" entry2="133" type="ECrel">
        <subtype name="compound" value="102"/>
    </relation>
    <relation entry1="135" entry2="139" type="ECrel">
        <subtype name="compound" value="102"/>
    </relation>
    <relation entry1="133" entry2="139" type="ECrel">
        <subtype name="compound" value="102"/>
    </relation>
    <relation entry1="133" entry2="135" type="ECrel">
        <subtype name="compound" value="102"/>
    </relation>
    <relation entry1="130" entry2="133" type="ECrel">
        <subtype name="compound" value="79"/>
    </relation>
    <relation entry1="130" entry2="131" type="ECrel">
        <subtype name="compound" value="79"/>
    </relation>
    <relation entry1="59" entry2="130" type="ECrel">
        <subtype name="compound" value="79"/>
    </relation>
    <relation entry1="131" entry2="133" type="ECrel">
        <subtype name="compound" value="79"/>
    </relation>
    <relation entry1="59" entry2="133" type="ECrel">
        <subtype name="compound" value="79"/>
    </relation>
    <relation entry1="139" entry2="143" type="ECrel">
        <subtype name="compound" value="99"/>
    </relation>
    <relation entry1="64" entry2="139" type="ECrel">
        <subtype name="compound" value="99"/>
    </relation>
    <relation entry1="139" entry2="142" type="ECrel">
        <subtype name="compound" value="99"/>
    </relation>
    <relation entry1="58" entry2="139" type="ECrel">
        <subtype name="compound" value="99"/>
    </relation>
    <relation entry1="138" entry2="139" type="ECrel">
        <subtype name="compound" value="99"/>
    </relation>
    <relation entry1="64" entry2="143" type="ECrel">
        <subtype name="compound" value="99"/>
    </relation>
    <relation entry1="142" entry2="143" type="ECrel">
        <subtype name="compound" value="99"/>
    </relation>
    <relation entry1="58" entry2="143" type="ECrel">
        <subtype name="compound" value="99"/>
    </relation>
    <relation entry1="138" entry2="143" type="ECrel">
        <subtype name="compound" value="99"/>
    </relation>
    <relation entry1="64" entry2="138" type="ECrel">
        <subtype name="compound" value="99"/>
    </relation>
    <relation entry1="138" entry2="142" type="ECrel">
        <subtype name="compound" value="99"/>
    </relation>
    <relation entry1="58" entry2="138" type="ECrel">
        <subtype name="compound" value="99"/>
    </relation>
    <relation entry1="138" entry2="140" type="ECrel">
        <subtype name="compound" value="100"/>
    </relation>
    <relation entry1="145" entry2="147" type="ECrel">
        <subtype name="compound" value="106"/>
    </relation>
    <relation entry1="135" entry2="136" type="ECrel">
        <subtype name="compound" value="81"/>
    </relation>
    <relation entry1="51" entry2="135" type="ECrel">
        <subtype name="compound" value="81"/>
    </relation>
    <relation entry1="50" entry2="135" type="ECrel">
        <subtype name="compound" value="81"/>
    </relation>
    <relation entry1="116" entry2="136" type="ECrel">
        <subtype name="compound" value="74"/>
    </relation>
    <relation entry1="136" entry2="144" type="ECrel">
        <subtype name="compound" value="74"/>
    </relation>
    <relation entry1="127" entry2="136" type="ECrel">
        <subtype name="compound" value="74"/>
    </relation>
    <relation entry1="48" entry2="136" type="ECrel">
        <subtype name="compound" value="74"/>
    </relation>
    <relation entry1="40" entry2="136" type="ECrel">
        <subtype name="compound" value="74"/>
    </relation>
    <relation entry1="115" entry2="136" type="ECrel">
        <subtype name="compound" value="74"/>
    </relation>
    <relation entry1="61" entry2="136" type="ECrel">
        <subtype name="compound" value="74"/>
    </relation>
    <relation entry1="112" entry2="136" type="ECrel">
        <subtype name="compound" value="74"/>
    </relation>
    <relation entry1="56" entry2="136" type="ECrel">
        <subtype name="compound" value="74"/>
    </relation>
    <relation entry1="123" entry2="136" type="ECrel">
        <subtype name="compound" value="74"/>
    </relation>
    <relation entry1="51" entry2="116" type="ECrel">
        <subtype name="compound" value="74"/>
    </relation>
    <relation entry1="51" entry2="144" type="ECrel">
        <subtype name="compound" value="74"/>
    </relation>
    <relation entry1="51" entry2="127" type="ECrel">
        <subtype name="compound" value="74"/>
    </relation>
    <relation entry1="48" entry2="51" type="ECrel">
        <subtype name="compound" value="74"/>
    </relation>
    <relation entry1="40" entry2="51" type="ECrel">
        <subtype name="compound" value="74"/>
    </relation>
    <relation entry1="51" entry2="115" type="ECrel">
        <subtype name="compound" value="74"/>
    </relation>
    <relation entry1="51" entry2="61" type="ECrel">
        <subtype name="compound" value="74"/>
    </relation>
    <relation entry1="51" entry2="112" type="ECrel">
        <subtype name="compound" value="74"/>
    </relation>
    <relation entry1="51" entry2="56" type="ECrel">
        <subtype name="compound" value="74"/>
    </relation>
    <relation entry1="51" entry2="123" type="ECrel">
        <subtype name="compound" value="74"/>
    </relation>
    <relation entry1="50" entry2="116" type="ECrel">
        <subtype name="compound" value="74"/>
    </relation>
    <relation entry1="50" entry2="144" type="ECrel">
        <subtype name="compound" value="74"/>
    </relation>
    <relation entry1="50" entry2="127" type="ECrel">
        <subtype name="compound" value="74"/>
    </relation>
    <relation entry1="48" entry2="50" type="ECrel">
        <subtype name="compound" value="74"/>
    </relation>
    <relation entry1="40" entry2="50" type="ECrel">
        <subtype name="compound" value="74"/>
    </relation>
    <relation entry1="50" entry2="115" type="ECrel">
        <subtype name="compound" value="74"/>
    </relation>
    <relation entry1="50" entry2="61" type="ECrel">
        <subtype name="compound" value="74"/>
    </relation>
    <relation entry1="50" entry2="112" type="ECrel">
        <subtype name="compound" value="74"/>
    </relation>
    <relation entry1="50" entry2="56" type="ECrel">
        <subtype name="compound" value="74"/>
    </relation>
    <relation entry1="50" entry2="123" type="ECrel">
        <subtype name="compound" value="74"/>
    </relation>
    <relation entry1="116" entry2="144" type="ECrel">
        <subtype name="compound" value="74"/>
    </relation>
    <relation entry1="116" entry2="127" type="ECrel">
        <subtype name="compound" value="74"/>
    </relation>
    <relation entry1="48" entry2="116" type="ECrel">
        <subtype name="compound" value="74"/>
    </relation>
    <relation entry1="40" entry2="116" type="ECrel">
        <subtype name="compound" value="74"/>
    </relation>
    <relation entry1="115" entry2="116" type="ECrel">
        <subtype name="compound" value="74"/>
    </relation>
    <relation entry1="61" entry2="116" type="ECrel">
        <subtype name="compound" value="74"/>
    </relation>
    <relation entry1="112" entry2="116" type="ECrel">
        <subtype name="compound" value="74"/>
    </relation>
    <relation entry1="56" entry2="116" type="ECrel">
        <subtype name="compound" value="74"/>
    </relation>
    <relation entry1="116" entry2="123" type="ECrel">
        <subtype name="compound" value="74"/>
    </relation>
    <relation entry1="127" entry2="144" type="ECrel">
        <subtype name="compound" value="74"/>
    </relation>
    <relation entry1="48" entry2="144" type="ECrel">
        <subtype name="compound" value="74"/>
    </relation>
    <relation entry1="40" entry2="144" type="ECrel">
        <subtype name="compound" value="74"/>
    </relation>
    <relation entry1="115" entry2="144" type="ECrel">
        <subtype name="compound" value="74"/>
    </relation>
    <relation entry1="61" entry2="144" type="ECrel">
        <subtype name="compound" value="74"/>
    </relation>
    <relation entry1="112" entry2="144" type="ECrel">
        <subtype name="compound" value="74"/>
    </relation>
    <relation entry1="56" entry2="144" type="ECrel">
        <subtype name="compound" value="74"/>
    </relation>
    <relation entry1="123" entry2="144" type="ECrel">
        <subtype name="compound" value="74"/>
    </relation>
    <relation entry1="48" entry2="127" type="ECrel">
        <subtype name="compound" value="74"/>
    </relation>
    <relation entry1="40" entry2="127" type="ECrel">
        <subtype name="compound" value="74"/>
    </relation>
    <relation entry1="115" entry2="127" type="ECrel">
        <subtype name="compound" value="74"/>
    </relation>
    <relation entry1="61" entry2="127" type="ECrel">
        <subtype name="compound" value="74"/>
    </relation>
    <relation entry1="112" entry2="127" type="ECrel">
        <subtype name="compound" value="74"/>
    </relation>
    <relation entry1="56" entry2="127" type="ECrel">
        <subtype name="compound" value="74"/>
    </relation>
    <relation entry1="123" entry2="127" type="ECrel">
        <subtype name="compound" value="74"/>
    </relation>
    <relation entry1="48" entry2="112" type="ECrel">
        <subtype name="compound" value="74"/>
    </relation>
    <relation entry1="48" entry2="56" type="ECrel">
        <subtype name="compound" value="74"/>
    </relation>
    <relation entry1="48" entry2="123" type="ECrel">
        <subtype name="compound" value="74"/>
    </relation>
    <relation entry1="40" entry2="61" type="ECrel">
        <subtype name="compound" value="74"/>
    </relation>
    <relation entry1="40" entry2="56" type="ECrel">
        <subtype name="compound" value="74"/>
    </relation>
    <relation entry1="40" entry2="123" type="ECrel">
        <subtype name="compound" value="74"/>
    </relation>
    <relation entry1="61" entry2="115" type="ECrel">
        <subtype name="compound" value="74"/>
    </relation>
    <relation entry1="112" entry2="115" type="ECrel">
        <subtype name="compound" value="74"/>
    </relation>
    <relation entry1="56" entry2="115" type="ECrel">
        <subtype name="compound" value="74"/>
    </relation>
    <relation entry1="115" entry2="123" type="ECrel">
        <subtype name="compound" value="74"/>
    </relation>
    <relation entry1="61" entry2="123" type="ECrel">
        <subtype name="compound" value="74"/>
    </relation>
    <relation entry1="112" entry2="123" type="ECrel">
        <subtype name="compound" value="74"/>
    </relation>
    <relation entry1="56" entry2="123" type="ECrel">
        <subtype name="compound" value="74"/>
    </relation>
    <relation entry1="46" entry2="114" type="ECrel">
        <subtype name="compound" value="76"/>
    </relation>
    <relation entry1="46" entry2="55" type="ECrel">
        <subtype name="compound" value="76"/>
    </relation>
    <relation entry1="42" entry2="62" type="ECrel">
        <subtype name="compound" value="76"/>
    </relation>
    <relation entry1="42" entry2="55" type="ECrel">
        <subtype name="compound" value="76"/>
    </relation>
    <relation entry1="62" entry2="113" type="ECrel">
        <subtype name="compound" value="76"/>
    </relation>
    <relation entry1="113" entry2="114" type="ECrel">
        <subtype name="compound" value="76"/>
    </relation>
    <relation entry1="55" entry2="113" type="ECrel">
        <subtype name="compound" value="76"/>
    </relation>
    <relation entry1="42" entry2="47" type="ECrel">
        <subtype name="compound" value="75"/>
    </relation>
    <relation entry1="47" entry2="113" type="ECrel">
        <subtype name="compound" value="75"/>
    </relation>
    <relation entry1="41" entry2="46" type="ECrel">
        <subtype name="compound" value="75"/>
    </relation>
    <relation entry1="41" entry2="113" type="ECrel">
        <subtype name="compound" value="75"/>
    </relation>
    <relation entry1="46" entry2="119" type="ECrel">
        <subtype name="compound" value="75"/>
    </relation>
    <relation entry1="42" entry2="119" type="ECrel">
        <subtype name="compound" value="75"/>
    </relation>
    <relation entry1="113" entry2="119" type="ECrel">
        <subtype name="compound" value="75"/>
    </relation>
    <relation entry1="61" entry2="107" type="ECrel">
        <subtype name="compound" value="70"/>
    </relation>
    <relation entry1="44" entry2="61" type="ECrel">
        <subtype name="compound" value="70"/>
    </relation>
    <relation entry1="45" entry2="112" type="ECrel">
        <subtype name="compound" value="70"/>
    </relation>
    <relation entry1="44" entry2="112" type="ECrel">
        <subtype name="compound" value="70"/>
    </relation>
    <relation entry1="45" entry2="56" type="ECrel">
        <subtype name="compound" value="70"/>
    </relation>
    <relation entry1="56" entry2="107" type="ECrel">
        <subtype name="compound" value="70"/>
    </relation>
    <relation entry1="44" entry2="56" type="ECrel">
        <subtype name="compound" value="70"/>
    </relation>
    <relation entry1="108" entry2="110" type="ECrel">
        <subtype name="compound" value="93"/>
    </relation>
    <relation entry1="109" entry2="122" type="ECrel">
        <subtype name="compound" value="87"/>
    </relation>
    <relation entry1="121" entry2="144" type="ECrel">
        <subtype name="compound" value="90"/>
    </relation>
    <relation entry1="121" entry2="126" type="ECrel">
        <subtype name="compound" value="90"/>
    </relation>
    <relation entry1="63" entry2="121" type="ECrel">
        <subtype name="compound" value="90"/>
    </relation>
    <relation entry1="121" entry2="128" type="ECrel">
        <subtype name="compound" value="90"/>
    </relation>
    <relation entry1="57" entry2="121" type="ECrel">
        <subtype name="compound" value="90"/>
    </relation>
    <relation entry1="126" entry2="144" type="ECrel">
        <subtype name="compound" value="90"/>
    </relation>
    <relation entry1="63" entry2="144" type="ECrel">
        <subtype name="compound" value="90"/>
    </relation>
    <relation entry1="128" entry2="144" type="ECrel">
        <subtype name="compound" value="90"/>
    </relation>
    <relation entry1="57" entry2="144" type="ECrel">
        <subtype name="compound" value="90"/>
    </relation>
    <relation entry1="63" entry2="126" type="ECrel">
        <subtype name="compound" value="90"/>
    </relation>
    <relation entry1="126" entry2="128" type="ECrel">
        <subtype name="compound" value="90"/>
    </relation>
    <relation entry1="57" entry2="126" type="ECrel">
        <subtype name="compound" value="90"/>
    </relation>
    <relation entry1="49" entry2="128" type="ECrel">
        <subtype name="compound" value="92"/>
    </relation>
    <relation entry1="49" entry2="57" type="ECrel">
        <subtype name="compound" value="92"/>
    </relation>
    <relation entry1="43" entry2="63" type="ECrel">
        <subtype name="compound" value="92"/>
    </relation>
    <relation entry1="43" entry2="57" type="ECrel">
        <subtype name="compound" value="92"/>
    </relation>
    <relation entry1="63" entry2="120" type="ECrel">
        <subtype name="compound" value="92"/>
    </relation>
    <relation entry1="120" entry2="128" type="ECrel">
        <subtype name="compound" value="92"/>
    </relation>
    <relation entry1="57" entry2="120" type="ECrel">
        <subtype name="compound" value="92"/>
    </relation>
    <relation entry1="141" entry2="148" type="maplink">
        <subtype name="compound" value="94"/>
    </relation>
    <relation entry1="141" entry2="158" type="ECrel">
        <subtype name="compound" value="103"/>
    </relation>
    <relation entry1="141" entry2="157" type="ECrel">
        <subtype name="compound" value="103"/>
    </relation>
    <relation entry1="141" entry2="156" type="ECrel">
        <subtype name="compound" value="103"/>
    </relation>
    <relation entry1="146" entry2="158" type="ECrel">
        <subtype name="compound" value="103"/>
    </relation>
    <relation entry1="146" entry2="157" type="ECrel">
        <subtype name="compound" value="103"/>
    </relation>
    <relation entry1="146" entry2="156" type="ECrel">
        <subtype name="compound" value="103"/>
    </relation>
    <relation entry1="54" entry2="158" type="ECrel">
        <subtype name="compound" value="103"/>
    </relation>
    <relation entry1="54" entry2="157" type="ECrel">
        <subtype name="compound" value="103"/>
    </relation>
    <relation entry1="54" entry2="156" type="ECrel">
        <subtype name="compound" value="103"/>
    </relation>
    <relation entry1="52" entry2="158" type="ECrel">
        <subtype name="compound" value="103"/>
    </relation>
    <relation entry1="52" entry2="157" type="ECrel">
        <subtype name="compound" value="103"/>
    </relation>
    <relation entry1="52" entry2="156" type="ECrel">
        <subtype name="compound" value="103"/>
    </relation>
    <relation entry1="53" entry2="158" type="ECrel">
        <subtype name="compound" value="103"/>
    </relation>
    <relation entry1="53" entry2="157" type="ECrel">
        <subtype name="compound" value="103"/>
    </relation>
    <relation entry1="53" entry2="156" type="ECrel">
        <subtype name="compound" value="103"/>
    </relation>
    <relation entry1="156" entry2="186" type="ECrel">
        <subtype name="compound" value="155"/>
    </relation>
    <relation entry1="156" entry2="187" type="ECrel">
        <subtype name="compound" value="155"/>
    </relation>
    <relation entry1="156" entry2="160" type="ECrel">
        <subtype name="compound" value="155"/>
    </relation>
    <relation entry1="156" entry2="183" type="ECrel">
        <subtype name="compound" value="155"/>
    </relation>
    <relation entry1="157" entry2="186" type="ECrel">
        <subtype name="compound" value="155"/>
    </relation>
    <relation entry1="157" entry2="187" type="ECrel">
        <subtype name="compound" value="155"/>
    </relation>
    <relation entry1="157" entry2="160" type="ECrel">
        <subtype name="compound" value="155"/>
    </relation>
    <relation entry1="157" entry2="183" type="ECrel">
        <subtype name="compound" value="155"/>
    </relation>
    <relation entry1="158" entry2="186" type="ECrel">
        <subtype name="compound" value="155"/>
    </relation>
    <relation entry1="158" entry2="187" type="ECrel">
        <subtype name="compound" value="155"/>
    </relation>
    <relation entry1="158" entry2="160" type="ECrel">
        <subtype name="compound" value="155"/>
    </relation>
    <relation entry1="158" entry2="183" type="ECrel">
        <subtype name="compound" value="155"/>
    </relation>
    <relation entry1="186" entry2="160" type="ECrel">
        <subtype name="compound" value="155"/>
    </relation>
    <relation entry1="186" entry2="183" type="ECrel">
        <subtype name="compound" value="155"/>
    </relation>
    <relation entry1="187" entry2="160" type="ECrel">
        <subtype name="compound" value="155"/>
    </relation>
    <relation entry1="187" entry2="183" type="ECrel">
        <subtype name="compound" value="155"/>
    </relation>
    <relation entry1="160" entry2="183" type="ECrel">
        <subtype name="compound" value="155"/>
    </relation>
    <relation entry1="172" entry2="167" type="ECrel">
        <subtype name="compound" value="169"/>
    </relation>
    <relation entry1="172" entry2="160" type="ECrel">
        <subtype name="compound" value="169"/>
    </relation>
    <relation entry1="172" entry2="177" type="ECrel">
        <subtype name="compound" value="169"/>
    </relation>
    <relation entry1="167" entry2="160" type="ECrel">
        <subtype name="compound" value="169"/>
    </relation>
    <relation entry1="167" entry2="177" type="ECrel">
        <subtype name="compound" value="169"/>
    </relation>
    <relation entry1="160" entry2="177" type="ECrel">
        <subtype name="compound" value="169"/>
    </relation>
    <relation entry1="177" entry2="181" type="ECrel">
        <subtype name="compound" value="178"/>
    </relation>
    <relation entry1="165" entry2="167" type="ECrel">
        <subtype name="compound" value="168"/>
    </relation>
    <relation entry1="165" entry2="173" type="ECrel">
        <subtype name="compound" value="168"/>
    </relation>
    <relation entry1="167" entry2="173" type="ECrel">
        <subtype name="compound" value="168"/>
    </relation>
    <relation entry1="146" entry2="236" type="ECrel">
        <subtype name="compound" value="102"/>
    </relation>
    <relation entry1="54" entry2="236" type="ECrel">
        <subtype name="compound" value="102"/>
    </relation>
    <relation entry1="53" entry2="236" type="ECrel">
        <subtype name="compound" value="102"/>
    </relation>
    <relation entry1="52" entry2="236" type="ECrel">
        <subtype name="compound" value="102"/>
    </relation>
    <relation entry1="146" entry2="239" type="ECrel">
        <subtype name="compound" value="102"/>
    </relation>
    <relation entry1="54" entry2="239" type="ECrel">
        <subtype name="compound" value="102"/>
    </relation>
    <relation entry1="53" entry2="239" type="ECrel">
        <subtype name="compound" value="102"/>
    </relation>
    <relation entry1="52" entry2="239" type="ECrel">
        <subtype name="compound" value="102"/>
    </relation>
    <reaction id="40" name="rn:R06230" type="irreversible">
        <substrate id="74" name="gl:G00067"/>
        <product id="97" name="gl:G00076"/>
    </reaction>
    <reaction id="41" name="rn:R06224" type="irreversible">
        <substrate id="75" name="gl:G00085"/>
        <product id="73" name="gl:G00086"/>
    </reaction>
    <reaction id="42" name="rn:R06222" type="irreversible">
        <substrate id="76" name="gl:G00084"/>
        <product id="75" name="gl:G00085"/>
    </reaction>
    <reaction id="43" name="rn:R06227" type="irreversible">
        <substrate id="92" name="gl:G00081"/>
        <product id="91" name="gl:G00082"/>
    </reaction>
    <reaction id="44" name="rn:R06221" type="irreversible">
        <substrate id="70" name="gl:G00089"/>
        <product id="68" name="gl:G00090"/>
    </reaction>
    <reaction id="45" name="rn:R06221" type="irreversible">
        <substrate id="70" name="gl:G00089"/>
        <product id="68" name="gl:G00090"/>
    </reaction>
    <reaction id="46" name="rn:R06222" type="irreversible">
        <substrate id="76" name="gl:G00084"/>
        <product id="75" name="gl:G00085"/>
    </reaction>
    <reaction id="47" name="rn:R06224" type="irreversible">
        <substrate id="75" name="gl:G00085"/>
        <product id="73" name="gl:G00086"/>
    </reaction>
    <reaction id="48" name="rn:R06230" type="irreversible">
        <substrate id="74" name="gl:G00067"/>
        <product id="97" name="gl:G00076"/>
    </reaction>
    <reaction id="49" name="rn:R06227" type="irreversible">
        <substrate id="92" name="gl:G00081"/>
        <product id="91" name="gl:G00082"/>
    </reaction>
    <reaction id="50" name="rn:R06033" type="irreversible">
        <substrate id="81" name="gl:G00066"/>
        <product id="74" name="gl:G00067"/>
    </reaction>
    <reaction id="51" name="rn:R06033" type="irreversible">
        <substrate id="81" name="gl:G00066"/>
        <product id="74" name="gl:G00067"/>
    </reaction>
    <reaction id="52" name="rn:R05977" type="irreversible">
        <substrate id="103" name="gl:G00036"/>
        <product id="102" name="gl:G00050"/>
    </reaction>
    <reaction id="53" name="rn:R05977" type="irreversible">
        <substrate id="103" name="gl:G00036"/>
        <product id="102" name="gl:G00050"/>
    </reaction>
    <reaction id="54" name="rn:R05977" type="irreversible">
        <substrate id="103" name="gl:G00036"/>
        <product id="102" name="gl:G00050"/>
    </reaction>
    <reaction id="55" name="rn:R06039" type="irreversible">
        <substrate id="77" name="gl:G00069"/>
        <product id="76" name="gl:G00084"/>
    </reaction>
    <reaction id="56" name="rn:R06038" type="irreversible">
        <substrate id="74" name="gl:G00067"/>
        <product id="70" name="gl:G00089"/>
    </reaction>
    <reaction id="57" name="rn:R06076" type="irreversible">
        <substrate id="90" name="gl:G00071"/>
        <product id="92" name="gl:G00081"/>
    </reaction>
    <reaction id="58" name="rn:R06095" type="irreversible">
        <substrate id="99" name="gl:G00055"/>
        <product id="98" name="gl:G00056"/>
    </reaction>
    <reaction id="59" name="rn:R06075" type="irreversible">
        <substrate id="79" name="gl:G00062"/>
        <product id="80" name="gl:G00063"/>
    </reaction>
    <reaction id="60" name="rn:R06025" type="irreversible">
        <substrate id="102" name="gl:G00050"/>
        <product id="83" name="gl:G00060"/>
    </reaction>
    <reaction id="61" name="rn:R06038" type="irreversible">
        <substrate id="74" name="gl:G00067"/>
        <product id="70" name="gl:G00089"/>
    </reaction>
    <reaction id="62" name="rn:R06039" type="irreversible">
        <substrate id="77" name="gl:G00069"/>
        <product id="76" name="gl:G00084"/>
    </reaction>
    <reaction id="63" name="rn:R06076" type="irreversible">
        <substrate id="90" name="gl:G00071"/>
        <product id="92" name="gl:G00081"/>
    </reaction>
    <reaction id="64" name="rn:R06095" type="irreversible">
        <substrate id="99" name="gl:G00055"/>
        <product id="98" name="gl:G00056"/>
    </reaction>
    <reaction id="65" name="rn:R06025" type="irreversible">
        <substrate id="102" name="gl:G00050"/>
        <product id="83" name="gl:G00060"/>
    </reaction>
    <reaction id="107" name="rn:R06221" type="irreversible">
        <substrate id="70" name="gl:G00089"/>
        <product id="68" name="gl:G00090"/>
    </reaction>
    <reaction id="109" name="rn:R06191" type="irreversible">
        <substrate id="87" name="gl:G00074"/>
        <product id="86" name="gl:G00075"/>
    </reaction>
    <reaction id="112" name="rn:R06038" type="irreversible">
        <substrate id="74" name="gl:G00067"/>
        <product id="70" name="gl:G00089"/>
    </reaction>
    <reaction id="113" name="rn:R06222" type="irreversible">
        <substrate id="76" name="gl:G00084"/>
        <product id="75" name="gl:G00085"/>
    </reaction>
    <reaction id="114" name="rn:R06039" type="irreversible">
        <substrate id="77" name="gl:G00069"/>
        <product id="76" name="gl:G00084"/>
    </reaction>
    <reaction id="115" name="rn:R06230" type="irreversible">
        <substrate id="74" name="gl:G00067"/>
        <product id="97" name="gl:G00076"/>
    </reaction>
    <reaction id="116" name="rn:R06037" type="irreversible">
        <substrate id="74" name="gl:G00067"/>
        <product id="71" name="gl:G00088"/>
    </reaction>
    <reaction id="119" name="rn:R06224" type="irreversible">
        <substrate id="75" name="gl:G00085"/>
        <product id="73" name="gl:G00086"/>
    </reaction>
    <reaction id="120" name="rn:R06227" type="irreversible">
        <substrate id="92" name="gl:G00081"/>
        <product id="91" name="gl:G00082"/>
    </reaction>
    <reaction id="121" name="rn:R06193" type="irreversible">
        <substrate id="90" name="gl:G00071"/>
        <product id="89" name="gl:G00072"/>
    </reaction>
    <reaction id="122" name="rn:R06041" type="irreversible">
        <substrate id="88" name="gl:G00073"/>
        <product id="87" name="gl:G00074"/>
    </reaction>
    <reaction id="123" name="rn:R05974" type="irreversible">
        <substrate id="74" name="gl:G00067"/>
        <product id="96" name="gl:G00068"/>
    </reaction>
    <reaction id="126" name="rn:R06190" type="irreversible">
        <substrate id="90" name="gl:G00071"/>
        <product id="84" name="gl:G00083"/>
    </reaction>
    <reaction id="127" name="rn:R06189" type="irreversible">
        <substrate id="74" name="gl:G00067"/>
        <product id="95" name="gl:G00077"/>
    </reaction>
    <reaction id="128" name="rn:R06076" type="irreversible">
        <substrate id="90" name="gl:G00071"/>
        <product id="92" name="gl:G00081"/>
    </reaction>
    <reaction id="130" name="rn:R06032" type="irreversible">
        <substrate id="79" name="gl:G00062"/>
        <product id="78" name="gl:G00064"/>
    </reaction>
    <reaction id="131" name="rn:R06075" type="irreversible">
        <substrate id="79" name="gl:G00062"/>
        <product id="80" name="gl:G00063"/>
    </reaction>
    <reaction id="133" name="rn:R06026" type="irreversible">
        <substrate id="102" name="gl:G00050"/>
        <product id="79" name="gl:G00062"/>
    </reaction>
    <reaction id="134" name="rn:R06025" type="irreversible">
        <substrate id="102" name="gl:G00050"/>
        <product id="83" name="gl:G00060"/>
    </reaction>
    <reaction id="135" name="rn:R05975" type="irreversible">
        <substrate id="102" name="gl:G00050"/>
        <product id="81" name="gl:G00066"/>
    </reaction>
    <reaction id="136" name="rn:R06033" type="irreversible">
        <substrate id="81" name="gl:G00066"/>
        <product id="74" name="gl:G00067"/>
    </reaction>
    <reaction id="138" name="rn:R06029" type="irreversible">
        <substrate id="99" name="gl:G00055"/>
        <product id="100" name="gl:G00052"/>
    </reaction>
    <reaction id="139" name="rn:R06024" type="irreversible">
        <substrate id="102" name="gl:G00050"/>
        <product id="99" name="gl:G00055"/>
    </reaction>
    <reaction id="140" name="rn:R06027" type="irreversible">
        <substrate id="101" name="gl:G00051"/>
        <product id="100" name="gl:G00052"/>
    </reaction>
    <reaction id="141" name="rn:R05971" type="irreversible">
        <substrate id="94" name="gl:G00092"/>
        <product id="103" name="gl:G00036"/>
    </reaction>
    <reaction id="142" name="rn:R06095" type="irreversible">
        <substrate id="99" name="gl:G00055"/>
        <product id="98" name="gl:G00056"/>
    </reaction>
    <reaction id="143" name="rn:R06187" type="irreversible">
        <substrate id="99" name="gl:G00055"/>
        <product id="104" name="gl:G00054"/>
    </reaction>
    <reaction id="144" name="rn:R06035" type="irreversible">
        <substrate id="74" name="gl:G00067"/>
        <product id="90" name="gl:G00071"/>
    </reaction>
    <reaction id="145" name="rn:R06197" type="irreversible">
        <substrate id="106" name="gl:G00058"/>
        <product id="105" name="gl:G00059"/>
    </reaction>
    <reaction id="146" name="rn:R05977" type="irreversible">
        <substrate id="103" name="gl:G00036"/>
        <product id="102" name="gl:G00050"/>
    </reaction>
    <reaction id="147" name="rn:R06031" type="irreversible">
        <substrate id="67" name="gl:G00057"/>
        <product id="106" name="gl:G00058"/>
    </reaction>
    <reaction id="156" name="rn:R06006" type="irreversible">
        <substrate id="103" name="gl:G00036"/>
        <product id="155" name="gl:G00037"/>
    </reaction>
    <reaction id="157" name="rn:R06006" type="irreversible">
        <substrate id="103" name="gl:G00036"/>
        <product id="155" name="gl:G00037"/>
    </reaction>
    <reaction id="158" name="rn:R06006" type="irreversible">
        <substrate id="103" name="gl:G00036"/>
        <product id="155" name="gl:G00037"/>
    </reaction>
    <reaction id="160" name="rn:R06156" type="irreversible">
        <substrate id="155" name="gl:G00037"/>
        <product id="169" name="gl:G00044"/>
    </reaction>
    <reaction id="165" name="rn:R06170" type="irreversible">
        <substrate id="163" name="gl:G00038"/>
        <product id="168" name="gl:G00039"/>
    </reaction>
    <reaction id="167" name="rn:R06168" type="irreversible">
        <substrate id="169" name="gl:G00044"/>
        <product id="168" name="gl:G00039"/>
    </reaction>
    <reaction id="172" name="rn:R06163" type="irreversible">
        <substrate id="169" name="gl:G00044"/>
        <product id="175" name="gl:G00045"/>
    </reaction>
    <reaction id="173" name="rn:R06164" type="irreversible">
        <substrate id="168" name="gl:G00039"/>
        <product id="174" name="gl:G00040"/>
    </reaction>
    <reaction id="177" name="rn:R06167" type="irreversible">
        <substrate id="169" name="gl:G00044"/>
        <product id="178" name="gl:G00042"/>
    </reaction>
    <reaction id="181" name="rn:R06162" type="irreversible">
        <substrate id="178" name="gl:G00042"/>
        <product id="180" name="gl:G00043"/>
    </reaction>
    <reaction id="183" name="rn:R06155" type="irreversible">
        <substrate id="155" name="gl:G00037"/>
        <product id="184" name="gl:G00046"/>
    </reaction>
    <reaction id="186" name="rn:R06153" type="irreversible">
        <substrate id="155" name="gl:G00037"/>
        <product id="188" name="gl:G00047"/>
    </reaction>
    <reaction id="187" name="rn:R06153" type="irreversible">
        <substrate id="155" name="gl:G00037"/>
        <product id="188" name="gl:G00047"/>
    </reaction>
    <reaction id="191" name="rn:R06165" type="irreversible">
        <substrate id="188" name="gl:G00047"/>
        <product id="190" name="gl:G00048"/>
    </reaction>
    <reaction id="236" name="rn:R11375" type="reversible">
        <substrate id="102" name="gl:G00050"/>
        <product id="235" name="gl:G00428"/>
    </reaction>
    <reaction id="239" name="rn:R11378" type="reversible">
        <substrate id="102" name="gl:G00050"/>
        <product id="237" name="gl:G00889"/>
    </reaction>
    <reaction id="240" name="rn:R11375" type="reversible">
        <substrate id="102" name="gl:G00050"/>
        <product id="235" name="gl:G00428"/>
    </reaction>
    <reaction id="241" name="rn:R11378" type="reversible">
        <substrate id="102" name="gl:G00050"/>
        <product id="237" name="gl:G00889"/>
    </reaction>
</pathway>
