<?xml version="1.0"?>
<!DOCTYPE pathway SYSTEM "https://www.kegg.jp/kegg/xml/KGML_v0.7.2_.dtd">
<!-- Creation date: Jun 3, 2019 16:57:50 +0900 (GMT+9) -->
<pathway name="path:hsa04540" org="hsa" number="04540"
         title="Gap junction"
         image="https://www.kegg.jp/kegg/pathway/hsa/hsa04540.png"
         link="https://www.kegg.jp/kegg-bin/show_pathway?hsa04540">
    <entry id="16" name="cpd:C00681" type="compound"
        link="https://www.kegg.jp/dbget-bin/www_bget?C00681">
        <graphics name="C00681" fgcolor="#000000" bgcolor="#FFFFFF"
             type="circle" x="196" y="119" width="8" height="8"/>
    </entry>
    <entry id="17" name="ko:K23453" type="ortholog"
        link="https://www.kegg.jp/dbget-bin/www_bget?K23453">
        <graphics name="K23453" fgcolor="#000000" bgcolor="#FFFFFF"
             type="rectangle" x="561" y="265" width="46" height="17"/>
    </entry>
    <entry id="18" name="cpd:C00076" type="compound"
        link="https://www.kegg.jp/dbget-bin/www_bget?C00076">
        <graphics name="C00076" fgcolor="#000000" bgcolor="#FFFFFF"
             type="circle" x="671" y="623" width="8" height="8"/>
    </entry>
    <entry id="19" name="cpd:C01245" type="compound"
        link="https://www.kegg.jp/dbget-bin/www_bget?C01245">
        <graphics name="C01245" fgcolor="#000000" bgcolor="#FFFFFF"
             type="circle" x="599" y="695" width="8" height="8"/>
    </entry>
    <entry id="20" name="cpd:C00942" type="compound"
        link="https://www.kegg.jp/dbget-bin/www_bget?C00942">
        <graphics name="C00942" fgcolor="#000000" bgcolor="#FFFFFF"
             type="circle" x="750" y="590" width="8" height="8"/>
    </entry>
    <entry id="21" name="cpd:C00165" type="compound"
        link="https://www.kegg.jp/dbget-bin/www_bget?C00165">
        <graphics name="C00165" fgcolor="#000000" bgcolor="#FFFFFF"
             type="circle" x="600" y="624" width="8" height="8"/>
    </entry>
    <entry id="22" name="cpd:C00575" type="compound"
        link="https://www.kegg.jp/dbget-bin/www_bget?C00575">
        <graphics name="C00575" fgcolor="#000000" bgcolor="#FFFFFF"
             type="circle" x="537" y="590" width="8" height="8"/>
    </entry>
    <entry id="23" name="hsa:1453" type="gene"
        link="https://www.kegg.jp/dbget-bin/www_bget?hsa:1453">
        <graphics name="CSNK1D, ASPS, CKI-delta, CKId, CKIdelta, FASPS2, HCKID" fgcolor="#000000" bgcolor="#BFFFBF"
             type="rectangle" x="356" y="284" width="46" height="17"/>
    </entry>
    <entry id="24" name="hsa:5578 hsa:5579 hsa:5582" type="gene"
        link="https://www.kegg.jp/dbget-bin/www_bget?hsa:5578+hsa:5579+hsa:5582">
        <graphics name="PRKCA, AAG6, PKC-alpha, PKCA, PKCI+/-, PKCalpha, PRKACA..." fgcolor="#000000" bgcolor="#BFFFBF"
             type="rectangle" x="649" y="479" width="46" height="17"/>
    </entry>
    <entry id="25" name="cpd:C00533" type="compound"
        link="https://www.kegg.jp/dbget-bin/www_bget?C00533">
        <graphics name="C00533" fgcolor="#000000" bgcolor="#FFFFFF"
             type="circle" x="197" y="764" width="8" height="8"/>
    </entry>
    <entry id="26" name="cpd:C00780" type="compound"
        link="https://www.kegg.jp/dbget-bin/www_bget?C00780">
        <graphics name="C00780" fgcolor="#000000" bgcolor="#FFFFFF"
             type="circle" x="196" y="677" width="8" height="8"/>
    </entry>
    <entry id="27" name="cpd:C00025" type="compound"
        link="https://www.kegg.jp/dbget-bin/www_bget?C00025">
        <graphics name="C00025" fgcolor="#000000" bgcolor="#FFFFFF"
             type="circle" x="196" y="708" width="8" height="8"/>
    </entry>
    <entry id="28" name="hsa:2770 hsa:2771 hsa:2773" type="gene"
        link="https://www.kegg.jp/dbget-bin/www_bget?hsa:2770+hsa:2771+hsa:2773">
        <graphics name="GNAI1, Gi, HG1B, NEDHISB..." fgcolor="#000000" bgcolor="#BFFFBF"
             type="rectangle" x="369" y="120" width="46" height="17"/>
    </entry>
    <entry id="29" name="hsa:2697 hsa:57369" type="gene"
        link="https://www.kegg.jp/dbget-bin/www_bget?hsa:2697+hsa:57369">
        <graphics name="GJA1, AVSD3, CMDR, CX43, EKVP, EKVP3, GJAL, HLHS1, HSS, ODDD, PPKCA..." fgcolor="#000000" bgcolor="#BFFFBF"
             type="rectangle" x="276" y="426" width="46" height="17"/>
    </entry>
    <entry id="30" name="hsa:2697 hsa:57369" type="gene"
        link="https://www.kegg.jp/dbget-bin/www_bget?hsa:2697+hsa:57369">
        <graphics name="GJA1, AVSD3, CMDR, CX43, EKVP, EKVP3, GJAL, HLHS1, HSS, ODDD, PPKCA..." fgcolor="#000000" bgcolor="#BFFFBF"
             type="rectangle" x="116" y="426" width="46" height="17"/>
    </entry>
    <entry id="31" name="hsa:2697 hsa:57369" type="gene"
        link="https://www.kegg.jp/dbget-bin/www_bget?hsa:2697+hsa:57369">
        <graphics name="GJA1, AVSD3, CMDR, CX43, EKVP, EKVP3, GJAL, HLHS1, HSS, ODDD, PPKCA..." fgcolor="#000000" bgcolor="#BFFFBF"
             type="rectangle" x="276" y="359" width="46" height="17"/>
    </entry>
    <entry id="32" name="hsa:2697 hsa:57369" type="gene"
        link="https://www.kegg.jp/dbget-bin/www_bget?hsa:2697+hsa:57369">
        <graphics name="GJA1, AVSD3, CMDR, CX43, EKVP, EKVP3, GJAL, HLHS1, HSS, ODDD, PPKCA..." fgcolor="#000000" bgcolor="#BFFFBF"
             type="rectangle" x="116" y="359" width="46" height="17"/>
    </entry>
    <entry id="33" name="hsa:2697" type="gene"
        link="https://www.kegg.jp/dbget-bin/www_bget?hsa:2697">
        <graphics name="GJA1, AVSD3, CMDR, CX43, EKVP, EKVP3, GJAL, HLHS1, HSS, ODDD, PPKCA" fgcolor="#000000" bgcolor="#BFFFBF"
             type="rectangle" x="276" y="258" width="46" height="17"/>
    </entry>
    <entry id="34" name="hsa:2697" type="gene"
        link="https://www.kegg.jp/dbget-bin/www_bget?hsa:2697">
        <graphics name="GJA1, AVSD3, CMDR, CX43, EKVP, EKVP3, GJAL, HLHS1, HSS, ODDD, PPKCA" fgcolor="#000000" bgcolor="#BFFFBF"
             type="rectangle" x="276" y="205" width="46" height="17"/>
    </entry>
    <entry id="35" name="hsa:2697" type="gene"
        link="https://www.kegg.jp/dbget-bin/www_bget?hsa:2697">
        <graphics name="GJA1, AVSD3, CMDR, CX43, EKVP, EKVP3, GJAL, HLHS1, HSS, ODDD, PPKCA" fgcolor="#000000" bgcolor="#BFFFBF"
             type="rectangle" x="116" y="276" width="46" height="17"/>
    </entry>
    <entry id="36" name="cpd:C03758" type="compound"
        link="https://www.kegg.jp/dbget-bin/www_bget?C03758">
        <graphics name="C03758" fgcolor="#000000" bgcolor="#FFFFFF"
             type="circle" x="197" y="624" width="8" height="8"/>
    </entry>
    <entry id="37" name="cpd:C00547" type="compound"
        link="https://www.kegg.jp/dbget-bin/www_bget?C00547">
        <graphics name="C00547" fgcolor="#000000" bgcolor="#FFFFFF"
             type="circle" x="197" y="572" width="8" height="8"/>
    </entry>
    <entry id="38" name="hsa:5598" type="gene"
        link="https://www.kegg.jp/dbget-bin/www_bget?hsa:5598">
        <graphics name="MAPK7, BMK1, ERK4, ERK5, PRKM7" fgcolor="#000000" bgcolor="#BFFFBF"
             type="rectangle" x="642" y="277" width="46" height="17"/>
    </entry>
    <entry id="39" name="hsa:10746" type="gene"
        link="https://www.kegg.jp/dbget-bin/www_bget?hsa:10746">
        <graphics name="MAP3K2, MEKK2, MEKK2B" fgcolor="#000000" bgcolor="#BFFFBF"
             type="rectangle" x="616" y="221" width="46" height="17"/>
    </entry>
    <entry id="40" name="hsa:5607" type="gene"
        link="https://www.kegg.jp/dbget-bin/www_bget?hsa:5607">
        <graphics name="MAP2K5, HsT17454, MAPKK5, MEK5, PRKMK5" fgcolor="#000000" bgcolor="#BFFFBF"
             type="rectangle" x="694" y="221" width="46" height="17"/>
    </entry>
    <entry id="41" name="hsa:5592 hsa:5593" type="gene"
        link="https://www.kegg.jp/dbget-bin/www_bget?hsa:5592+hsa:5593">
        <graphics name="PRKG1, AAT8, PKG, PKG1, PRKG1B, PRKGR1B, cGK, cGK_1, cGK1, cGKI, cGKI-BETA, cGKI-alpha..." fgcolor="#000000" bgcolor="#BFFFBF"
             type="rectangle" x="723" y="466" width="46" height="17"/>
    </entry>
    <entry id="42" name="hsa:3356 hsa:3357 hsa:3358" type="gene"
        link="https://www.kegg.jp/dbget-bin/www_bget?hsa:3356+hsa:3357+hsa:3358">
        <graphics name="HTR2A, 5-HT2A, HTR2..." fgcolor="#000000" bgcolor="#BFFFBF"
             type="rectangle" x="276" y="678" width="46" height="17"/>
    </entry>
    <entry id="43" name="hsa:983" type="gene"
        link="https://www.kegg.jp/dbget-bin/www_bget?hsa:983">
        <graphics name="CDK1, CDC2, CDC28A, P34CDC2" fgcolor="#000000" bgcolor="#BFFFBF"
             type="rectangle" x="345" y="487" width="46" height="17"/>
    </entry>
    <entry id="44" name="hsa:1902" type="gene"
        link="https://www.kegg.jp/dbget-bin/www_bget?hsa:1902">
        <graphics name="LPAR1, EDG2, Gpcr26, LPA1, Mrec1.3, VZG1, edg-2, rec.1.3, vzg-1" fgcolor="#000000" bgcolor="#BFFFBF"
             type="rectangle" x="276" y="120" width="46" height="17"/>
    </entry>
    <entry id="45" name="hsa:5566 hsa:5567 hsa:5568" type="gene"
        link="https://www.kegg.jp/dbget-bin/www_bget?hsa:5566+hsa:5567+hsa:5568">
        <graphics name="PRKACA, CAFD1, PKACA, PPNAD4..." fgcolor="#000000" bgcolor="#BFFFBF"
             type="rectangle" x="578" y="491" width="46" height="17"/>
    </entry>
    <entry id="46" name="hsa:7082" type="gene"
        link="https://www.kegg.jp/dbget-bin/www_bget?hsa:7082">
        <graphics name="TJP1, ZO-1" fgcolor="#000000" bgcolor="#BFFFBF"
             type="rectangle" x="419" y="487" width="46" height="17"/>
    </entry>
    <entry id="47" name="hsa:10381 hsa:10382 hsa:10383 hsa:203068 hsa:347688 hsa:347733 hsa:7280 hsa:81027 hsa:84617" type="gene"
        link="https://www.kegg.jp/dbget-bin/www_bget?hsa:10381+hsa:10382+hsa:10383+hsa:203068+hsa:347688+hsa:347733+hsa:7280+hsa:81027+hsa:84617">
        <graphics name="TUBB3, CDCBM, CDCBM1, CFEOM3, CFEOM3A, FEOM3, TUBB4, beta-4..." fgcolor="#000000" bgcolor="#BFFFBF"
             type="rectangle" x="356" y="216" width="46" height="17"/>
    </entry>
    <entry id="48" name="hsa:107 hsa:108 hsa:109 hsa:111 hsa:112 hsa:113 hsa:114 hsa:115 hsa:196883" type="gene"
        link="https://www.kegg.jp/dbget-bin/www_bget?hsa:107+hsa:108+hsa:109+hsa:111+hsa:112+hsa:113+hsa:114+hsa:115+hsa:196883">
        <graphics name="ADCY1, AC1, DFNB44..." fgcolor="#000000" bgcolor="#BFFFBF"
             type="rectangle" x="456" y="590" width="46" height="17"/>
    </entry>
    <entry id="49" name="hsa:6714" type="gene"
        link="https://www.kegg.jp/dbget-bin/www_bget?hsa:6714">
        <graphics name="SRC, ASV, SRC1, THC6, c-SRC, p60-Src" fgcolor="#000000" bgcolor="#BFFFBF"
             type="rectangle" x="538" y="221" width="46" height="17"/>
    </entry>
    <entry id="50" name="hsa:10376 hsa:112714 hsa:113457 hsa:51807 hsa:7277 hsa:7278 hsa:7846 hsa:79861 hsa:84790" type="gene"
        link="https://www.kegg.jp/dbget-bin/www_bget?hsa:10376+hsa:112714+hsa:113457+hsa:51807+hsa:7277+hsa:7278+hsa:7846+hsa:79861+hsa:84790">
        <graphics name="TUBA1B, K-ALPHA-1..." fgcolor="#000000" bgcolor="#BFFFBF"
             type="rectangle" x="356" y="194" width="46" height="17"/>
    </entry>
    <entry id="51" name="hsa:2697" type="gene"
        link="https://www.kegg.jp/dbget-bin/www_bget?hsa:2697">
        <graphics name="GJA1, AVSD3, CMDR, CX43, EKVP, EKVP3, GJAL, HLHS1, HSS, ODDD, PPKCA" fgcolor="#000000" bgcolor="#BFFFBF"
             type="rectangle" x="116" y="223" width="46" height="17"/>
    </entry>
    <entry id="52" name="hsa:2977 hsa:2982 hsa:2983" type="gene"
        link="https://www.kegg.jp/dbget-bin/www_bget?hsa:2977+hsa:2982+hsa:2983">
        <graphics name="GUCY1A2, GC-SA2, GUC1A2..." fgcolor="#000000" bgcolor="#BFFFBF"
             type="rectangle" x="792" y="765" width="46" height="17"/>
    </entry>
    <entry id="53" name="hsa:5594 hsa:5595" type="gene"
        link="https://www.kegg.jp/dbget-bin/www_bget?hsa:5594+hsa:5595">
        <graphics name="MAPK1, ERK, ERK-2, ERK2, ERT1, MAPK2, NS13, P42MAPK, PRKM1, PRKM2, p38, p40, p41, p41mapk, p42-MAPK..." fgcolor="#000000" bgcolor="#BFFFBF"
             type="rectangle" x="723" y="294" width="46" height="17"/>
    </entry>
    <entry id="54" name="hsa:5604 hsa:5605" type="gene"
        link="https://www.kegg.jp/dbget-bin/www_bget?hsa:5604+hsa:5605">
        <graphics name="MAP2K1, CFC3, MAPKK1, MEK1, MEL, MKK1, PRKMK1..." fgcolor="#000000" bgcolor="#BFFFBF"
             type="rectangle" x="792" y="138" width="46" height="17"/>
    </entry>
    <entry id="55" name="hsa:5894" type="gene"
        link="https://www.kegg.jp/dbget-bin/www_bget?hsa:5894">
        <graphics name="RAF1, CMD1NN, CRAF, NS5, Raf-1, c-Raf" fgcolor="#000000" bgcolor="#BFFFBF"
             type="rectangle" x="671" y="138" width="46" height="17"/>
    </entry>
    <entry id="56" name="hsa:3265 hsa:3845 hsa:4893" type="gene"
        link="https://www.kegg.jp/dbget-bin/www_bget?hsa:3265+hsa:3845+hsa:4893">
        <graphics name="HRAS, C-BAS/HAS, C-H-RAS, C-HA-RAS1, CTLO, H-RASIDX, HAMSV, HRAS1, RASH1, p21ras..." fgcolor="#000000" bgcolor="#BFFFBF"
             type="rectangle" x="549" y="138" width="46" height="17"/>
    </entry>
    <entry id="57" name="hsa:6654 hsa:6655" type="gene"
        link="https://www.kegg.jp/dbget-bin/www_bget?hsa:6654+hsa:6655">
        <graphics name="SOS1, GF1, GGF1, GINGF, HGF, NS4, SOS-1..." fgcolor="#000000" bgcolor="#BFFFBF"
             type="rectangle" x="453" y="153" width="46" height="17"/>
    </entry>
    <entry id="58" name="hsa:2885" type="gene"
        link="https://www.kegg.jp/dbget-bin/www_bget?hsa:2885">
        <graphics name="GRB2, ASH, EGFRBP-GRB2, Grb3-3, MST084, MSTP084, NCKAP2" fgcolor="#000000" bgcolor="#BFFFBF"
             type="rectangle" x="369" y="153" width="46" height="17"/>
    </entry>
    <entry id="59" name="hsa:1956 hsa:5156 hsa:5159" type="gene"
        link="https://www.kegg.jp/dbget-bin/www_bget?hsa:1956+hsa:5156+hsa:5159">
        <graphics name="EGFR, ERBB, ERBB1, ERRP, HER1, NISBD2, PIG61, mENA..." fgcolor="#000000" bgcolor="#BFFFBF"
             type="rectangle" x="276" y="153" width="46" height="17"/>
    </entry>
    <entry id="60" name="hsa:1950 hsa:5154 hsa:5155 hsa:56034 hsa:80310" type="gene"
        link="https://www.kegg.jp/dbget-bin/www_bget?hsa:1950+hsa:5154+hsa:5155+hsa:56034+hsa:80310">
        <graphics name="EGF, HOMG4, URG..." fgcolor="#000000" bgcolor="#BFFFBF"
             type="rectangle" x="195" y="153" width="46" height="17"/>
    </entry>
    <entry id="61" name="hsa:153" type="gene"
        link="https://www.kegg.jp/dbget-bin/www_bget?hsa:153">
        <graphics name="ADRB1, ADRB1R, B1AR, BETA1AR, FNSS2, RHR" fgcolor="#000000" bgcolor="#BFFFBF"
             type="rectangle" x="276" y="573" width="46" height="17"/>
    </entry>
    <entry id="62" name="hsa:2778" type="gene"
        link="https://www.kegg.jp/dbget-bin/www_bget?hsa:2778">
        <graphics name="GNAS, AHO, C20orf45, GNAS1, GPSA, GSA, GSP, NESP, PITA3, POH, SCG6, SgVI" fgcolor="#000000" bgcolor="#BFFFBF"
             type="rectangle" x="368" y="590" width="46" height="17"/>
    </entry>
    <entry id="63" name="hsa:2767 hsa:2776" type="gene"
        link="https://www.kegg.jp/dbget-bin/www_bget?hsa:2767+hsa:2776">
        <graphics name="GNA11, FBH, FBH2, FHH2, GNA-11, HG1K, HHC2, HYPOC2..." fgcolor="#000000" bgcolor="#BFFFBF"
             type="rectangle" x="368" y="695" width="46" height="17"/>
    </entry>
    <entry id="64" name="hsa:2770 hsa:2771 hsa:2773" type="gene"
        link="https://www.kegg.jp/dbget-bin/www_bget?hsa:2770+hsa:2771+hsa:2773">
        <graphics name="GNAI1, Gi, HG1B, NEDHISB..." fgcolor="#000000" bgcolor="#BFFFBF"
             type="rectangle" x="368" y="643" width="46" height="17"/>
    </entry>
    <entry id="65" name="hsa:2911 hsa:2915" type="gene"
        link="https://www.kegg.jp/dbget-bin/www_bget?hsa:2911+hsa:2915">
        <graphics name="GRM1, GPRC1A, MGLU1, MGLUR1, PPP1R85, SCA44, SCAR13..." fgcolor="#000000" bgcolor="#BFFFBF"
             type="rectangle" x="276" y="709" width="46" height="17"/>
    </entry>
    <entry id="66" name="hsa:1813" type="gene"
        link="https://www.kegg.jp/dbget-bin/www_bget?hsa:1813">
        <graphics name="DRD2, D2DR, D2R" fgcolor="#000000" bgcolor="#BFFFBF"
             type="rectangle" x="276" y="643" width="46" height="17"/>
    </entry>
    <entry id="67" name="hsa:23236 hsa:5330 hsa:5331 hsa:5332" type="gene"
        link="https://www.kegg.jp/dbget-bin/www_bget?hsa:23236+hsa:5330+hsa:5331+hsa:5332">
        <graphics name="PLCB1, DEE12, EIEE12, PI-PLC, PLC-154, PLC-I, PLC-beta-1, PLC154, PLCB1A, PLCB1B..." fgcolor="#000000" bgcolor="#BFFFBF"
             type="rectangle" x="517" y="695" width="46" height="17"/>
    </entry>
    <entry id="68" name="hsa:1812" type="gene"
        link="https://www.kegg.jp/dbget-bin/www_bget?hsa:1812">
        <graphics name="DRD1, DADR, DRD1A" fgcolor="#000000" bgcolor="#BFFFBF"
             type="rectangle" x="276" y="608" width="46" height="17"/>
    </entry>
    <entry id="69" name="hsa:3708 hsa:3709 hsa:3710" type="gene"
        link="https://www.kegg.jp/dbget-bin/www_bget?hsa:3708+hsa:3709+hsa:3710">
        <graphics name="ITPR1, ACV, CLA4, INSP3R1, IP3R, IP3R1, PPP1R94, SCA15, SCA16, SCA29..." fgcolor="#000000" bgcolor="#BFFFBF"
             type="rectangle" x="680" y="695" width="46" height="17"/>
    </entry>
    <entry id="70" name="path:hsa04540" type="map"
        link="https://www.kegg.jp/dbget-bin/www_bget?hsa04540">
        <graphics name="TITLE:Gap junction" fgcolor="#000000" bgcolor="#FFFFFF"
             type="roundrectangle" x="102" y="58" width="124" height="25"/>
    </entry>
    <entry id="71" name="path:hsa04060" type="map"
        link="https://www.kegg.jp/dbget-bin/www_bget?hsa04060">
        <graphics name="Cytokine-cytokine receptor interaction" fgcolor="#000000" bgcolor="#FFFFFF"
             type="roundrectangle" x="98" y="143" width="110" height="45"/>
    </entry>
    <entry id="72" name="path:hsa04080" type="map"
        link="https://www.kegg.jp/dbget-bin/www_bget?hsa04080">
        <graphics name="Neuroactive ligand-receptor interaction" fgcolor="#000000" bgcolor="#FFFFFF"
             type="roundrectangle" x="99" y="625" width="114" height="45"/>
    </entry>
    <entry id="73" name="path:hsa04070" type="map"
        link="https://www.kegg.jp/dbget-bin/www_bget?hsa04070">
        <graphics name="Phosphatidylinositol signaling system" fgcolor="#000000" bgcolor="#FFFFFF"
             type="roundrectangle" x="500" y="647" width="110" height="34"/>
    </entry>
    <entry id="74" name="path:hsa04020" type="map"
        link="https://www.kegg.jp/dbget-bin/www_bget?hsa04020">
        <graphics name="Calcium signaling pathway" fgcolor="#000000" bgcolor="#FFFFFF"
             type="roundrectangle" x="590" y="732" width="113" height="34"/>
    </entry>
    <entry id="75" name="path:hsa04010" type="map"
        link="https://www.kegg.jp/dbget-bin/www_bget?hsa04010">
        <graphics name="MAPK signaling pathway" fgcolor="#000000" bgcolor="#FFFFFF"
             type="roundrectangle" x="628" y="181" width="112" height="34"/>
    </entry>
    <relation entry1="48" entry2="45" type="PPrel">
        <subtype name="compound" value="22"/>
    </relation>
    <relation entry1="67" entry2="24" type="PPrel">
        <subtype name="compound" value="21"/>
    </relation>
    <relation entry1="67" entry2="69" type="PPrel">
        <subtype name="compound" value="19"/>
    </relation>
    <relation entry1="69" entry2="24" type="PPrel">
        <subtype name="compound" value="18"/>
    </relation>
    <relation entry1="52" entry2="41" type="PPrel">
        <subtype name="compound" value="20"/>
    </relation>
    <relation entry1="44" entry2="16" type="PCrel">
    </relation>
    <relation entry1="61" entry2="37" type="PCrel">
    </relation>
    <relation entry1="68" entry2="36" type="PCrel">
    </relation>
    <relation entry1="66" entry2="36" type="PCrel">
    </relation>
    <relation entry1="42" entry2="26" type="PCrel">
    </relation>
    <relation entry1="65" entry2="27" type="PCrel">
    </relation>
    <relation entry1="52" entry2="25" type="PCrel">
    </relation>
    <relation entry1="44" entry2="28" type="PPrel">
        <subtype name="activation" value="--&gt;"/>
    </relation>
    <relation entry1="28" entry2="56" type="PPrel">
        <subtype name="activation" value="--&gt;"/>
    </relation>
    <relation entry1="56" entry2="55" type="PPrel">
        <subtype name="activation" value="--&gt;"/>
    </relation>
    <relation entry1="55" entry2="54" type="PPrel">
        <subtype name="activation" value="--&gt;"/>
    </relation>
    <relation entry1="54" entry2="53" type="PPrel">
        <subtype name="activation" value="--&gt;"/>
    </relation>
    <relation entry1="60" entry2="59" type="PPrel">
        <subtype name="activation" value="--&gt;"/>
    </relation>
    <relation entry1="59" entry2="58" type="PPrel">
        <subtype name="activation" value="--&gt;"/>
    </relation>
    <relation entry1="58" entry2="57" type="PPrel">
        <subtype name="activation" value="--&gt;"/>
    </relation>
    <relation entry1="57" entry2="56" type="PPrel">
        <subtype name="activation" value="--&gt;"/>
    </relation>
    <relation entry1="59" entry2="49" type="PPrel">
        <subtype name="activation" value="--&gt;"/>
    </relation>
    <relation entry1="49" entry2="39" type="PPrel">
        <subtype name="activation" value="--&gt;"/>
    </relation>
    <relation entry1="39" entry2="40" type="PPrel">
        <subtype name="activation" value="--&gt;"/>
    </relation>
    <relation entry1="40" entry2="38" type="PPrel">
        <subtype name="activation" value="--&gt;"/>
    </relation>
    <relation entry1="61" entry2="62" type="PPrel">
        <subtype name="activation" value="--&gt;"/>
    </relation>
    <relation entry1="68" entry2="62" type="PPrel">
        <subtype name="activation" value="--&gt;"/>
    </relation>
    <relation entry1="62" entry2="48" type="PPrel">
        <subtype name="activation" value="--&gt;"/>
    </relation>
    <relation entry1="66" entry2="64" type="PPrel">
        <subtype name="activation" value="--&gt;"/>
    </relation>
    <relation entry1="42" entry2="63" type="PPrel">
        <subtype name="activation" value="--&gt;"/>
    </relation>
    <relation entry1="65" entry2="63" type="PPrel">
        <subtype name="activation" value="--&gt;"/>
    </relation>
    <relation entry1="63" entry2="67" type="PPrel">
        <subtype name="activation" value="--&gt;"/>
    </relation>
    <relation entry1="35" entry2="51" type="PPrel">
        <subtype name="binding/association" value="---"/>
    </relation>
    <relation entry1="33" entry2="34" type="PPrel">
        <subtype name="binding/association" value="---"/>
    </relation>
    <relation entry1="34" entry2="50" type="PPrel">
        <subtype name="binding/association" value="---"/>
    </relation>
    <relation entry1="34" entry2="47" type="PPrel">
        <subtype name="binding/association" value="---"/>
    </relation>
    <relation entry1="30" entry2="32" type="PPrel">
        <subtype name="binding/association" value="---"/>
    </relation>
    <relation entry1="31" entry2="32" type="PPrel">
        <subtype name="binding/association" value="---"/>
    </relation>
    <relation entry1="29" entry2="31" type="PPrel">
        <subtype name="binding/association" value="---"/>
    </relation>
    <relation entry1="29" entry2="30" type="PPrel">
        <subtype name="binding/association" value="---"/>
    </relation>
    <relation entry1="23" entry2="33" type="PPrel">
        <subtype name="activation" value="--&gt;"/>
        <subtype name="phosphorylation" value="+p"/>
    </relation>
    <relation entry1="64" entry2="48" type="PPrel">
        <subtype name="inhibition" value="--|"/>
    </relation>
    <relation entry1="41" entry2="29" type="PPrel">
        <subtype name="indirect effect" value="..&gt;"/>
    </relation>
    <relation entry1="24" entry2="29" type="PPrel">
        <subtype name="indirect effect" value="..&gt;"/>
    </relation>
    <relation entry1="45" entry2="29" type="PPrel">
        <subtype name="indirect effect" value="..&gt;"/>
    </relation>
    <relation entry1="29" entry2="46" type="PPrel">
        <subtype name="binding/association" value="---"/>
    </relation>
    <relation entry1="49" entry2="31" type="PPrel">
        <subtype name="indirect effect" value="..&gt;"/>
    </relation>
    <relation entry1="38" entry2="31" type="PPrel">
        <subtype name="inhibition" value="--|"/>
        <subtype name="phosphorylation" value="+p"/>
    </relation>
    <relation entry1="53" entry2="31" type="PPrel">
        <subtype name="inhibition" value="--|"/>
        <subtype name="phosphorylation" value="+p"/>
    </relation>
    <relation entry1="43" entry2="29" type="PPrel">
        <subtype name="inhibition" value="--|"/>
        <subtype name="phosphorylation" value="+p"/>
    </relation>
    <relation entry1="45" entry2="31" type="PPrel">
        <subtype name="indirect effect" value="..&gt;"/>
    </relation>
    <relation entry1="24" entry2="31" type="PPrel">
        <subtype name="indirect effect" value="..&gt;"/>
    </relation>
    <relation entry1="41" entry2="31" type="PPrel">
        <subtype name="indirect effect" value="..&gt;"/>
    </relation>
    <relation entry1="38" entry2="29" type="PPrel">
        <subtype name="inhibition" value="--|"/>
        <subtype name="phosphorylation" value="+p"/>
    </relation>
    <relation entry1="53" entry2="29" type="PPrel">
        <subtype name="inhibition" value="--|"/>
        <subtype name="phosphorylation" value="+p"/>
    </relation>
    <relation entry1="49" entry2="29" type="PPrel">
        <subtype name="indirect effect" value="..&gt;"/>
    </relation>
</pathway>
