<?xml version="1.0"?>
<!DOCTYPE pathway SYSTEM "https://www.kegg.jp/kegg/xml/KGML_v0.7.2_.dtd">
<!-- Creation date: Mar 14, 2022 15:58:24 +0900 (GMT+9) -->
<pathway name="path:hsa03020" org="hsa" number="03020"
         title="RNA polymerase"
         image="https://www.kegg.jp/kegg/pathway/hsa/hsa03020.png"
         link="https://www.kegg.jp/kegg-bin/show_pathway?hsa03020">
    <entry id="2" name="path:hsa03020" type="map"
        link="https://www.kegg.jp/dbget-bin/www_bget?hsa03020">
        <graphics name="TITLE:RNA polymerase" fgcolor="#000000" bgcolor="#FFFFFF"
             type="roundrectangle" x="113" y="59" width="146" height="27"/>
    </entry>
    <entry id="17" name="hsa:5431" type="gene"
        link="https://www.kegg.jp/dbget-bin/www_bget?hsa:5431">
        <graphics name="POLR2B, POL2RB, RPB2, hRPB140" fgcolor="#000000" bgcolor="#BFFFBF"
             type="rectangle" x="90" y="787" width="46" height="17"/>
    </entry>
    <entry id="18" name="hsa:5430" type="gene"
        link="https://www.kegg.jp/dbget-bin/www_bget?hsa:5430">
        <graphics name="POLR2A, NEDHIB, POLR2, POLRA, RPB1, RPBh1, RPO2, RPOL2, RpIILS, hRPB220, hsRPB1" fgcolor="#000000" bgcolor="#BFFFBF"
             type="rectangle" x="90" y="804" width="46" height="17"/>
    </entry>
    <entry id="19" name="hsa:5432" type="gene"
        link="https://www.kegg.jp/dbget-bin/www_bget?hsa:5432">
        <graphics name="POLR2C, RPB3, RPB31, hRPB33, hsRPB3" fgcolor="#000000" bgcolor="#BFFFBF"
             type="rectangle" x="136" y="787" width="46" height="17"/>
    </entry>
    <entry id="20" name="hsa:5433" type="gene"
        link="https://www.kegg.jp/dbget-bin/www_bget?hsa:5433">
        <graphics name="POLR2D, HSRBP4, HSRPB4, RBP4, RPB16, RPB4" fgcolor="#000000" bgcolor="#BFFFBF"
             type="rectangle" x="193" y="787" width="46" height="17"/>
    </entry>
    <entry id="21" name="hsa:5434" type="gene"
        link="https://www.kegg.jp/dbget-bin/www_bget?hsa:5434">
        <graphics name="POLR2E, RPABC1, RPB5, XAP4, hRPB25, hsRPB5" fgcolor="#000000" bgcolor="#BFFFBF"
             type="rectangle" x="397" y="900" width="46" height="17"/>
    </entry>
    <entry id="22" name="hsa:5435" type="gene"
        link="https://www.kegg.jp/dbget-bin/www_bget?hsa:5435">
        <graphics name="POLR2F, HRBP14.4, POLRF, RPABC14.4, RPABC2, RPB14.4, RPB6, RPC15" fgcolor="#000000" bgcolor="#BFFFBF"
             type="rectangle" x="443" y="900" width="46" height="17"/>
    </entry>
    <entry id="23" name="hsa:5436" type="gene"
        link="https://www.kegg.jp/dbget-bin/www_bget?hsa:5436">
        <graphics name="POLR2G, RPB19, RPB7, hRPB19, hsRPB7" fgcolor="#000000" bgcolor="#BFFFBF"
             type="rectangle" x="239" y="787" width="46" height="17"/>
    </entry>
    <entry id="24" name="hsa:5437" type="gene"
        link="https://www.kegg.jp/dbget-bin/www_bget?hsa:5437">
        <graphics name="POLR2H, RPABC3, RPB17, RPB8" fgcolor="#000000" bgcolor="#BFFFBF"
             type="rectangle" x="489" y="900" width="46" height="17"/>
    </entry>
    <entry id="25" name="hsa:5438" type="gene"
        link="https://www.kegg.jp/dbget-bin/www_bget?hsa:5438">
        <graphics name="POLR2I, RPB9, hRPB14.5" fgcolor="#000000" bgcolor="#BFFFBF"
             type="rectangle" x="285" y="787" width="46" height="17"/>
    </entry>
    <entry id="26" name="hsa:5441" type="gene"
        link="https://www.kegg.jp/dbget-bin/www_bget?hsa:5441">
        <graphics name="POLR2L, RBP10, RPABC5, RPB10, RPB10beta, RPB7.6, hRPB7.6" fgcolor="#000000" bgcolor="#BFFFBF"
             type="rectangle" x="581" y="900" width="46" height="17"/>
    </entry>
    <entry id="27" name="hsa:246721 hsa:5439 hsa:548644" type="gene"
        link="https://www.kegg.jp/dbget-bin/www_bget?hsa:246721+hsa:5439+hsa:548644">
        <graphics name="POLR2J2, HRPB11B, RPB11b1..." fgcolor="#000000" bgcolor="#BFFFBF"
             type="rectangle" x="136" y="804" width="46" height="17"/>
    </entry>
    <entry id="28" name="hsa:5440" type="gene"
        link="https://www.kegg.jp/dbget-bin/www_bget?hsa:5440">
        <graphics name="POLR2K, ABC10-alpha, RPABC4, RPB10alpha, RPB12, RPB7.0, hRPB7.0, hsRPB10a" fgcolor="#000000" bgcolor="#BFFFBF"
             type="rectangle" x="535" y="900" width="46" height="17"/>
    </entry>
    <entry id="3" name="ko:K03043 ko:K13797" type="ortholog"
        link="https://www.kegg.jp/dbget-bin/www_bget?K03043+K13797">
        <graphics name="K03043..." fgcolor="#000000" bgcolor="#FFFFFF"
             type="rectangle" x="112" y="364" width="46" height="17"/>
    </entry>
    <entry id="4" name="ko:K03046 ko:K13797" type="ortholog"
        link="https://www.kegg.jp/dbget-bin/www_bget?K03046+K13797">
        <graphics name="K03046..." fgcolor="#000000" bgcolor="#FFFFFF"
             type="rectangle" x="112" y="381" width="46" height="17"/>
    </entry>
    <entry id="5" name="ko:K03040" type="ortholog"
        link="https://www.kegg.jp/dbget-bin/www_bget?K03040">
        <graphics name="K03040" fgcolor="#000000" bgcolor="#FFFFFF"
             type="rectangle" x="158" y="374" width="46" height="17"/>
    </entry>
    <entry id="6" name="ko:K03060" type="ortholog"
        link="https://www.kegg.jp/dbget-bin/www_bget?K03060">
        <graphics name="K03060" fgcolor="#000000" bgcolor="#FFFFFF"
             type="rectangle" x="204" y="374" width="46" height="17"/>
    </entry>
    <entry id="46" name="ko:K03048" type="ortholog"
        link="https://www.kegg.jp/dbget-bin/www_bget?K03048">
        <graphics name="K03048" fgcolor="#000000" bgcolor="#FFFFFF"
             type="rectangle" x="250" y="374" width="46" height="17"/>
    </entry>
    <entry id="39" name="hsa:84172" type="gene"
        link="https://www.kegg.jp/dbget-bin/www_bget?hsa:84172">
        <graphics name="POLR1B, A135, RPA135, RPA2, Rpo1-2, TCS4" fgcolor="#000000" bgcolor="#BFFFBF"
             type="rectangle" x="741" y="787" width="46" height="17"/>
    </entry>
    <entry id="40" name="hsa:25885" type="gene"
        link="https://www.kegg.jp/dbget-bin/www_bget?hsa:25885">
        <graphics name="POLR1A, A190, AFDCIN, RPA1, RPA190, RPA194, RPO1-4, RPO14" fgcolor="#000000" bgcolor="#BFFFBF"
             type="rectangle" x="741" y="804" width="46" height="17"/>
    </entry>
    <entry id="41" name="hsa:30834" type="gene"
        link="https://www.kegg.jp/dbget-bin/www_bget?hsa:30834">
        <graphics name="POLR1H, A12.2, HTEX-6, HTEX6, Rpa12, TCTEX6, TEX6, ZNRD1, ZR14, hZR14, tctex-6" fgcolor="#000000" bgcolor="#BFFFBF"
             type="rectangle" x="843" y="787" width="46" height="17"/>
    </entry>
    <entry id="42" name="ko:K03001" type="ortholog"
        link="https://www.kegg.jp/dbget-bin/www_bget?K03001">
        <graphics name="K03001" fgcolor="#000000" bgcolor="#FFFFFF"
             type="rectangle" x="889" y="787" width="46" height="17"/>
    </entry>
    <entry id="43" name="hsa:10849" type="gene"
        link="https://www.kegg.jp/dbget-bin/www_bget?hsa:10849">
        <graphics name="POLR1G, ASE-1, ASE1, CAST, CD3EAP, PAF49, RPA34" fgcolor="#000000" bgcolor="#BFFFBF"
             type="rectangle" x="935" y="787" width="46" height="17"/>
    </entry>
    <entry id="44" name="hsa:221830" type="gene"
        link="https://www.kegg.jp/dbget-bin/www_bget?hsa:221830">
        <graphics name="POLR1F, A43, RPA43, TWISTNB" fgcolor="#000000" bgcolor="#BFFFBF"
             type="rectangle" x="866" y="804" width="46" height="17"/>
    </entry>
    <entry id="45" name="hsa:64425" type="gene"
        link="https://www.kegg.jp/dbget-bin/www_bget?hsa:64425">
        <graphics name="POLR1E, A49, PAF53, PRAF1, RPA49" fgcolor="#000000" bgcolor="#BFFFBF"
             type="rectangle" x="912" y="804" width="46" height="17"/>
    </entry>
    <entry id="53" name="hsa:9533" type="gene"
        link="https://www.kegg.jp/dbget-bin/www_bget?hsa:9533">
        <graphics name="POLR1C, AC40, HLD11, RPA39, RPA40, RPA5, RPAC1, RPC40, TCS3" fgcolor="#000000" bgcolor="#BFFFBF"
             type="rectangle" x="787" y="804" width="46" height="17"/>
    </entry>
    <entry id="54" name="hsa:51082" type="gene"
        link="https://www.kegg.jp/dbget-bin/www_bget?hsa:51082">
        <graphics name="POLR1D, AC19, POLR1C, RPA16, RPA9, RPAC2, RPC16, RPO1-3, TCS2" fgcolor="#000000" bgcolor="#BFFFBF"
             type="rectangle" x="787" y="787" width="46" height="17"/>
    </entry>
    <entry id="7" name="ko:K03044 ko:K03045 ko:K13798" type="ortholog"
        link="https://www.kegg.jp/dbget-bin/www_bget?K03044+K03045+K13798">
        <graphics name="K03044..." fgcolor="#000000" bgcolor="#FFFFFF"
             type="rectangle" x="387" y="364" width="46" height="17"/>
    </entry>
    <entry id="8" name="ko:K03047" type="ortholog"
        link="https://www.kegg.jp/dbget-bin/www_bget?K03047">
        <graphics name="K03047" fgcolor="#000000" bgcolor="#FFFFFF"
             type="rectangle" x="433" y="364" width="46" height="17"/>
    </entry>
    <entry id="9" name="ko:K03041 ko:K03042" type="ortholog"
        link="https://www.kegg.jp/dbget-bin/www_bget?K03041+K03042">
        <graphics name="K03041..." fgcolor="#000000" bgcolor="#FFFFFF"
             type="rectangle" x="387" y="381" width="46" height="17"/>
    </entry>
    <entry id="10" name="ko:K03052" type="ortholog"
        link="https://www.kegg.jp/dbget-bin/www_bget?K03052">
        <graphics name="K03052" fgcolor="#000000" bgcolor="#FFFFFF"
             type="rectangle" x="581" y="364" width="46" height="17"/>
    </entry>
    <entry id="11" name="ko:K03051" type="ortholog"
        link="https://www.kegg.jp/dbget-bin/www_bget?K03051">
        <graphics name="K03051" fgcolor="#000000" bgcolor="#FFFFFF"
             type="rectangle" x="535" y="364" width="46" height="17"/>
    </entry>
    <entry id="12" name="ko:K03053" type="ortholog"
        link="https://www.kegg.jp/dbget-bin/www_bget?K03053">
        <graphics name="K03053" fgcolor="#000000" bgcolor="#FFFFFF"
             type="rectangle" x="627" y="364" width="46" height="17"/>
    </entry>
    <entry id="13" name="ko:K03055" type="ortholog"
        link="https://www.kegg.jp/dbget-bin/www_bget?K03055">
        <graphics name="K03055" fgcolor="#000000" bgcolor="#FFFFFF"
             type="rectangle" x="489" y="381" width="46" height="17"/>
    </entry>
    <entry id="14" name="ko:K03049 ko:K03050" type="ortholog"
        link="https://www.kegg.jp/dbget-bin/www_bget?K03049+K03050">
        <graphics name="K03049..." fgcolor="#000000" bgcolor="#FFFFFF"
             type="rectangle" x="489" y="364" width="46" height="17"/>
    </entry>
    <entry id="15" name="ko:K03058" type="ortholog"
        link="https://www.kegg.jp/dbget-bin/www_bget?K03058">
        <graphics name="K03058" fgcolor="#000000" bgcolor="#FFFFFF"
             type="rectangle" x="535" y="381" width="46" height="17"/>
    </entry>
    <entry id="16" name="ko:K03056" type="ortholog"
        link="https://www.kegg.jp/dbget-bin/www_bget?K03056">
        <graphics name="K03056" fgcolor="#000000" bgcolor="#FFFFFF"
             type="rectangle" x="433" y="381" width="46" height="17"/>
    </entry>
    <entry id="47" name="ko:K03059" type="ortholog"
        link="https://www.kegg.jp/dbget-bin/www_bget?K03059">
        <graphics name="K03059" fgcolor="#000000" bgcolor="#FFFFFF"
             type="rectangle" x="581" y="381" width="46" height="17"/>
    </entry>
    <entry id="66" name="ko:K00960" type="ortholog"
        link="https://www.kegg.jp/dbget-bin/www_bget?K00960">
        <graphics name="K00960" fgcolor="#000000" bgcolor="#FFFFFF"
             type="rectangle" x="627" y="381" width="46" height="17"/>
    </entry>
    <entry id="29" name="hsa:55703" type="gene"
        link="https://www.kegg.jp/dbget-bin/www_bget?hsa:55703">
        <graphics name="POLR3B, C128, CMT1I, HLD8, INMAP, RPC2" fgcolor="#000000" bgcolor="#BFFFBF"
             type="rectangle" x="387" y="786" width="46" height="17"/>
    </entry>
    <entry id="30" name="hsa:11128" type="gene"
        link="https://www.kegg.jp/dbget-bin/www_bget?hsa:11128">
        <graphics name="POLR3A, ADDH, C160, HLD7, RPC1, RPC155, WDRTS, hRPC155" fgcolor="#000000" bgcolor="#BFFFBF"
             type="rectangle" x="387" y="803" width="46" height="17"/>
    </entry>
    <entry id="31" name="hsa:10623" type="gene"
        link="https://www.kegg.jp/dbget-bin/www_bget?hsa:10623">
        <graphics name="POLR3C, C82, RPC3, RPC62" fgcolor="#000000" bgcolor="#BFFFBF"
             type="rectangle" x="489" y="786" width="46" height="17"/>
    </entry>
    <entry id="32" name="hsa:661" type="gene"
        link="https://www.kegg.jp/dbget-bin/www_bget?hsa:661">
        <graphics name="POLR3D, BN51T, C53, RPC4, RPC53, TSBN51" fgcolor="#000000" bgcolor="#BFFFBF"
             type="rectangle" x="535" y="786" width="46" height="17"/>
    </entry>
    <entry id="33" name="hsa:9533" type="gene"
        link="https://www.kegg.jp/dbget-bin/www_bget?hsa:9533">
        <graphics name="POLR1C, AC40, HLD11, RPA39, RPA40, RPA5, RPAC1, RPC40, TCS3" fgcolor="#000000" bgcolor="#BFFFBF"
             type="rectangle" x="433" y="803" width="46" height="17"/>
    </entry>
    <entry id="34" name="hsa:51728" type="gene"
        link="https://www.kegg.jp/dbget-bin/www_bget?hsa:51728">
        <graphics name="POLR3K, C11, C11-RNP3, HLD21, My010, RPC10, RPC11, RPC12.5" fgcolor="#000000" bgcolor="#BFFFBF"
             type="rectangle" x="627" y="803" width="46" height="17"/>
    </entry>
    <entry id="35" name="hsa:51082" type="gene"
        link="https://www.kegg.jp/dbget-bin/www_bget?hsa:51082">
        <graphics name="POLR1D, AC19, POLR1C, RPA16, RPA9, RPAC2, RPC16, RPO1-3, TCS2" fgcolor="#000000" bgcolor="#BFFFBF"
             type="rectangle" x="433" y="786" width="46" height="17"/>
    </entry>
    <entry id="36" name="hsa:171568" type="gene"
        link="https://www.kegg.jp/dbget-bin/www_bget?hsa:171568">
        <graphics name="POLR3H, C25, RPC22.9, RPC8" fgcolor="#000000" bgcolor="#BFFFBF"
             type="rectangle" x="535" y="803" width="46" height="17"/>
    </entry>
    <entry id="37" name="hsa:10622 hsa:84265" type="gene"
        link="https://www.kegg.jp/dbget-bin/www_bget?hsa:10622+hsa:84265">
        <graphics name="POLR3G, C31, RPC32, RPC7..." fgcolor="#000000" bgcolor="#BFFFBF"
             type="rectangle" x="489" y="803" width="46" height="17"/>
    </entry>
    <entry id="38" name="hsa:10621" type="gene"
        link="https://www.kegg.jp/dbget-bin/www_bget?hsa:10621">
        <graphics name="POLR3F, C34, IMD101, RPC39, RPC6" fgcolor="#000000" bgcolor="#BFFFBF"
             type="rectangle" x="627" y="786" width="46" height="17"/>
    </entry>
    <entry id="49" name="hsa:55718" type="gene"
        link="https://www.kegg.jp/dbget-bin/www_bget?hsa:55718">
        <graphics name="POLR3E, C37, RPC5, SIN" fgcolor="#000000" bgcolor="#BFFFBF"
             type="rectangle" x="581" y="786" width="46" height="17"/>
    </entry>
    <entry id="59" name="hsa:27297" type="gene"
        link="https://www.kegg.jp/dbget-bin/www_bget?hsa:27297">
        <graphics name="CRCP, C17, CGRP-RCP, CGRPRCP, POLR3I, POLR3J, RCP, RCP9, RPC9" fgcolor="#000000" bgcolor="#BFFFBF"
             type="rectangle" x="581" y="803" width="46" height="17"/>
    </entry>
    <entry id="78" name="ko:K16250" type="ortholog"
        link="https://www.kegg.jp/dbget-bin/www_bget?K16250">
        <graphics name="K16250" fgcolor="#000000" bgcolor="#FFFFFF"
             type="rectangle" x="397" y="1000" width="46" height="17"/>
    </entry>
    <entry id="79" name="ko:K16252" type="ortholog"
        link="https://www.kegg.jp/dbget-bin/www_bget?K16252">
        <graphics name="K16252" fgcolor="#000000" bgcolor="#FFFFFF"
             type="rectangle" x="443" y="1010" width="46" height="17"/>
    </entry>
    <entry id="81" name="ko:K16253" type="ortholog"
        link="https://www.kegg.jp/dbget-bin/www_bget?K16253">
        <graphics name="K16253" fgcolor="#000000" bgcolor="#FFFFFF"
             type="rectangle" x="489" y="1010" width="46" height="17"/>
    </entry>
    <entry id="82" name="ko:K16251" type="ortholog"
        link="https://www.kegg.jp/dbget-bin/www_bget?K16251">
        <graphics name="K16251" fgcolor="#000000" bgcolor="#FFFFFF"
             type="rectangle" x="397" y="1017" width="46" height="17"/>
    </entry>
    <entry id="106" name="hsa:81488" type="gene"
        link="https://www.kegg.jp/dbget-bin/www_bget?hsa:81488">
        <graphics name="POLR2M, GCOM1, GRINL1A, Gdown, Gdown1" fgcolor="#000000" bgcolor="#BFFFBF"
             type="rectangle" x="285" y="808" width="46" height="17"/>
    </entry>
    <entry id="109" name="ko:K25276" type="ortholog"
        link="https://www.kegg.jp/dbget-bin/www_bget?K25276">
        <graphics name="K25276" fgcolor="#000000" bgcolor="#FFFFFF"
             type="rectangle" x="795" y="381" width="46" height="17"/>
    </entry>
    <entry id="110" name="ko:K21081" type="ortholog"
        link="https://www.kegg.jp/dbget-bin/www_bget?K21081">
        <graphics name="K21081" fgcolor="#000000" bgcolor="#FFFFFF"
             type="rectangle" x="897" y="381" width="46" height="17"/>
    </entry>
    <entry id="111" name="ko:K25274" type="ortholog"
        link="https://www.kegg.jp/dbget-bin/www_bget?K25274">
        <graphics name="K25274" fgcolor="#000000" bgcolor="#FFFFFF"
             type="rectangle" x="749" y="364" width="46" height="17"/>
    </entry>
    <entry id="112" name="ko:K25278" type="ortholog"
        link="https://www.kegg.jp/dbget-bin/www_bget?K25278">
        <graphics name="K25278" fgcolor="#000000" bgcolor="#FFFFFF"
             type="rectangle" x="795" y="364" width="46" height="17"/>
    </entry>
    <entry id="113" name="ko:K25273" type="ortholog"
        link="https://www.kegg.jp/dbget-bin/www_bget?K25273">
        <graphics name="K25273" fgcolor="#000000" bgcolor="#FFFFFF"
             type="rectangle" x="749" y="381" width="46" height="17"/>
    </entry>
    <entry id="114" name="ko:K25279" type="ortholog"
        link="https://www.kegg.jp/dbget-bin/www_bget?K25279">
        <graphics name="K25279" fgcolor="#000000" bgcolor="#FFFFFF"
             type="rectangle" x="851" y="381" width="46" height="17"/>
    </entry>
    <entry id="115" name="ko:K25277" type="ortholog"
        link="https://www.kegg.jp/dbget-bin/www_bget?K25277">
        <graphics name="K25277" fgcolor="#000000" bgcolor="#FFFFFF"
             type="rectangle" x="897" y="364" width="46" height="17"/>
    </entry>
    <entry id="116" name="ko:K25275" type="ortholog"
        link="https://www.kegg.jp/dbget-bin/www_bget?K25275">
        <graphics name="K25275" fgcolor="#000000" bgcolor="#FFFFFF"
             type="rectangle" x="851" y="364" width="46" height="17"/>
    </entry>
</pathway>
