<?xml version="1.0"?>
<!DOCTYPE pathway SYSTEM "https://www.kegg.jp/kegg/xml/KGML_v0.7.2_.dtd">
<!-- Creation date: Oct 6, 2020 14:44:56 +0900 (GMT+9) -->
<pathway name="path:hsa05016" org="hsa" number="05016"
         title="Huntington disease"
         image="https://www.kegg.jp/kegg/pathway/hsa/hsa05016.png"
         link="https://www.kegg.jp/kegg-bin/show_pathway?hsa05016">
    <entry id="12" name="path:hsa05016" type="map"
        link="https://www.kegg.jp/dbget-bin/www_bget?hsa05016">
        <graphics name="TITLE:Huntington disease" fgcolor="#000000" bgcolor="#FFFFFF"
             type="roundrectangle" x="136" y="58" width="192" height="25"/>
    </entry>
    <entry id="15" name="hsa:100532726 hsa:126328 hsa:374291 hsa:4535 hsa:4536 hsa:4537 hsa:4538 hsa:4539 hsa:4540 hsa:4541 hsa:4694 hsa:4695 hsa:4696 hsa:4697 hsa:4698 hsa:4700 hsa:4701 hsa:4702 hsa:4704 hsa:4705 hsa:4706 hsa:4707 hsa:4708 hsa:4709 hsa:4710 hsa:4711 hsa:4712 hsa:4713 hsa:4714 hsa:4715 hsa:4716 hsa:4717 hsa:4718 hsa:4719 hsa:4720 hsa:4722 hsa:4723 hsa:4724 hsa:4725 hsa:4726 hsa:4728 hsa:4729 hsa:4731 hsa:51079 hsa:54539 hsa:55967 hsa:56901" type="gene"
        link="https://www.kegg.jp/dbget-bin/www_bget?hsa:100532726+hsa:126328+hsa:374291+hsa:4535+hsa:4536+hsa:4537+hsa:4538+hsa:4539+hsa:4540+hsa:4541+hsa:4694+hsa:4695+hsa:4696+hsa:4697+hsa:4698+hsa:4700+hsa:4701+hsa:4702+hsa:4704+hsa:4705+hsa:4706+hsa:4707+hsa:4708+hsa:4709+hsa:4710+hsa:4711+hsa:4712+hsa:4713+hsa:4714+hsa:4715+hsa:4716+hsa:4717+hsa:4718+hsa:4719+hsa:4720+hsa:4722+hsa:4723+hsa:4724+hsa:4725+hsa:4726+hsa:4728+hsa:4729+hsa:4731+hsa:51079+hsa:54539+hsa:55967+hsa:56901">
        <graphics name="NDUFC2-KCTD14..." fgcolor="#000000" bgcolor="#BFFFBF"
             type="rectangle" x="744" y="724" width="46" height="17"/>
    </entry>
    <entry id="16" name="hsa:6389 hsa:6390 hsa:6391 hsa:6392" type="gene"
        link="https://www.kegg.jp/dbget-bin/www_bget?hsa:6389+hsa:6390+hsa:6391+hsa:6392">
        <graphics name="SDHA, CMD1GG, FP, MC2DN1, NDAXOA, PGL5, SDH1, SDH2, SDHF..." fgcolor="#000000" bgcolor="#BFFFBF"
             type="rectangle" x="744" y="754" width="46" height="17"/>
    </entry>
    <entry id="17" name="hsa:10975 hsa:1537 hsa:27089 hsa:29796 hsa:440567 hsa:4519 hsa:7381 hsa:7384 hsa:7385 hsa:7386 hsa:7388" type="gene"
        link="https://www.kegg.jp/dbget-bin/www_bget?hsa:10975+hsa:1537+hsa:27089+hsa:29796+hsa:440567+hsa:4519+hsa:7381+hsa:7384+hsa:7385+hsa:7386+hsa:7388">
        <graphics name="UQCR11, 0710008D09Rik, QCR10, UQCR..." fgcolor="#000000" bgcolor="#BFFFBF"
             type="rectangle" x="744" y="784" width="46" height="17"/>
    </entry>
    <entry id="18" name="hsa:125965 hsa:1327 hsa:1329 hsa:1337 hsa:1339 hsa:1340 hsa:1345 hsa:1346 hsa:1347 hsa:1349 hsa:1350 hsa:1351 hsa:170712 hsa:341947 hsa:4512 hsa:4513 hsa:4514 hsa:84701 hsa:9167 hsa:9377" type="gene"
        link="https://www.kegg.jp/dbget-bin/www_bget?hsa:125965+hsa:1327+hsa:1329+hsa:1337+hsa:1339+hsa:1340+hsa:1345+hsa:1346+hsa:1347+hsa:1349+hsa:1350+hsa:1351+hsa:170712+hsa:341947+hsa:4512+hsa:4513+hsa:4514+hsa:84701+hsa:9167+hsa:9377">
        <graphics name="COX6B2, COXVIB2, CT59..." fgcolor="#000000" bgcolor="#BFFFBF"
             type="rectangle" x="744" y="814" width="46" height="17"/>
    </entry>
    <entry id="19" name="hsa:10476 hsa:4508 hsa:4509 hsa:498 hsa:506 hsa:509 hsa:513 hsa:514 hsa:515 hsa:516 hsa:517 hsa:518 hsa:522 hsa:539" type="gene"
        link="https://www.kegg.jp/dbget-bin/www_bget?hsa:10476+hsa:4508+hsa:4509+hsa:498+hsa:506+hsa:509+hsa:513+hsa:514+hsa:515+hsa:516+hsa:517+hsa:518+hsa:522+hsa:539">
        <graphics name="ATP5PD, APT5H, ATP5H, ATPQ..." fgcolor="#000000" bgcolor="#BFFFBF"
             type="rectangle" x="744" y="844" width="46" height="17"/>
    </entry>
    <entry id="21" name="hsa:3064" type="gene"
        link="https://www.kegg.jp/dbget-bin/www_bget?hsa:3064">
        <graphics name="HTT, HD, IT15, LOMARS" fgcolor="#000000" bgcolor="#BFFFBF"
             type="rectangle" x="936" y="205" width="46" height="17"/>
    </entry>
    <entry id="22" name="hsa:3064" type="gene"
        link="https://www.kegg.jp/dbget-bin/www_bget?hsa:3064">
        <graphics name="HTT, HD, IT15, LOMARS" fgcolor="#000000" bgcolor="#BFFFBF"
             type="rectangle" x="764" y="221" width="46" height="17"/>
    </entry>
    <entry id="23" name="hsa:3064" type="gene"
        link="https://www.kegg.jp/dbget-bin/www_bget?hsa:3064">
        <graphics name="HTT, HD, IT15, LOMARS" fgcolor="#000000" bgcolor="#BFFFBF"
             type="rectangle" x="387" y="759" width="46" height="17"/>
    </entry>
    <entry id="24" name="hsa:3064" type="gene"
        link="https://www.kegg.jp/dbget-bin/www_bget?hsa:3064">
        <graphics name="HTT, HD, IT15, LOMARS" fgcolor="#000000" bgcolor="#BFFFBF"
             type="rectangle" x="655" y="753" width="46" height="17"/>
    </entry>
    <entry id="25" name="hsa:3064" type="gene"
        link="https://www.kegg.jp/dbget-bin/www_bget?hsa:3064">
        <graphics name="HTT, HD, IT15, LOMARS" fgcolor="#000000" bgcolor="#BFFFBF"
             type="rectangle" x="754" y="76" width="46" height="17"/>
    </entry>
    <entry id="26" name="hsa:5978" type="gene"
        link="https://www.kegg.jp/dbget-bin/www_bget?hsa:5978">
        <graphics name="REST, DFNA27, GINGF5, HGF5, NRSF, WT6, XBR" fgcolor="#000000" bgcolor="#BFFFBF"
             type="rectangle" x="784" y="119" width="46" height="17"/>
    </entry>
    <entry id="29" name="hsa:5978" type="gene"
        link="https://www.kegg.jp/dbget-bin/www_bget?hsa:5978">
        <graphics name="REST, DFNA27, GINGF5, HGF5, NRSF, WT6, XBR" fgcolor="#000000" bgcolor="#BFFFBF"
             type="rectangle" x="912" y="122" width="46" height="17"/>
    </entry>
    <entry id="30" name="hsa:23186" type="gene"
        link="https://www.kegg.jp/dbget-bin/www_bget?hsa:23186">
        <graphics name="RCOR1, COREST, RCOR" fgcolor="#000000" bgcolor="#BFFFBF"
             type="rectangle" x="958" y="105" width="46" height="17"/>
    </entry>
    <entry id="31" name="hsa:25942" type="gene"
        link="https://www.kegg.jp/dbget-bin/www_bget?hsa:25942">
        <graphics name="SIN3A, WITKOS" fgcolor="#000000" bgcolor="#BFFFBF"
             type="rectangle" x="912" y="105" width="46" height="17"/>
    </entry>
    <entry id="32" name="hsa:3065 hsa:3066" type="gene"
        link="https://www.kegg.jp/dbget-bin/www_bget?hsa:3065+hsa:3066">
        <graphics name="HDAC1, GON-10, HD1, KDAC1, RPD3, RPD3L1..." fgcolor="#000000" bgcolor="#BFFFBF"
             type="rectangle" x="958" y="122" width="46" height="17"/>
    </entry>
    <entry id="36" name="hsa:627" type="gene"
        link="https://www.kegg.jp/dbget-bin/www_bget?hsa:627">
        <graphics name="BDNF, ANON2, BULN2" fgcolor="#000000" bgcolor="#BFFFBF"
             type="rectangle" x="716" y="165" width="46" height="17"/>
    </entry>
    <entry id="37" name="hsa:9001" type="gene"
        link="https://www.kegg.jp/dbget-bin/www_bget?hsa:9001">
        <graphics name="HAP1, HAP2, HIP5, HLP, hHLP1" fgcolor="#000000" bgcolor="#BFFFBF"
             type="rectangle" x="718" y="221" width="46" height="17"/>
    </entry>
    <entry id="38" name="hsa:1387 hsa:2033" type="gene"
        link="https://www.kegg.jp/dbget-bin/www_bget?hsa:1387+hsa:2033">
        <graphics name="CREBBP, CBP, KAT3A, MKHK1, RSTS, RSTS1..." fgcolor="#000000" bgcolor="#BFFFBF"
             type="rectangle" x="956" y="188" width="46" height="17"/>
    </entry>
    <entry id="41" name="hsa:246721 hsa:5430 hsa:5431 hsa:5432 hsa:5433 hsa:5434 hsa:5435 hsa:5436 hsa:5437 hsa:5438 hsa:5439 hsa:5440 hsa:5441 hsa:548644" type="gene"
        link="https://www.kegg.jp/dbget-bin/www_bget?hsa:246721+hsa:5430+hsa:5431+hsa:5432+hsa:5433+hsa:5434+hsa:5435+hsa:5436+hsa:5437+hsa:5438+hsa:5439+hsa:5440+hsa:5441+hsa:548644">
        <graphics name="POLR2J2, HRPB11B, RPB11b1..." fgcolor="#000000" bgcolor="#BFFFBF"
             type="rectangle" x="1017" y="150" width="46" height="17"/>
    </entry>
    <entry id="47" name="hsa:2902 hsa:2904" type="gene"
        link="https://www.kegg.jp/dbget-bin/www_bget?hsa:2902+hsa:2904">
        <graphics name="GRIN1, DEE101, GluN1, MRD8, NDHMSD, NDHMSR, NMD-R1, NMDA1, NMDAR1, NR1..." fgcolor="#000000" bgcolor="#BFFFBF"
             type="rectangle" x="308" y="690" width="46" height="17"/>
    </entry>
    <entry id="48" name="hsa:1742" type="gene"
        link="https://www.kegg.jp/dbget-bin/www_bget?hsa:1742">
        <graphics name="DLG4, MRD62, PSD95, SAP-90, SAP90" fgcolor="#000000" bgcolor="#BFFFBF"
             type="rectangle" x="363" y="722" width="46" height="17"/>
    </entry>
    <entry id="49" name="hsa:2776" type="gene"
        link="https://www.kegg.jp/dbget-bin/www_bget?hsa:2776">
        <graphics name="GNAQ, CMC1, G-ALPHA-q, GAQ, SWS" fgcolor="#000000" bgcolor="#BFFFBF"
             type="rectangle" x="389" y="567" width="46" height="17"/>
    </entry>
    <entry id="51" name="hsa:2915" type="gene"
        link="https://www.kegg.jp/dbget-bin/www_bget?hsa:2915">
        <graphics name="GRM5, GPRC1E, MGLUR5, PPP1R86, mGlu5" fgcolor="#000000" bgcolor="#BFFFBF"
             type="rectangle" x="308" y="567" width="46" height="17"/>
    </entry>
    <entry id="52" name="hsa:23236 hsa:5330 hsa:5331 hsa:5332" type="gene"
        link="https://www.kegg.jp/dbget-bin/www_bget?hsa:23236+hsa:5330+hsa:5331+hsa:5332">
        <graphics name="PLCB1, DEE12, EIEE12, PI-PLC, PLC-154, PLC-I, PLC-beta-1, PLC154, PLCB1A, PLCB1B..." fgcolor="#000000" bgcolor="#BFFFBF"
             type="rectangle" x="470" y="567" width="46" height="17"/>
    </entry>
    <entry id="53" name="hsa:3708" type="gene"
        link="https://www.kegg.jp/dbget-bin/www_bget?hsa:3708">
        <graphics name="ITPR1, ACV, CLA4, INSP3R1, IP3R, IP3R1, PPP1R94, SCA15, SCA16, SCA29" fgcolor="#000000" bgcolor="#BFFFBF"
             type="rectangle" x="563" y="690" width="46" height="17"/>
    </entry>
    <entry id="59" name="cpd:C01245" type="compound"
        link="https://www.kegg.jp/dbget-bin/www_bget?C01245">
        <graphics name="C01245" fgcolor="#000000" bgcolor="#FFFFFF"
             type="circle" x="524" y="638" width="8" height="8"/>
    </entry>
    <entry id="60" name="cpd:C00076" type="compound"
        link="https://www.kegg.jp/dbget-bin/www_bget?C00076">
        <graphics name="C00076" fgcolor="#000000" bgcolor="#FFFFFF"
             type="circle" x="417" y="690" width="8" height="8"/>
    </entry>
    <entry id="61" name="hsa:3064" type="gene"
        link="https://www.kegg.jp/dbget-bin/www_bget?hsa:3064">
        <graphics name="HTT, HD, IT15, LOMARS" fgcolor="#000000" bgcolor="#BFFFBF"
             type="rectangle" x="514" y="723" width="46" height="17"/>
    </entry>
    <entry id="66" name="hsa:10105 hsa:291 hsa:292 hsa:293 hsa:7416 hsa:7417 hsa:7419 hsa:83447" type="gene"
        link="https://www.kegg.jp/dbget-bin/www_bget?hsa:10105+hsa:291+hsa:292+hsa:293+hsa:7416+hsa:7417+hsa:7419+hsa:83447">
        <graphics name="PPIF, CYP3, CyP-M, Cyp-D, CypD..." fgcolor="#000000" bgcolor="#BFFFBF"
             type="rectangle" x="925" y="887" width="46" height="17"/>
    </entry>
    <entry id="67" name="hsa:54205" type="gene"
        link="https://www.kegg.jp/dbget-bin/www_bget?hsa:54205">
        <graphics name="CYCS, CYC, HCS, THC4" fgcolor="#000000" bgcolor="#BFFFBF"
             type="rectangle" x="925" y="922" width="46" height="17"/>
    </entry>
    <entry id="69" name="hsa:6874 hsa:6875" type="gene"
        link="https://www.kegg.jp/dbget-bin/www_bget?hsa:6874+hsa:6875">
        <graphics name="TAF4, TAF(II)130, TAF(II)135, TAF2C, TAF2C1, TAF4A, TAFII-130, TAFII-135, TAFII130, TAFII135..." fgcolor="#000000" bgcolor="#BFFFBF"
             type="rectangle" x="1015" y="239" width="46" height="17"/>
    </entry>
    <entry id="75" name="hsa:7019" type="gene"
        link="https://www.kegg.jp/dbget-bin/www_bget?hsa:7019">
        <graphics name="TFAM, MTDPS15, MTTF1, MTTFA, TCF6, TCF6L1, TCF6L2, TCF6L3" fgcolor="#000000" bgcolor="#BFFFBF"
             type="rectangle" x="643" y="508" width="46" height="17"/>
    </entry>
    <entry id="76" name="hsa:4899" type="gene"
        link="https://www.kegg.jp/dbget-bin/www_bget?hsa:4899">
        <graphics name="NRF1, ALPHA-PAL" fgcolor="#000000" bgcolor="#BFFFBF"
             type="rectangle" x="696" y="508" width="46" height="17"/>
    </entry>
    <entry id="77" name="hsa:6648" type="gene"
        link="https://www.kegg.jp/dbget-bin/www_bget?hsa:6648">
        <graphics name="SOD2, GC1, GClnc1, IPO-B, IPOB, MNSOD, MVCD6, Mn-SOD" fgcolor="#000000" bgcolor="#BFFFBF"
             type="rectangle" x="696" y="544" width="46" height="17"/>
    </entry>
    <entry id="78" name="hsa:257202 hsa:2876 hsa:2877 hsa:2878 hsa:2880 hsa:2882 hsa:493869" type="gene"
        link="https://www.kegg.jp/dbget-bin/www_bget?hsa:257202+hsa:2876+hsa:2877+hsa:2878+hsa:2880+hsa:2882+hsa:493869">
        <graphics name="GPX6, GPX5p, GPXP3, GPx-6, GSHPx-6, dJ1186N24, dJ1186N24.1..." fgcolor="#000000" bgcolor="#BFFFBF"
             type="rectangle" x="752" y="544" width="46" height="17"/>
    </entry>
    <entry id="79" name="hsa:7350" type="gene"
        link="https://www.kegg.jp/dbget-bin/www_bget?hsa:7350">
        <graphics name="UCP1, SLC25A7, UCP" fgcolor="#000000" bgcolor="#BFFFBF"
             type="rectangle" x="643" y="583" width="46" height="17"/>
    </entry>
    <entry id="80" name="hsa:6647" type="gene"
        link="https://www.kegg.jp/dbget-bin/www_bget?hsa:6647">
        <graphics name="SOD1, ALS, ALS1, HEL-S-44, IPOA, SOD, STAHP, hSod1, homodimer" fgcolor="#000000" bgcolor="#BFFFBF"
             type="rectangle" x="643" y="544" width="46" height="17"/>
    </entry>
    <entry id="85" name="hsa:3064" type="gene"
        link="https://www.kegg.jp/dbget-bin/www_bget?hsa:3064">
        <graphics name="HTT, HD, IT15, LOMARS" fgcolor="#000000" bgcolor="#BFFFBF"
             type="rectangle" x="892" y="589" width="46" height="17"/>
    </entry>
    <entry id="86" name="hsa:387332 hsa:6908 hsa:9519" type="gene"
        link="https://www.kegg.jp/dbget-bin/www_bget?hsa:387332+hsa:6908+hsa:9519">
        <graphics name="TBPL2, TBP2, TRF3..." fgcolor="#000000" bgcolor="#BFFFBF"
             type="rectangle" x="950" y="262" width="46" height="17"/>
    </entry>
    <entry id="87" name="hsa:7157" type="gene"
        link="https://www.kegg.jp/dbget-bin/www_bget?hsa:7157">
        <graphics name="TP53, BCC7, BMFS5, LFS1, P53, TRP53" fgcolor="#000000" bgcolor="#BFFFBF"
             type="rectangle" x="912" y="572" width="46" height="17"/>
    </entry>
    <entry id="88" name="hsa:3064" type="gene"
        link="https://www.kegg.jp/dbget-bin/www_bget?hsa:3064">
        <graphics name="HTT, HD, IT15, LOMARS" fgcolor="#000000" bgcolor="#BFFFBF"
             type="rectangle" x="931" y="279" width="46" height="17"/>
    </entry>
    <entry id="126" name="hsa:1211 hsa:1212 hsa:1213 hsa:8218" type="gene"
        link="https://www.kegg.jp/dbget-bin/www_bget?hsa:1211+hsa:1212+hsa:1213+hsa:8218">
        <graphics name="CLTA, LCA..." fgcolor="#000000" bgcolor="#BFFFBF"
             type="rectangle" x="404" y="180" width="46" height="17"/>
    </entry>
    <entry id="127" name="hsa:1173 hsa:1175 hsa:160 hsa:161 hsa:163" type="gene"
        link="https://www.kegg.jp/dbget-bin/www_bget?hsa:1173+hsa:1175+hsa:160+hsa:161+hsa:163">
        <graphics name="AP2M1, AP50, CLAPM1, MRD60, mu2..." fgcolor="#000000" bgcolor="#BFFFBF"
             type="rectangle" x="450" y="188" width="46" height="17"/>
    </entry>
    <entry id="128" name="hsa:3064" type="gene"
        link="https://www.kegg.jp/dbget-bin/www_bget?hsa:3064">
        <graphics name="HTT, HD, IT15, LOMARS" fgcolor="#000000" bgcolor="#BFFFBF"
             type="rectangle" x="521" y="180" width="46" height="17"/>
    </entry>
    <entry id="129" name="hsa:3092" type="gene"
        link="https://www.kegg.jp/dbget-bin/www_bget?hsa:3092">
        <graphics name="HIP1, HIP-I, ILWEQ, SHON, SHONbeta, SHONgamma" fgcolor="#000000" bgcolor="#BFFFBF"
             type="rectangle" x="450" y="171" width="46" height="17"/>
    </entry>
    <entry id="133" name="hsa:3092" type="gene"
        link="https://www.kegg.jp/dbget-bin/www_bget?hsa:3092">
        <graphics name="HIP1, HIP-I, ILWEQ, SHON, SHONbeta, SHONgamma" fgcolor="#000000" bgcolor="#BFFFBF"
             type="rectangle" x="469" y="419" width="46" height="17"/>
    </entry>
    <entry id="134" name="hsa:55081" type="gene"
        link="https://www.kegg.jp/dbget-bin/www_bget?hsa:55081">
        <graphics name="IFT57, ESRRBL1, HIPPI, MHS4R2, OFD18" fgcolor="#000000" bgcolor="#BFFFBF"
             type="rectangle" x="469" y="436" width="46" height="17"/>
    </entry>
    <entry id="135" name="hsa:841" type="gene"
        link="https://www.kegg.jp/dbget-bin/www_bget?hsa:841">
        <graphics name="CASP8, ALPS2B, CAP4, Casp-8, FLICE, MACH, MCH5" fgcolor="#000000" bgcolor="#BFFFBF"
             type="rectangle" x="469" y="453" width="46" height="17"/>
    </entry>
    <entry id="136" name="hsa:3064" type="gene"
        link="https://www.kegg.jp/dbget-bin/www_bget?hsa:3064">
        <graphics name="HTT, HD, IT15, LOMARS" fgcolor="#000000" bgcolor="#BFFFBF"
             type="rectangle" x="416" y="387" width="46" height="17"/>
    </entry>
    <entry id="137" name="hsa:836" type="gene"
        link="https://www.kegg.jp/dbget-bin/www_bget?hsa:836">
        <graphics name="CASP3, CPP32, CPP32B, SCA-1" fgcolor="#000000" bgcolor="#BFFFBF"
             type="rectangle" x="548" y="453" width="46" height="17"/>
    </entry>
    <entry id="142" name="hsa:10120 hsa:10121 hsa:10540 hsa:10671 hsa:11258 hsa:1639 hsa:51164 hsa:55860 hsa:84516" type="gene"
        link="https://www.kegg.jp/dbget-bin/www_bget?hsa:10120+hsa:10121+hsa:10540+hsa:10671+hsa:11258+hsa:1639+hsa:51164+hsa:55860+hsa:84516">
        <graphics name="ACTR1B, ARP1B, CTRN2, PC3..." fgcolor="#000000" bgcolor="#BFFFBF"
             type="rectangle" x="718" y="204" width="46" height="17"/>
    </entry>
    <entry id="143" name="hsa:10126 hsa:127602 hsa:146754 hsa:1767 hsa:1768 hsa:1769 hsa:1770 hsa:196385 hsa:201625 hsa:25981 hsa:27019 hsa:55567 hsa:56171 hsa:64446 hsa:7802 hsa:83544 hsa:8632 hsa:8701" type="gene"
        link="https://www.kegg.jp/dbget-bin/www_bget?hsa:10126+hsa:127602+hsa:146754+hsa:1767+hsa:1768+hsa:1769+hsa:1770+hsa:196385+hsa:201625+hsa:25981+hsa:27019+hsa:55567+hsa:56171+hsa:64446+hsa:7802+hsa:83544+hsa:8632+hsa:8701">
        <graphics name="DNAL4, MRMV3, PIG27..." fgcolor="#000000" bgcolor="#BFFFBF"
             type="rectangle" x="698" y="238" width="46" height="17"/>
    </entry>
    <entry id="147" name="hsa:7052" type="gene"
        link="https://www.kegg.jp/dbget-bin/www_bget?hsa:7052">
        <graphics name="TGM2, G(h), TG(C), TGC, hTG2, tTG" fgcolor="#000000" bgcolor="#BFFFBF"
             type="rectangle" x="519" y="786" width="46" height="17"/>
    </entry>
    <entry id="149" name="path:hsa04020" type="map"
        link="https://www.kegg.jp/dbget-bin/www_bget?hsa04020">
        <graphics name="Calcium signaling pathway" fgcolor="#000000" bgcolor="#FFFFFF"
             type="roundrectangle" x="448" y="526" width="116" height="34"/>
    </entry>
    <entry id="150" name="path:hsa00190" type="map"
        link="https://www.kegg.jp/dbget-bin/www_bget?hsa00190">
        <graphics name="Oxidative phosphorylation" fgcolor="#000000" bgcolor="#FFFFFF"
             type="roundrectangle" x="622" y="785" width="120" height="34"/>
    </entry>
    <entry id="152" name="hsa:317" type="gene"
        link="https://www.kegg.jp/dbget-bin/www_bget?hsa:317">
        <graphics name="APAF1, APAF-1, CED4" fgcolor="#000000" bgcolor="#BFFFBF"
             type="rectangle" x="925" y="956" width="46" height="17"/>
    </entry>
    <entry id="153" name="hsa:842" type="gene"
        link="https://www.kegg.jp/dbget-bin/www_bget?hsa:842">
        <graphics name="CASP9, APAF-3, APAF3, ICE-LAP6, MCH6, PPP1R56" fgcolor="#000000" bgcolor="#BFFFBF"
             type="rectangle" x="1015" y="941" width="46" height="17"/>
    </entry>
    <entry id="154" name="hsa:836" type="gene"
        link="https://www.kegg.jp/dbget-bin/www_bget?hsa:836">
        <graphics name="CASP3, CPP32, CPP32B, SCA-1" fgcolor="#000000" bgcolor="#BFFFBF"
             type="rectangle" x="1087" y="941" width="46" height="17"/>
    </entry>
    <entry id="159" name="path:hsa04210" type="map"
        link="https://www.kegg.jp/dbget-bin/www_bget?hsa04210">
        <graphics name="Apoptosis" fgcolor="#000000" bgcolor="#FFFFFF"
             type="roundrectangle" x="1077" y="982" width="116" height="25"/>
    </entry>
    <entry id="160" name="hsa:10488 hsa:1385 hsa:148327 hsa:64764 hsa:84699 hsa:90993 hsa:9586" type="gene"
        link="https://www.kegg.jp/dbget-bin/www_bget?hsa:10488+hsa:1385+hsa:148327+hsa:64764+hsa:84699+hsa:90993+hsa:9586">
        <graphics name="CREB3, LUMAN, LZIP, sLZIP..." fgcolor="#000000" bgcolor="#BFFFBF"
             type="rectangle" x="953" y="417" width="46" height="17"/>
    </entry>
    <entry id="161" name="hsa:3064" type="gene"
        link="https://www.kegg.jp/dbget-bin/www_bget?hsa:3064">
        <graphics name="HTT, HD, IT15, LOMARS" fgcolor="#000000" bgcolor="#BFFFBF"
             type="rectangle" x="935" y="434" width="46" height="17"/>
    </entry>
    <entry id="162" name="hsa:6874 hsa:6875" type="gene"
        link="https://www.kegg.jp/dbget-bin/www_bget?hsa:6874+hsa:6875">
        <graphics name="TAF4, TAF(II)130, TAF(II)135, TAF2C, TAF2C1, TAF4A, TAFII-130, TAFII-135, TAFII130, TAFII135..." fgcolor="#000000" bgcolor="#BFFFBF"
             type="rectangle" x="980" y="434" width="46" height="17"/>
    </entry>
    <entry id="167" name="hsa:10891" type="gene"
        link="https://www.kegg.jp/dbget-bin/www_bget?hsa:10891">
        <graphics name="PPARGC1A, LEM6, PGC-1(alpha), PGC-1alpha, PGC-1v, PGC1, PGC1A, PPARGC1" fgcolor="#000000" bgcolor="#BFFFBF"
             type="rectangle" x="778" y="461" width="46" height="17"/>
    </entry>
    <entry id="171" name="hsa:5468" type="gene"
        link="https://www.kegg.jp/dbget-bin/www_bget?hsa:5468">
        <graphics name="PPARG, CIMT1, GLM1, NR1C3, PPARG1, PPARG2, PPARG5, PPARgamma" fgcolor="#000000" bgcolor="#BFFFBF"
             type="rectangle" x="911" y="520" width="46" height="17"/>
    </entry>
    <entry id="178" name="path:hsa04115" type="map"
        link="https://www.kegg.jp/dbget-bin/www_bget?hsa04115">
        <graphics name="p53 signaling pathway" fgcolor="#000000" bgcolor="#FFFFFF"
             type="roundrectangle" x="1005" y="595" width="120" height="34"/>
    </entry>
    <entry id="179" name="hsa:581" type="gene"
        link="https://www.kegg.jp/dbget-bin/www_bget?hsa:581">
        <graphics name="BAX, BCL2L4" fgcolor="#000000" bgcolor="#BFFFBF"
             type="rectangle" x="782" y="616" width="46" height="17"/>
    </entry>
    <entry id="180" name="hsa:27113" type="gene"
        link="https://www.kegg.jp/dbget-bin/www_bget?hsa:27113">
        <graphics name="BBC3, JFY-1, JFY1, PUMA" fgcolor="#000000" bgcolor="#BFFFBF"
             type="rectangle" x="782" y="639" width="46" height="17"/>
    </entry>
    <entry id="183" name="hsa:6667" type="gene"
        link="https://www.kegg.jp/dbget-bin/www_bget?hsa:6667">
        <graphics name="SP1" fgcolor="#000000" bgcolor="#BFFFBF"
             type="rectangle" x="998" y="367" width="46" height="17"/>
    </entry>
    <entry id="184" name="hsa:3064" type="gene"
        link="https://www.kegg.jp/dbget-bin/www_bget?hsa:3064">
        <graphics name="HTT, HD, IT15, LOMARS" fgcolor="#000000" bgcolor="#BFFFBF"
             type="rectangle" x="980" y="384" width="46" height="17"/>
    </entry>
    <entry id="196" name="hsa:3064" type="gene"
        link="https://www.kegg.jp/dbget-bin/www_bget?hsa:3064">
        <graphics name="HTT, HD, IT15, LOMARS" fgcolor="#000000" bgcolor="#BFFFBF"
             type="rectangle" x="497" y="372" width="46" height="17"/>
    </entry>
    <entry id="202" name="path:hsa03050" type="map"
        link="https://www.kegg.jp/dbget-bin/www_bget?hsa03050">
        <graphics name="Proteasome" fgcolor="#000000" bgcolor="#FFFFFF"
             type="roundrectangle" x="690" y="420" width="116" height="25"/>
    </entry>
    <entry id="204" name="path:hsa03022" type="map"
        link="https://www.kegg.jp/dbget-bin/www_bget?hsa03022">
        <graphics name="Basal transcription factors" fgcolor="#000000" bgcolor="#FFFFFF"
             type="roundrectangle" x="935" y="67" width="116" height="34"/>
    </entry>
    <entry id="205" name="path:hsa03020" type="map"
        link="https://www.kegg.jp/dbget-bin/www_bget?hsa03020">
        <graphics name="RNA polymerase" fgcolor="#000000" bgcolor="#FFFFFF"
             type="roundrectangle" x="1066" y="67" width="116" height="34"/>
    </entry>
    <entry id="206" name="path:hsa04724" type="map"
        link="https://www.kegg.jp/dbget-bin/www_bget?hsa04724">
        <graphics name="Glutamatergic synapse" fgcolor="#000000" bgcolor="#FFFFFF"
             type="roundrectangle" x="189" y="575" width="92" height="34"/>
    </entry>
    <entry id="215" name="hsa:2081" type="gene"
        link="https://www.kegg.jp/dbget-bin/www_bget?hsa:2081">
        <graphics name="ERN1, IRE1, IRE1P, IRE1a, hIRE1p" fgcolor="#000000" bgcolor="#BFFFBF"
             type="rectangle" x="560" y="1018" width="46" height="17"/>
    </entry>
    <entry id="216" name="hsa:7186" type="gene"
        link="https://www.kegg.jp/dbget-bin/www_bget?hsa:7186">
        <graphics name="TRAF2, MGC:45012, RNF117, TRAP, TRAP3" fgcolor="#000000" bgcolor="#BFFFBF"
             type="rectangle" x="606" y="1018" width="46" height="17"/>
    </entry>
    <entry id="217" name="hsa:4217" type="gene"
        link="https://www.kegg.jp/dbget-bin/www_bget?hsa:4217">
        <graphics name="MAP3K5, ASK1, MAPKKK5, MEKK5" fgcolor="#000000" bgcolor="#BFFFBF"
             type="rectangle" x="689" y="1018" width="46" height="17"/>
    </entry>
    <entry id="218" name="hsa:5599 hsa:5601 hsa:5602" type="gene"
        link="https://www.kegg.jp/dbget-bin/www_bget?hsa:5599+hsa:5601+hsa:5602">
        <graphics name="MAPK8, JNK, JNK-46, JNK1, JNK1A2, JNK21B1/2, PRKM8, SAPK1, SAPK1c..." fgcolor="#000000" bgcolor="#BFFFBF"
             type="rectangle" x="856" y="1018" width="46" height="17"/>
    </entry>
    <entry id="219" name="path:hsa03050" type="map"
        link="https://www.kegg.jp/dbget-bin/www_bget?hsa03050">
        <graphics name="Proteasome" fgcolor="#000000" bgcolor="#FFFFFF"
             type="roundrectangle" x="596" y="914" width="92" height="25"/>
    </entry>
    <entry id="220" name="path:hsa04141" type="map"
        link="https://www.kegg.jp/dbget-bin/www_bget?hsa04141">
        <graphics name="Protein processing in endoplasmic reticulum" fgcolor="#000000" bgcolor="#FFFFFF"
             type="roundrectangle" x="507" y="1079" width="151" height="34"/>
    </entry>
    <entry id="226" name="cpd:C04549" type="compound"
        link="https://www.kegg.jp/dbget-bin/www_bget?C04549">
        <graphics name="C04549" fgcolor="#000000" bgcolor="#FFFFFF"
             type="circle" x="899" y="1222" width="8" height="8"/>
    </entry>
    <entry id="232" name="hsa:2475" type="gene"
        link="https://www.kegg.jp/dbget-bin/www_bget?hsa:2475">
        <graphics name="MTOR, FRAP, FRAP1, FRAP2, RAFT1, RAPT1, SKS" fgcolor="#000000" bgcolor="#BFFFBF"
             type="rectangle" x="477" y="1188" width="46" height="17"/>
    </entry>
    <entry id="233" name="hsa:8408 hsa:9706" type="gene"
        link="https://www.kegg.jp/dbget-bin/www_bget?hsa:8408+hsa:9706">
        <graphics name="ULK1, ATG1, ATG1A, UNC51, Unc51.1, hATG1..." fgcolor="#000000" bgcolor="#BFFFBF"
             type="rectangle" x="572" y="1188" width="46" height="17"/>
    </entry>
    <entry id="234" name="hsa:9776" type="gene"
        link="https://www.kegg.jp/dbget-bin/www_bget?hsa:9776">
        <graphics name="ATG13, KIAA0652, PARATARG8" fgcolor="#000000" bgcolor="#BFFFBF"
             type="rectangle" x="572" y="1205" width="46" height="17"/>
    </entry>
    <entry id="235" name="hsa:9821" type="gene"
        link="https://www.kegg.jp/dbget-bin/www_bget?hsa:9821">
        <graphics name="RB1CC1, ATG17, CC1, FIP200, PPP1R131" fgcolor="#000000" bgcolor="#BFFFBF"
             type="rectangle" x="618" y="1205" width="46" height="17"/>
    </entry>
    <entry id="236" name="hsa:60673" type="gene"
        link="https://www.kegg.jp/dbget-bin/www_bget?hsa:60673">
        <graphics name="ATG101, C12orf44" fgcolor="#000000" bgcolor="#BFFFBF"
             type="rectangle" x="618" y="1188" width="46" height="17"/>
    </entry>
    <entry id="237" name="hsa:23130 hsa:55102" type="gene"
        link="https://www.kegg.jp/dbget-bin/www_bget?hsa:23130+hsa:55102">
        <graphics name="ATG2A, BLTP4A..." fgcolor="#000000" bgcolor="#BFFFBF"
             type="rectangle" x="970" y="1188" width="46" height="17"/>
    </entry>
    <entry id="238" name="hsa:26100 hsa:55062" type="gene"
        link="https://www.kegg.jp/dbget-bin/www_bget?hsa:26100+hsa:55062">
        <graphics name="WIPI2, ATG18B, Atg21, CGI-50, IDDSSA, WIPI-2..." fgcolor="#000000" bgcolor="#BFFFBF"
             type="rectangle" x="970" y="1223" width="46" height="17"/>
    </entry>
    <entry id="239" name="hsa:55626" type="gene"
        link="https://www.kegg.jp/dbget-bin/www_bget?hsa:55626">
        <graphics name="AMBRA1, DCAF3, WDR94" fgcolor="#000000" bgcolor="#BFFFBF"
             type="rectangle" x="696" y="1153" width="46" height="17"/>
    </entry>
    <entry id="240" name="hsa:441925 hsa:8678" type="gene"
        link="https://www.kegg.jp/dbget-bin/www_bget?hsa:441925+hsa:8678">
        <graphics name="BECN2, BECN1L1, BECN1P1..." fgcolor="#000000" bgcolor="#BFFFBF"
             type="rectangle" x="781" y="1206" width="46" height="17"/>
    </entry>
    <entry id="241" name="hsa:30849" type="gene"
        link="https://www.kegg.jp/dbget-bin/www_bget?hsa:30849">
        <graphics name="PIK3R4, VPS15, p150" fgcolor="#000000" bgcolor="#BFFFBF"
             type="rectangle" x="781" y="1223" width="46" height="17"/>
    </entry>
    <entry id="242" name="hsa:29982" type="gene"
        link="https://www.kegg.jp/dbget-bin/www_bget?hsa:29982">
        <graphics name="NRBF2, COPR, COPR1, COPR2, NRBF-2" fgcolor="#000000" bgcolor="#BFFFBF"
             type="rectangle" x="827" y="1206" width="46" height="17"/>
    </entry>
    <entry id="243" name="hsa:5289" type="gene"
        link="https://www.kegg.jp/dbget-bin/www_bget?hsa:5289">
        <graphics name="PIK3C3, VPS34, hVps34" fgcolor="#000000" bgcolor="#BFFFBF"
             type="rectangle" x="827" y="1223" width="46" height="17"/>
    </entry>
    <entry id="244" name="hsa:22863" type="gene"
        link="https://www.kegg.jp/dbget-bin/www_bget?hsa:22863">
        <graphics name="ATG14, ATG14L, BARKOR, KIAA0831" fgcolor="#000000" bgcolor="#BFFFBF"
             type="rectangle" x="827" y="1189" width="46" height="17"/>
    </entry>
    <entry id="246" name="path:hsa04140" type="map"
        link="https://www.kegg.jp/dbget-bin/www_bget?hsa04140">
        <graphics name="Autophagy - animal" fgcolor="#000000" bgcolor="#FFFFFF"
             type="roundrectangle" x="477" y="1224" width="89" height="34"/>
    </entry>
    <entry id="259" name="hsa:5609" type="gene"
        link="https://www.kegg.jp/dbget-bin/www_bget?hsa:5609">
        <graphics name="MAP2K7, JNKK2, MAPKK7, MEK, MEK_7, MKK7, PRKMK7, SAPKK-4, SAPKK4" fgcolor="#000000" bgcolor="#BFFFBF"
             type="rectangle" x="771" y="1018" width="46" height="17"/>
    </entry>
    <entry id="260" name="hsa:3064" type="gene"
        link="https://www.kegg.jp/dbget-bin/www_bget?hsa:3064">
        <graphics name="HTT, HD, IT15, LOMARS" fgcolor="#000000" bgcolor="#BFFFBF"
             type="rectangle" x="693" y="912" width="46" height="17"/>
    </entry>
    <entry id="261" name="hsa:4294" type="gene"
        link="https://www.kegg.jp/dbget-bin/www_bget?hsa:4294">
        <graphics name="MAP3K10, MEKK10, MLK2, MST" fgcolor="#000000" bgcolor="#BFFFBF"
             type="rectangle" x="745" y="973" width="46" height="17"/>
    </entry>
    <entry id="265" name="hsa:3064" type="gene"
        link="https://www.kegg.jp/dbget-bin/www_bget?hsa:3064">
        <graphics name="HTT, HD, IT15, LOMARS" fgcolor="#000000" bgcolor="#BFFFBF"
             type="rectangle" x="712" y="1121" width="46" height="17"/>
    </entry>
    <entry id="275" name="hsa:147700 hsa:3798 hsa:3799 hsa:3800 hsa:3831 hsa:64837 hsa:89953" type="gene"
        link="https://www.kegg.jp/dbget-bin/www_bget?hsa:147700+hsa:3798+hsa:3799+hsa:3800+hsa:3831+hsa:64837+hsa:89953">
        <graphics name="KLC3, KLC2, KLC2L, KLCt, KNS2B..." fgcolor="#000000" bgcolor="#BFFFBF"
             type="rectangle" x="461" y="308" width="46" height="17"/>
    </entry>
    <entry id="276" name="hsa:3064" type="gene"
        link="https://www.kegg.jp/dbget-bin/www_bget?hsa:3064">
        <graphics name="HTT, HD, IT15, LOMARS" fgcolor="#000000" bgcolor="#BFFFBF"
             type="rectangle" x="615" y="282" width="46" height="17"/>
    </entry>
    <entry id="277" name="hsa:5599 hsa:5601 hsa:5602" type="gene"
        link="https://www.kegg.jp/dbget-bin/www_bget?hsa:5599+hsa:5601+hsa:5602">
        <graphics name="MAPK8, JNK, JNK-46, JNK1, JNK1A2, JNK21B1/2, PRKM8, SAPK1, SAPK1c..." fgcolor="#000000" bgcolor="#BFFFBF"
             type="rectangle" x="539" y="292" width="46" height="17"/>
    </entry>
    <entry id="286" name="hsa:2890 hsa:2891 hsa:2892 hsa:2893" type="gene"
        link="https://www.kegg.jp/dbget-bin/www_bget?hsa:2890+hsa:2891+hsa:2892+hsa:2893">
        <graphics name="GRIA1, GLUH1, GLUR1, GLURA, GluA1, HBGR1, MRD67, MRT76..." fgcolor="#000000" bgcolor="#BFFFBF"
             type="rectangle" x="308" y="784" width="46" height="17"/>
    </entry>
    <entry id="291" name="hsa:3766" type="gene"
        link="https://www.kegg.jp/dbget-bin/www_bget?hsa:3766">
        <graphics name="KCNJ10, BIRK-10, KCNJ13-PEN, KIR1.2, KIR4.1, SESAME" fgcolor="#000000" bgcolor="#BFFFBF"
             type="rectangle" x="118" y="1016" width="46" height="17"/>
    </entry>
    <entry id="292" name="hsa:6506 hsa:6507" type="gene"
        link="https://www.kegg.jp/dbget-bin/www_bget?hsa:6506+hsa:6507">
        <graphics name="SLC1A2, DEE41, EAAT2, EIEE41, GLT-1, GLT1, HBGT..." fgcolor="#000000" bgcolor="#BFFFBF"
             type="rectangle" x="174" y="904" width="46" height="17"/>
    </entry>
    <entry id="293" name="hsa:3064" type="gene"
        link="https://www.kegg.jp/dbget-bin/www_bget?hsa:3064">
        <graphics name="HTT, HD, IT15, LOMARS" fgcolor="#000000" bgcolor="#BFFFBF"
             type="rectangle" x="75" y="947" width="46" height="17"/>
    </entry>
    <entry id="309" name="cpd:C01330" type="compound"
        link="https://www.kegg.jp/dbget-bin/www_bget?C01330">
        <graphics name="C01330" fgcolor="#000000" bgcolor="#FFFFFF"
             type="circle" x="362" y="784" width="8" height="8"/>
    </entry>
    <entry id="311" name="cpd:C00025" type="compound"
        link="https://www.kegg.jp/dbget-bin/www_bget?C00025">
        <graphics name="C00025" fgcolor="#000000" bgcolor="#FFFFFF"
             type="circle" x="242" y="903" width="8" height="8"/>
    </entry>
    <entry id="321" name="cpd:C00238" type="compound"
        link="https://www.kegg.jp/dbget-bin/www_bget?C00238">
        <graphics name="C00238" fgcolor="#000000" bgcolor="#FFFFFF"
             type="circle" x="117" y="1073" width="8" height="8"/>
    </entry>
    <entry id="328" name="hsa:774" type="gene"
        link="https://www.kegg.jp/dbget-bin/www_bget?hsa:774">
        <graphics name="CACNA1B, BIII, CACNL1A5, CACNN, Cav2.2, DYT23, NEDNEH" fgcolor="#000000" bgcolor="#BFFFBF"
             type="rectangle" x="308" y="643" width="46" height="17"/>
    </entry>
    <entry id="56" name="cpd:C00025" type="compound"
        link="https://www.kegg.jp/dbget-bin/www_bget?C00025">
        <graphics name="C00025" fgcolor="#000000" bgcolor="#FFFFFF"
             type="circle" x="243" y="717" width="8" height="8"/>
    </entry>
    <entry id="333" name="hsa:6804" type="gene"
        link="https://www.kegg.jp/dbget-bin/www_bget?hsa:6804">
        <graphics name="STX1A, HPC-1, P35-1, STX1, SYN1A" fgcolor="#000000" bgcolor="#BFFFBF"
             type="rectangle" x="371" y="613" width="46" height="17"/>
    </entry>
    <entry id="334" name="hsa:3064" type="gene"
        link="https://www.kegg.jp/dbget-bin/www_bget?hsa:3064">
        <graphics name="HTT, HD, IT15, LOMARS" fgcolor="#000000" bgcolor="#BFFFBF"
             type="rectangle" x="435" y="594" width="46" height="17"/>
    </entry>
    <entry id="339" name="cpd:C00076" type="compound"
        link="https://www.kegg.jp/dbget-bin/www_bget?C00076">
        <graphics name="C00076" fgcolor="#000000" bgcolor="#FFFFFF"
             type="circle" x="362" y="643" width="8" height="8"/>
    </entry>
    <entry id="341" name="hsa:10376 hsa:112714 hsa:113457 hsa:51807 hsa:7277 hsa:7278 hsa:7846 hsa:79861 hsa:84790" type="gene"
        link="https://www.kegg.jp/dbget-bin/www_bget?hsa:10376+hsa:112714+hsa:113457+hsa:51807+hsa:7277+hsa:7278+hsa:7846+hsa:79861+hsa:84790">
        <graphics name="TUBA1B, K-ALPHA-1..." fgcolor="#000000" bgcolor="#BFFFBF"
             type="rectangle" x="594" y="252" width="46" height="17"/>
    </entry>
    <entry id="342" name="hsa:10381 hsa:10382 hsa:10383 hsa:203068 hsa:347688 hsa:347733 hsa:7280 hsa:81027 hsa:84617" type="gene"
        link="https://www.kegg.jp/dbget-bin/www_bget?hsa:10381+hsa:10382+hsa:10383+hsa:203068+hsa:347688+hsa:347733+hsa:7280+hsa:81027+hsa:84617">
        <graphics name="TUBB3, CDCBM, CDCBM1, CFEOM3, CFEOM3A, FEOM3, TUBB4, beta-4..." fgcolor="#000000" bgcolor="#BFFFBF"
             type="rectangle" x="640" y="252" width="46" height="17"/>
    </entry>
    <entry id="343" name="hsa:10376 hsa:112714 hsa:113457 hsa:51807 hsa:7277 hsa:7278 hsa:7846 hsa:79861 hsa:84790" type="gene"
        link="https://www.kegg.jp/dbget-bin/www_bget?hsa:10376+hsa:112714+hsa:113457+hsa:51807+hsa:7277+hsa:7278+hsa:7846+hsa:79861+hsa:84790">
        <graphics name="TUBA1B, K-ALPHA-1..." fgcolor="#000000" bgcolor="#BFFFBF"
             type="rectangle" x="569" y="331" width="46" height="17"/>
    </entry>
    <entry id="344" name="hsa:10381 hsa:10382 hsa:10383 hsa:203068 hsa:347688 hsa:347733 hsa:7280 hsa:81027 hsa:84617" type="gene"
        link="https://www.kegg.jp/dbget-bin/www_bget?hsa:10381+hsa:10382+hsa:10383+hsa:203068+hsa:347688+hsa:347733+hsa:7280+hsa:81027+hsa:84617">
        <graphics name="TUBB3, CDCBM, CDCBM1, CFEOM3, CFEOM3A, FEOM3, TUBB4, beta-4..." fgcolor="#000000" bgcolor="#BFFFBF"
             type="rectangle" x="615" y="331" width="46" height="17"/>
    </entry>
    <entry id="345" name="path:hsa04144" type="map"
        link="https://www.kegg.jp/dbget-bin/www_bget?hsa04144">
        <graphics name="Endocytosis" fgcolor="#000000" bgcolor="#FFFFFF"
             type="roundrectangle" x="456" y="138" width="92" height="25"/>
    </entry>
    <entry id="349" name="hsa:143471 hsa:5682 hsa:5683 hsa:5684 hsa:5685 hsa:5686 hsa:5687 hsa:5688 hsa:5689 hsa:5690 hsa:5691 hsa:5692 hsa:5693 hsa:5694 hsa:5695" type="gene"
        link="https://www.kegg.jp/dbget-bin/www_bget?hsa:143471+hsa:5682+hsa:5683+hsa:5684+hsa:5685+hsa:5686+hsa:5687+hsa:5688+hsa:5689+hsa:5690+hsa:5691+hsa:5692+hsa:5693+hsa:5694+hsa:5695">
        <graphics name="PSMA8, PSMA7L..." fgcolor="#000000" bgcolor="#BFFFBF"
             type="rectangle" x="610" y="951" width="46" height="17"/>
    </entry>
    <entry id="350" name="hsa:10213 hsa:11047 hsa:5700 hsa:5701 hsa:5702 hsa:5704 hsa:5705 hsa:5706 hsa:5707 hsa:5708 hsa:5709 hsa:5710 hsa:5713 hsa:5714 hsa:5715 hsa:5717 hsa:5718 hsa:5719 hsa:7979 hsa:9861" type="gene"
        link="https://www.kegg.jp/dbget-bin/www_bget?hsa:10213+hsa:11047+hsa:5700+hsa:5701+hsa:5702+hsa:5704+hsa:5705+hsa:5706+hsa:5707+hsa:5708+hsa:5709+hsa:5710+hsa:5713+hsa:5714+hsa:5715+hsa:5717+hsa:5718+hsa:5719+hsa:7979+hsa:9861">
        <graphics name="PSMD14, PAD1, POH1, RPN11..." fgcolor="#000000" bgcolor="#BFFFBF"
             type="rectangle" x="610" y="968" width="46" height="17"/>
    </entry>
    <entry id="351" name="undefined" type="group">
        <graphics fgcolor="#000000" bgcolor="#FFFFFF"
             type="rectangle" x="595" y="1196" width="92" height="34"/>
        <component id="233"/>
        <component id="234"/>
        <component id="235"/>
        <component id="236"/>
    </entry>
    <entry id="352" name="undefined" type="group">
        <graphics fgcolor="#000000" bgcolor="#FFFFFF"
             type="rectangle" x="804" y="1206" width="92" height="51"/>
        <component id="240"/>
        <component id="241"/>
        <component id="242"/>
        <component id="243"/>
        <component id="244"/>
    </entry>
    <entry id="353" name="undefined" type="group">
        <graphics fgcolor="#000000" bgcolor="#FFFFFF"
             type="rectangle" x="935" y="113" width="92" height="34"/>
        <component id="29"/>
        <component id="30"/>
        <component id="31"/>
        <component id="32"/>
    </entry>
    <entry id="354" name="undefined" type="group">
        <graphics fgcolor="#000000" bgcolor="#FFFFFF"
             type="rectangle" x="902" y="580" width="66" height="34"/>
        <component id="85"/>
        <component id="87"/>
    </entry>
    <entry id="355" name="undefined" type="group">
        <graphics fgcolor="#000000" bgcolor="#FFFFFF"
             type="rectangle" x="427" y="179" width="92" height="34"/>
        <component id="126"/>
        <component id="127"/>
        <component id="129"/>
    </entry>
    <entry id="356" name="undefined" type="group">
        <graphics fgcolor="#000000" bgcolor="#FFFFFF"
             type="rectangle" x="957" y="425" width="91" height="34"/>
        <component id="160"/>
        <component id="161"/>
        <component id="162"/>
    </entry>
    <entry id="357" name="undefined" type="group">
        <graphics fgcolor="#000000" bgcolor="#FFFFFF"
             type="rectangle" x="583" y="1018" width="92" height="17"/>
        <component id="215"/>
        <component id="216"/>
    </entry>
    <entry id="358" name="undefined" type="group">
        <graphics fgcolor="#000000" bgcolor="#FFFFFF"
             type="rectangle" x="469" y="436" width="46" height="51"/>
        <component id="133"/>
        <component id="134"/>
        <component id="135"/>
    </entry>
    <entry id="359" name="undefined" type="group">
        <graphics fgcolor="#000000" bgcolor="#FFFFFF"
             type="rectangle" x="610" y="959" width="46" height="34"/>
        <component id="349"/>
        <component id="350"/>
    </entry>
    <relation entry1="334" entry2="333" type="PPrel">
        <subtype name="inhibition" value="--|"/>
    </relation>
    <relation entry1="333" entry2="328" type="PPrel">
        <subtype name="inhibition" value="--|"/>
    </relation>
    <relation entry1="265" entry2="240" type="PPrel">
        <subtype name="inhibition" value="--|"/>
    </relation>
    <relation entry1="277" entry2="275" type="PPrel">
        <subtype name="inhibition" value="--|"/>
        <subtype name="phosphorylation" value="+p"/>
    </relation>
    <relation entry1="232" entry2="351" type="PPrel">
        <subtype name="inhibition" value="--|"/>
        <subtype name="phosphorylation" value="+p"/>
    </relation>
    <relation entry1="261" entry2="259" type="PPrel">
        <subtype name="activation" value="--&gt;"/>
        <subtype name="phosphorylation" value="+p"/>
    </relation>
    <relation entry1="259" entry2="218" type="PPrel">
        <subtype name="activation" value="--&gt;"/>
        <subtype name="phosphorylation" value="+p"/>
    </relation>
    <relation entry1="239" entry2="240" type="PPrel">
        <subtype name="activation" value="--&gt;"/>
        <subtype name="phosphorylation" value="+p"/>
    </relation>
    <relation entry1="235" entry2="352" type="PPrel">
        <subtype name="activation" value="--&gt;"/>
        <subtype name="phosphorylation" value="+p"/>
    </relation>
    <relation entry1="353" entry2="36" type="GErel">
        <subtype name="repression" value="--|"/>
    </relation>
    <relation entry1="354" entry2="179" type="GErel">
        <subtype name="expression" value="--&gt;"/>
    </relation>
    <relation entry1="354" entry2="180" type="GErel">
        <subtype name="expression" value="--&gt;"/>
    </relation>
    <relation entry1="24" entry2="16" type="PPrel">
        <subtype name="inhibition" value="--|"/>
    </relation>
    <relation entry1="24" entry2="17" type="PPrel">
        <subtype name="inhibition" value="--|"/>
    </relation>
    <relation entry1="293" entry2="291" type="PPrel">
        <subtype name="inhibition" value="--|"/>
        <subtype name="indirect effect" value="..&gt;"/>
    </relation>
    <relation entry1="25" entry2="26" type="PPrel">
        <subtype name="missing interaction" value="-/-"/>
    </relation>
    <relation entry1="128" entry2="355" type="PPrel">
        <subtype name="missing interaction" value="-/-"/>
    </relation>
    <relation entry1="356" entry2="167" type="PPrel">
        <subtype name="missing interaction" value="-/-"/>
    </relation>
    <relation entry1="167" entry2="75" type="PPrel">
        <subtype name="missing interaction" value="-/-"/>
    </relation>
    <relation entry1="167" entry2="76" type="PPrel">
        <subtype name="missing interaction" value="-/-"/>
    </relation>
    <relation entry1="167" entry2="80" type="PPrel">
        <subtype name="missing interaction" value="-/-"/>
    </relation>
    <relation entry1="167" entry2="77" type="PPrel">
        <subtype name="missing interaction" value="-/-"/>
    </relation>
    <relation entry1="167" entry2="78" type="PPrel">
        <subtype name="missing interaction" value="-/-"/>
    </relation>
    <relation entry1="276" entry2="277" type="PPrel">
        <subtype name="activation" value="--&gt;"/>
    </relation>
    <relation entry1="56" entry2="51" type="PCrel">
        <subtype name="activation" value="--&gt;"/>
    </relation>
    <relation entry1="51" entry2="49" type="PPrel">
        <subtype name="activation" value="--&gt;"/>
    </relation>
    <relation entry1="49" entry2="52" type="PPrel">
        <subtype name="activation" value="--&gt;"/>
    </relation>
    <relation entry1="52" entry2="59" type="PCrel">
        <subtype name="activation" value="--&gt;"/>
    </relation>
    <relation entry1="59" entry2="53" type="PCrel">
        <subtype name="activation" value="--&gt;"/>
    </relation>
    <relation entry1="61" entry2="53" type="PPrel">
        <subtype name="activation" value="--&gt;"/>
    </relation>
    <relation entry1="48" entry2="47" type="PPrel">
        <subtype name="activation" value="--&gt;"/>
    </relation>
    <relation entry1="60" entry2="147" type="PCrel">
        <subtype name="activation" value="--&gt;"/>
    </relation>
    <relation entry1="357" entry2="217" type="PPrel">
        <subtype name="activation" value="--&gt;"/>
    </relation>
    <relation entry1="217" entry2="259" type="PPrel">
        <subtype name="activation" value="--&gt;"/>
    </relation>
    <relation entry1="260" entry2="261" type="PPrel">
        <subtype name="activation" value="--&gt;"/>
    </relation>
    <relation entry1="67" entry2="153" type="PPrel">
        <subtype name="activation" value="--&gt;"/>
    </relation>
    <relation entry1="152" entry2="153" type="PPrel">
        <subtype name="activation" value="--&gt;"/>
    </relation>
    <relation entry1="153" entry2="154" type="PPrel">
        <subtype name="activation" value="--&gt;"/>
    </relation>
    <relation entry1="56" entry2="47" type="PCrel">
        <subtype name="activation" value="--&gt;"/>
    </relation>
    <relation entry1="56" entry2="286" type="PCrel">
        <subtype name="activation" value="--&gt;"/>
    </relation>
    <relation entry1="352" entry2="226" type="PCrel">
        <subtype name="activation" value="--&gt;"/>
    </relation>
    <relation entry1="226" entry2="238" type="PCrel">
        <subtype name="activation" value="--&gt;"/>
    </relation>
    <relation entry1="237" entry2="238" type="PPrel">
        <subtype name="binding/association" value="---"/>
    </relation>
    <relation entry1="358" entry2="137" type="PPrel">
        <subtype name="activation" value="--&gt;"/>
    </relation>
    <relation entry1="136" entry2="133" type="PPrel">
        <subtype name="missing interaction" value="-/-"/>
    </relation>
    <relation entry1="260" entry2="359" type="PPrel">
        <subtype name="inhibition" value="--|"/>
    </relation>
</pathway>
