<?xml version="1.0"?>
<!DOCTYPE pathway SYSTEM "https://www.kegg.jp/kegg/xml/KGML_v0.7.2_.dtd">
<!-- Creation date: Sep 20, 2016 11:49:51 +0900 (GMT+9) -->
<pathway name="path:hsa03440" org="hsa" number="03440"
         title="Homologous recombination"
         image="https://www.kegg.jp/kegg/pathway/hsa/hsa03440.png"
         link="https://www.kegg.jp/kegg-bin/show_pathway?hsa03440">
    <entry id="65" name="hsa:7156 hsa:8940" type="gene"
        link="https://www.kegg.jp/dbget-bin/www_bget?hsa:7156+hsa:8940">
        <graphics name="TOP3A, MGRISCE2, PEOB5, TOP3, ZGRF7..." fgcolor="#000000" bgcolor="#BFFFBF"
             type="rectangle" x="636" y="756" width="46" height="17"/>
    </entry>
    <entry id="66" name="hsa:641" type="gene"
        link="https://www.kegg.jp/dbget-bin/www_bget?hsa:641">
        <graphics name="BLM, BS, MGRISCE1, RECQ2, RECQL2, RECQL3" fgcolor="#000000" bgcolor="#BFFFBF"
             type="rectangle" x="905" y="885" width="46" height="17"/>
    </entry>
    <entry id="67" name="hsa:7979" type="gene"
        link="https://www.kegg.jp/dbget-bin/www_bget?hsa:7979">
        <graphics name="SEM1, C7orf76, DSS1, ECD, PSMD15, SHFD1, SHFM1, SHSF1, Shfdg1" fgcolor="#000000" bgcolor="#BFFFBF"
             type="rectangle" x="1087" y="351" width="46" height="17"/>
    </entry>
    <entry id="68" name="hsa:5893" type="gene"
        link="https://www.kegg.jp/dbget-bin/www_bget?hsa:5893">
        <graphics name="RAD52" fgcolor="#000000" bgcolor="#BFFFBF"
             type="rectangle" x="1015" y="373" width="46" height="17"/>
    </entry>
    <entry id="69" name="hsa:4361" type="gene"
        link="https://www.kegg.jp/dbget-bin/www_bget?hsa:4361">
        <graphics name="MRE11, ATLD, HNGS1, MRE11A, MRE11B" fgcolor="#000000" bgcolor="#BFFFBF"
             type="rectangle" x="998" y="219" width="46" height="17"/>
    </entry>
    <entry id="70" name="hsa:10111" type="gene"
        link="https://www.kegg.jp/dbget-bin/www_bget?hsa:10111">
        <graphics name="RAD50, NBSLD, RAD502, hRad50" fgcolor="#000000" bgcolor="#BFFFBF"
             type="rectangle" x="998" y="202" width="46" height="17"/>
    </entry>
    <entry id="71" name="hsa:7517" type="gene"
        link="https://www.kegg.jp/dbget-bin/www_bget?hsa:7517">
        <graphics name="XRCC3, CMM6" fgcolor="#000000" bgcolor="#BFFFBF"
             type="rectangle" x="646" y="358" width="46" height="17"/>
    </entry>
    <entry id="72" name="hsa:5889" type="gene"
        link="https://www.kegg.jp/dbget-bin/www_bget?hsa:5889">
        <graphics name="RAD51C, BROVCA3, FANCO, R51H3, RAD51L2" fgcolor="#000000" bgcolor="#BFFFBF"
             type="rectangle" x="646" y="375" width="46" height="17"/>
    </entry>
    <entry id="73" name="hsa:7516" type="gene"
        link="https://www.kegg.jp/dbget-bin/www_bget?hsa:7516">
        <graphics name="XRCC2, FANCU, POF17, SPGF50" fgcolor="#000000" bgcolor="#BFFFBF"
             type="rectangle" x="747" y="392" width="46" height="17"/>
    </entry>
    <entry id="74" name="hsa:7516" type="gene"
        link="https://www.kegg.jp/dbget-bin/www_bget?hsa:7516">
        <graphics name="XRCC2, FANCU, POF17, SPGF50" fgcolor="#000000" bgcolor="#BFFFBF"
             type="rectangle" x="593" y="375" width="46" height="17"/>
    </entry>
    <entry id="75" name="hsa:5892" type="gene"
        link="https://www.kegg.jp/dbget-bin/www_bget?hsa:5892">
        <graphics name="RAD51D, BROVCA4, R51H3, RAD51L3, TRAD" fgcolor="#000000" bgcolor="#BFFFBF"
             type="rectangle" x="747" y="375" width="46" height="17"/>
    </entry>
    <entry id="76" name="hsa:5892" type="gene"
        link="https://www.kegg.jp/dbget-bin/www_bget?hsa:5892">
        <graphics name="RAD51D, BROVCA4, R51H3, RAD51L3, TRAD" fgcolor="#000000" bgcolor="#BFFFBF"
             type="rectangle" x="593" y="358" width="46" height="17"/>
    </entry>
    <entry id="77" name="hsa:5889" type="gene"
        link="https://www.kegg.jp/dbget-bin/www_bget?hsa:5889">
        <graphics name="RAD51C, BROVCA3, FANCO, R51H3, RAD51L2" fgcolor="#000000" bgcolor="#BFFFBF"
             type="rectangle" x="701" y="375" width="46" height="17"/>
    </entry>
    <entry id="78" name="hsa:5890" type="gene"
        link="https://www.kegg.jp/dbget-bin/www_bget?hsa:5890">
        <graphics name="RAD51B, R51H2, RAD51L1, REC2" fgcolor="#000000" bgcolor="#BFFFBF"
             type="rectangle" x="701" y="358" width="46" height="17"/>
    </entry>
    <entry id="79" name="hsa:5889" type="gene"
        link="https://www.kegg.jp/dbget-bin/www_bget?hsa:5889">
        <graphics name="RAD51C, BROVCA3, FANCO, R51H3, RAD51L2" fgcolor="#000000" bgcolor="#BFFFBF"
             type="rectangle" x="593" y="326" width="46" height="17"/>
    </entry>
    <entry id="80" name="ko:K02317" type="ortholog"
        link="https://www.kegg.jp/dbget-bin/www_bget?K02317">
        <graphics name="K02317" fgcolor="#000000" bgcolor="#FFFFFF"
             type="rectangle" x="469" y="822" width="46" height="17"/>
    </entry>
    <entry id="81" name="ko:K02686" type="ortholog"
        link="https://www.kegg.jp/dbget-bin/www_bget?K02686">
        <graphics name="K02686" fgcolor="#000000" bgcolor="#FFFFFF"
             type="rectangle" x="423" y="822" width="46" height="17"/>
    </entry>
    <entry id="82" name="ko:K04067" type="ortholog"
        link="https://www.kegg.jp/dbget-bin/www_bget?K04067">
        <graphics name="K04067" fgcolor="#000000" bgcolor="#FFFFFF"
             type="rectangle" x="469" y="805" width="46" height="17"/>
    </entry>
    <entry id="83" name="ko:K03581" type="ortholog"
        link="https://www.kegg.jp/dbget-bin/www_bget?K03581">
        <graphics name="K03581" fgcolor="#000000" bgcolor="#FFFFFF"
             type="rectangle" x="423" y="236" width="46" height="17"/>
    </entry>
    <entry id="84" name="ko:K03655" type="ortholog"
        link="https://www.kegg.jp/dbget-bin/www_bget?K03655">
        <graphics name="K03655" fgcolor="#000000" bgcolor="#FFFFFF"
             type="rectangle" x="474" y="651" width="46" height="17"/>
    </entry>
    <entry id="85" name="ko:K03655" type="ortholog"
        link="https://www.kegg.jp/dbget-bin/www_bget?K03655">
        <graphics name="K03655" fgcolor="#000000" bgcolor="#FFFFFF"
             type="rectangle" x="253" y="651" width="46" height="17"/>
    </entry>
    <entry id="86" name="ko:K01159" type="ortholog"
        link="https://www.kegg.jp/dbget-bin/www_bget?K01159">
        <graphics name="K01159" fgcolor="#000000" bgcolor="#FFFFFF"
             type="rectangle" x="423" y="668" width="46" height="17"/>
    </entry>
    <entry id="87" name="ko:K01159" type="ortholog"
        link="https://www.kegg.jp/dbget-bin/www_bget?K01159">
        <graphics name="K01159" fgcolor="#000000" bgcolor="#FFFFFF"
             type="rectangle" x="203" y="668" width="46" height="17"/>
    </entry>
    <entry id="88" name="ko:K03551" type="ortholog"
        link="https://www.kegg.jp/dbget-bin/www_bget?K03551">
        <graphics name="K03551" fgcolor="#000000" bgcolor="#FFFFFF"
             type="rectangle" x="423" y="651" width="46" height="17"/>
    </entry>
    <entry id="89" name="ko:K03551" type="ortholog"
        link="https://www.kegg.jp/dbget-bin/www_bget?K03551">
        <graphics name="K03551" fgcolor="#000000" bgcolor="#FFFFFF"
             type="rectangle" x="203" y="651" width="46" height="17"/>
    </entry>
    <entry id="90" name="ko:K03550" type="ortholog"
        link="https://www.kegg.jp/dbget-bin/www_bget?K03550">
        <graphics name="K03550" fgcolor="#000000" bgcolor="#FFFFFF"
             type="rectangle" x="423" y="634" width="46" height="17"/>
    </entry>
    <entry id="91" name="ko:K03553" type="ortholog"
        link="https://www.kegg.jp/dbget-bin/www_bget?K03553">
        <graphics name="K03553" fgcolor="#000000" bgcolor="#FFFFFF"
             type="rectangle" x="423" y="330" width="46" height="17"/>
    </entry>
    <entry id="92" name="ko:K04066" type="ortholog"
        link="https://www.kegg.jp/dbget-bin/www_bget?K04066">
        <graphics name="K04066" fgcolor="#000000" bgcolor="#FFFFFF"
             type="rectangle" x="423" y="805" width="46" height="17"/>
    </entry>
    <entry id="93" name="ko:K02335" type="ortholog"
        link="https://www.kegg.jp/dbget-bin/www_bget?K02335">
        <graphics name="K02335" fgcolor="#000000" bgcolor="#FFFFFF"
             type="rectangle" x="203" y="493" width="46" height="17"/>
    </entry>
    <entry id="94" name="ko:K10958" type="ortholog"
        link="https://www.kegg.jp/dbget-bin/www_bget?K10958">
        <graphics name="K10958" fgcolor="#000000" bgcolor="#FFFFFF"
             type="rectangle" x="917" y="346" width="46" height="17"/>
    </entry>
    <entry id="95" name="hsa:80198" type="gene"
        link="https://www.kegg.jp/dbget-bin/www_bget?hsa:80198">
        <graphics name="MUS81, SLX3" fgcolor="#000000" bgcolor="#BFFFBF"
             type="rectangle" x="688" y="739" width="46" height="17"/>
    </entry>
    <entry id="96" name="ko:K03553" type="ortholog"
        link="https://www.kegg.jp/dbget-bin/www_bget?K03553">
        <graphics name="K03553" fgcolor="#000000" bgcolor="#FFFFFF"
             type="rectangle" x="253" y="330" width="46" height="17"/>
    </entry>
    <entry id="97" name="ko:K06187" type="ortholog"
        link="https://www.kegg.jp/dbget-bin/www_bget?K06187">
        <graphics name="K06187" fgcolor="#000000" bgcolor="#FFFFFF"
             type="rectangle" x="203" y="364" width="46" height="17"/>
    </entry>
    <entry id="98" name="path:hsa03440" type="map"
        link="https://www.kegg.jp/dbget-bin/www_bget?hsa03440">
        <graphics name="TITLE:Homologous recombination" fgcolor="#000000" bgcolor="#FFFFFF"
             type="roundrectangle" x="160" y="58" width="239" height="25"/>
    </entry>
    <entry id="99" name="hsa:4361" type="gene"
        link="https://www.kegg.jp/dbget-bin/www_bget?hsa:4361">
        <graphics name="MRE11, ATLD, HNGS1, MRE11A, MRE11B" fgcolor="#000000" bgcolor="#BFFFBF"
             type="rectangle" x="902" y="219" width="46" height="17"/>
    </entry>
    <entry id="100" name="hsa:10111" type="gene"
        link="https://www.kegg.jp/dbget-bin/www_bget?hsa:10111">
        <graphics name="RAD50, NBSLD, RAD502, hRad50" fgcolor="#000000" bgcolor="#BFFFBF"
             type="rectangle" x="902" y="202" width="46" height="17"/>
    </entry>
    <entry id="101" name="hsa:5890" type="gene"
        link="https://www.kegg.jp/dbget-bin/www_bget?hsa:5890">
        <graphics name="RAD51B, R51H2, RAD51L1, REC2" fgcolor="#000000" bgcolor="#BFFFBF"
             type="rectangle" x="593" y="309" width="46" height="17"/>
    </entry>
    <entry id="102" name="hsa:4683" type="gene"
        link="https://www.kegg.jp/dbget-bin/www_bget?hsa:4683">
        <graphics name="NBN, AT-V1, AT-V2, ATV, NBS, NBS1, P95" fgcolor="#000000" bgcolor="#BFFFBF"
             type="rectangle" x="998" y="236" width="46" height="17"/>
    </entry>
    <entry id="103" name="hsa:29935 hsa:6117 hsa:6118 hsa:6119" type="gene"
        link="https://www.kegg.jp/dbget-bin/www_bget?hsa:29935+hsa:6117+hsa:6118+hsa:6119">
        <graphics name="RPA4, HSU24186..." fgcolor="#000000" bgcolor="#BFFFBF"
             type="rectangle" x="1015" y="329" width="46" height="17"/>
    </entry>
    <entry id="104" name="hsa:5888" type="gene"
        link="https://www.kegg.jp/dbget-bin/www_bget?hsa:5888">
        <graphics name="RAD51, BRCC5, FANCR, HRAD51, HsRad51, HsT16930, MRMV2, RAD51A, RECA" fgcolor="#000000" bgcolor="#BFFFBF"
             type="rectangle" x="1015" y="351" width="46" height="17"/>
    </entry>
    <entry id="105" name="ko:K02337 ko:K03763 ko:K02342 ko:K14159 ko:K02345 ko:K02343 ko:K02341 ko:K02340 ko:K02339 ko:K02344 ko:K02338" type="ortholog"
        link="https://www.kegg.jp/dbget-bin/www_bget?K02337+K03763+K02342+K14159+K02345+K02343+K02341+K02340+K02339+K02344+K02338">
        <graphics name="K02337..." fgcolor="#000000" bgcolor="#FFFFFF"
             type="rectangle" x="423" y="493" width="46" height="17"/>
    </entry>
    <entry id="106" name="ko:K10868" type="ortholog"
        link="https://www.kegg.jp/dbget-bin/www_bget?K10868">
        <graphics name="K10868" fgcolor="#000000" bgcolor="#FFFFFF"
             type="rectangle" x="902" y="236" width="46" height="17"/>
    </entry>
    <entry id="107" name="ko:K07462" type="ortholog"
        link="https://www.kegg.jp/dbget-bin/www_bget?K07462">
        <graphics name="K07462" fgcolor="#000000" bgcolor="#FFFFFF"
             type="rectangle" x="203" y="202" width="46" height="17"/>
    </entry>
    <entry id="108" name="ko:K03629" type="ortholog"
        link="https://www.kegg.jp/dbget-bin/www_bget?K03629">
        <graphics name="K03629" fgcolor="#000000" bgcolor="#FFFFFF"
             type="rectangle" x="203" y="330" width="46" height="17"/>
    </entry>
    <entry id="109" name="ko:K03583" type="ortholog"
        link="https://www.kegg.jp/dbget-bin/www_bget?K03583">
        <graphics name="K03583" fgcolor="#000000" bgcolor="#FFFFFF"
             type="rectangle" x="423" y="219" width="46" height="17"/>
    </entry>
    <entry id="110" name="hsa:146956" type="gene"
        link="https://www.kegg.jp/dbget-bin/www_bget?hsa:146956">
        <graphics name="EME1, MMS4L, SLX2A" fgcolor="#000000" bgcolor="#BFFFBF"
             type="rectangle" x="688" y="756" width="46" height="17"/>
    </entry>
    <entry id="111" name="ko:K03582" type="ortholog"
        link="https://www.kegg.jp/dbget-bin/www_bget?K03582">
        <graphics name="K03582" fgcolor="#000000" bgcolor="#FFFFFF"
             type="rectangle" x="423" y="202" width="46" height="17"/>
    </entry>
    <entry id="112" name="hsa:675" type="gene"
        link="https://www.kegg.jp/dbget-bin/www_bget?hsa:675">
        <graphics name="BRCA2, BRCC2, BROVCA2, FACD, FAD, FAD1, FANCD, FANCD1, GLM3, PNCA2, XRCC11" fgcolor="#000000" bgcolor="#BFFFBF"
             type="rectangle" x="1133" y="351" width="46" height="17"/>
    </entry>
    <entry id="113" name="ko:K10959" type="ortholog"
        link="https://www.kegg.jp/dbget-bin/www_bget?K10959">
        <graphics name="K10959" fgcolor="#000000" bgcolor="#FFFFFF"
             type="rectangle" x="917" y="493" width="46" height="17"/>
    </entry>
    <entry id="114" name="hsa:25788 hsa:8438" type="gene"
        link="https://www.kegg.jp/dbget-bin/www_bget?hsa:25788+hsa:8438">
        <graphics name="RAD54B, RDH54..." fgcolor="#000000" bgcolor="#BFFFBF"
             type="rectangle" x="1012" y="493" width="46" height="17"/>
    </entry>
    <entry id="115" name="hsa:10714 hsa:5424 hsa:5425 hsa:57804" type="gene"
        link="https://www.kegg.jp/dbget-bin/www_bget?hsa:10714+hsa:5424+hsa:5425+hsa:57804">
        <graphics name="POLD3, P66, P68, PPP1R128..." fgcolor="#000000" bgcolor="#BFFFBF"
             type="rectangle" x="917" y="668" width="46" height="17"/>
    </entry>
    <entry id="116" name="hsa:641" type="gene"
        link="https://www.kegg.jp/dbget-bin/www_bget?hsa:641">
        <graphics name="BLM, BS, MGRISCE1, RECQ2, RECQL2, RECQL3" fgcolor="#000000" bgcolor="#BFFFBF"
             type="rectangle" x="636" y="739" width="46" height="17"/>
    </entry>
    <entry id="117" name="ko:K03550" type="ortholog"
        link="https://www.kegg.jp/dbget-bin/www_bget?K03550">
        <graphics name="K03550" fgcolor="#000000" bgcolor="#FFFFFF"
             type="rectangle" x="203" y="634" width="46" height="17"/>
    </entry>
    <entry id="118" name="ko:K10957" type="ortholog"
        link="https://www.kegg.jp/dbget-bin/www_bget?K10957">
        <graphics name="K10957" fgcolor="#000000" bgcolor="#FFFFFF"
             type="rectangle" x="917" y="329" width="46" height="17"/>
    </entry>
    <entry id="119" name="ko:K03584" type="ortholog"
        link="https://www.kegg.jp/dbget-bin/www_bget?K03584">
        <graphics name="K03584" fgcolor="#000000" bgcolor="#FFFFFF"
             type="rectangle" x="203" y="347" width="46" height="17"/>
    </entry>
    <entry id="120" name="hsa:6742" type="gene"
        link="https://www.kegg.jp/dbget-bin/www_bget?hsa:6742">
        <graphics name="SSBP1, Mt-SSB, OPA13, SOSS-B1, SSBP, mtSSB" fgcolor="#000000" bgcolor="#BFFFBF"
             type="rectangle" x="253" y="202" width="46" height="17"/>
    </entry>
    <entry id="321" name="hsa:50511" type="gene"
        link="https://www.kegg.jp/dbget-bin/www_bget?hsa:50511">
        <graphics name="SYCP3, COR1, RPRGL4, SCP3, SPGF4" fgcolor="#000000" bgcolor="#BFFFBF"
             type="rectangle" x="1214" y="351" width="46" height="17"/>
    </entry>
    <entry id="324" name="hsa:672" type="gene"
        link="https://www.kegg.jp/dbget-bin/www_bget?hsa:672">
        <graphics name="BRCA1, BRCAI, BRCC1, BROVCA1, FANCS, IRIS, PNCA4, PPP1R53, PSCP, RNF53" fgcolor="#000000" bgcolor="#BFFFBF"
             type="rectangle" x="1133" y="236" width="46" height="17"/>
    </entry>
    <entry id="325" name="hsa:5932" type="gene"
        link="https://www.kegg.jp/dbget-bin/www_bget?hsa:5932">
        <graphics name="RBBP8, COM1, CTIP, JWDS, RIM, SAE2, SCKL2" fgcolor="#000000" bgcolor="#BFFFBF"
             type="rectangle" x="1087" y="219" width="46" height="17"/>
    </entry>
    <entry id="326" name="hsa:79728" type="gene"
        link="https://www.kegg.jp/dbget-bin/www_bget?hsa:79728">
        <graphics name="PALB2, FANCN, PNCA3" fgcolor="#000000" bgcolor="#BFFFBF"
             type="rectangle" x="1133" y="334" width="46" height="17"/>
    </entry>
    <entry id="327" name="hsa:51720" type="gene"
        link="https://www.kegg.jp/dbget-bin/www_bget?hsa:51720">
        <graphics name="UIMC1, RAP80, X2HRIP110" fgcolor="#000000" bgcolor="#BFFFBF"
             type="rectangle" x="1159" y="293" width="46" height="17"/>
    </entry>
    <entry id="328" name="hsa:84142" type="gene"
        link="https://www.kegg.jp/dbget-bin/www_bget?hsa:84142">
        <graphics name="ABRAXAS1, ABRA1, CCDC98, FAM175A" fgcolor="#000000" bgcolor="#BFFFBF"
             type="rectangle" x="1159" y="276" width="46" height="17"/>
    </entry>
    <entry id="329" name="hsa:83990" type="gene"
        link="https://www.kegg.jp/dbget-bin/www_bget?hsa:83990">
        <graphics name="BRIP1, BACH1, FANCJ, OF" fgcolor="#000000" bgcolor="#BFFFBF"
             type="rectangle" x="1179" y="236" width="46" height="17"/>
    </entry>
    <entry id="330" name="hsa:580" type="gene"
        link="https://www.kegg.jp/dbget-bin/www_bget?hsa:580">
        <graphics name="BARD1" fgcolor="#000000" bgcolor="#BFFFBF"
             type="rectangle" x="1087" y="236" width="46" height="17"/>
    </entry>
    <entry id="331" name="hsa:11073" type="gene"
        link="https://www.kegg.jp/dbget-bin/www_bget?hsa:11073">
        <graphics name="TOPBP1, Dpb11, TOP2BP1" fgcolor="#000000" bgcolor="#BFFFBF"
             type="rectangle" x="1179" y="208" width="46" height="17"/>
    </entry>
    <entry id="332" name="hsa:472" type="gene"
        link="https://www.kegg.jp/dbget-bin/www_bget?hsa:472">
        <graphics name="ATM, AT1, ATA, ATC, ATD, ATDC, ATE, TEL1, TELO1" fgcolor="#000000" bgcolor="#BFFFBF"
             type="rectangle" x="1133" y="117" width="46" height="17"/>
    </entry>
    <entry id="335" name="hsa:9577" type="gene"
        link="https://www.kegg.jp/dbget-bin/www_bget?hsa:9577">
        <graphics name="BABAM2, BRCC4, BRCC45, BRE" fgcolor="#000000" bgcolor="#BFFFBF"
             type="rectangle" x="1214" y="276" width="46" height="17"/>
    </entry>
    <entry id="336" name="hsa:29086" type="gene"
        link="https://www.kegg.jp/dbget-bin/www_bget?hsa:29086">
        <graphics name="BABAM1, C19orf62, HSPC142, MERIT40, NBA1" fgcolor="#000000" bgcolor="#BFFFBF"
             type="rectangle" x="1214" y="259" width="46" height="17"/>
    </entry>
    <entry id="337" name="hsa:79184" type="gene"
        link="https://www.kegg.jp/dbget-bin/www_bget?hsa:79184">
        <graphics name="BRCC3, BRCC36, C6.1A, CXorf53" fgcolor="#000000" bgcolor="#BFFFBF"
             type="rectangle" x="1214" y="293" width="46" height="17"/>
    </entry>
    <relation entry1="332" entry2="324" type="PPrel">
        <subtype name="phosphorylation" value="+p"/>
    </relation>
    <relation entry1="324" entry2="329" type="PPrel">
        <subtype name="binding/association" value="---"/>
    </relation>
    <relation entry1="329" entry2="331" type="PPrel">
        <subtype name="binding/association" value="---"/>
    </relation>
    <relation entry1="324" entry2="330" type="PPrel">
        <subtype name="binding/association" value="---"/>
    </relation>
    <relation entry1="324" entry2="325" type="PPrel">
        <subtype name="binding/association" value="---"/>
    </relation>
    <relation entry1="70" entry2="69" type="PPrel">
        <subtype name="binding/association" value="---"/>
    </relation>
    <relation entry1="70" entry2="102" type="PPrel">
    </relation>
    <relation entry1="70" entry2="325" type="PPrel">
        <subtype name="binding/association" value="---"/>
    </relation>
    <relation entry1="324" entry2="326" type="PPrel">
        <subtype name="binding/association" value="---"/>
    </relation>
    <relation entry1="324" entry2="112" type="PPrel">
    </relation>
    <relation entry1="324" entry2="67" type="PPrel">
    </relation>
    <relation entry1="326" entry2="112" type="PPrel">
        <subtype name="binding/association" value="---"/>
    </relation>
    <relation entry1="112" entry2="67" type="PPrel">
        <subtype name="binding/association" value="---"/>
    </relation>
    <relation entry1="336" entry2="335" type="PPrel">
        <subtype name="binding/association" value="---"/>
    </relation>
    <relation entry1="336" entry2="337" type="PPrel">
        <subtype name="binding/association" value="---"/>
    </relation>
    <relation entry1="336" entry2="328" type="PPrel">
        <subtype name="binding/association" value="---"/>
    </relation>
    <relation entry1="336" entry2="327" type="PPrel">
    </relation>
    <relation entry1="324" entry2="328" type="PPrel">
        <subtype name="binding/association" value="---"/>
    </relation>
    <relation entry1="321" entry2="112" type="PPrel">
        <subtype name="inhibition" value="--|"/>
    </relation>
    <relation entry1="325" entry2="69" type="PPrel">
        <subtype name="binding/association" value="---"/>
    </relation>
</pathway>
