<?xml version="1.0"?>
<!DOCTYPE pathway SYSTEM "https://www.kegg.jp/kegg/xml/KGML_v0.7.2_.dtd">
<!-- Creation date: Jul 7, 2022 15:53:56 +0900 (GMT+9) -->
<pathway name="path:hsa00770" org="hsa" number="00770"
         title="Pantothenate and CoA biosynthesis"
         image="https://www.kegg.jp/kegg/pathway/hsa/hsa00770.png"
         link="https://www.kegg.jp/kegg-bin/show_pathway?hsa00770">
    <entry id="10" name="cpd:C03688" type="compound"
        link="https://www.kegg.jp/dbget-bin/www_bget?C03688">
        <graphics name="C03688" fgcolor="#000000" bgcolor="#FFFFFF"
             type="circle" x="740" y="560" width="8" height="8"/>
    </entry>
    <entry id="12" name="path:hsa00770" type="map"
        link="https://www.kegg.jp/dbget-bin/www_bget?hsa00770">
        <graphics name="TITLE:Pantothenate and CoA biosynthesis" fgcolor="#000000" bgcolor="#FFFFFF"
             type="roundrectangle" x="190" y="58" width="300" height="25"/>
    </entry>
    <entry id="13" name="path:hsa00250" type="map"
        link="https://www.kegg.jp/dbget-bin/www_bget?hsa00250">
        <graphics name="Alanine, aspartate and glutamate metabolism" fgcolor="#000000" bgcolor="#FFFFFF"
             type="roundrectangle" x="197" y="587" width="127" height="34"/>
    </entry>
    <entry id="14" name="path:hsa00640" type="map"
        link="https://www.kegg.jp/dbget-bin/www_bget?hsa00640">
        <graphics name="Propanoate metabolism" fgcolor="#000000" bgcolor="#FFFFFF"
             type="roundrectangle" x="417" y="502" width="73" height="34"/>
    </entry>
    <entry id="15" name="path:hsa00010" type="map"
        link="https://www.kegg.jp/dbget-bin/www_bget?hsa00010">
        <graphics name="Glycolysis / Gluconeogenesis" fgcolor="#000000" bgcolor="#FFFFFF"
             type="roundrectangle" x="84" y="129" width="74" height="25"/>
    </entry>
    <entry id="16" name="path:hsa00270" type="map"
        link="https://www.kegg.jp/dbget-bin/www_bget?hsa00270">
        <graphics name="Cysteine and methionine metabolism" fgcolor="#000000" bgcolor="#FFFFFF"
             type="roundrectangle" x="816" y="358" width="138" height="34"/>
    </entry>
    <entry id="17" name="path:hsa00410" type="map"
        link="https://www.kegg.jp/dbget-bin/www_bget?hsa00410">
        <graphics name="beta-Alanine metabolism" fgcolor="#000000" bgcolor="#FFFFFF"
             type="roundrectangle" x="524" y="369" width="74" height="34"/>
    </entry>
    <entry id="18" name="cpd:C00022" type="compound"
        link="https://www.kegg.jp/dbget-bin/www_bget?C00022">
        <graphics name="C00022" fgcolor="#000000" bgcolor="#FFFFFF"
             type="circle" x="173" y="129" width="8" height="8"/>
    </entry>
    <entry id="19" name="cpd:C04272" type="compound"
        link="https://www.kegg.jp/dbget-bin/www_bget?C04272">
        <graphics name="C04272" fgcolor="#000000" bgcolor="#FFFFFF"
             type="circle" x="478" y="129" width="8" height="8"/>
    </entry>
    <entry id="20" name="cpd:C00141" type="compound"
        link="https://www.kegg.jp/dbget-bin/www_bget?C00141">
        <graphics name="C00141" fgcolor="#000000" bgcolor="#FFFFFF"
             type="circle" x="478" y="195" width="8" height="8"/>
    </entry>
    <entry id="21" name="cpd:C00183" type="compound"
        link="https://www.kegg.jp/dbget-bin/www_bget?C00183">
        <graphics name="C00183" fgcolor="#000000" bgcolor="#FFFFFF"
             type="circle" x="664" y="195" width="8" height="8"/>
    </entry>
    <entry id="22" name="cpd:C00966" type="compound"
        link="https://www.kegg.jp/dbget-bin/www_bget?C00966">
        <graphics name="C00966" fgcolor="#000000" bgcolor="#FFFFFF"
             type="circle" x="298" y="195" width="8" height="8"/>
    </entry>
    <entry id="23" name="cpd:C00522" type="compound"
        link="https://www.kegg.jp/dbget-bin/www_bget?C00522">
        <graphics name="C00522" fgcolor="#000000" bgcolor="#FFFFFF"
             type="circle" x="298" y="338" width="8" height="8"/>
    </entry>
    <entry id="24" name="cpd:C00864" type="compound"
        link="https://www.kegg.jp/dbget-bin/www_bget?C00864">
        <graphics name="C00864" fgcolor="#000000" bgcolor="#FFFFFF"
             type="circle" x="444" y="338" width="8" height="8"/>
    </entry>
    <entry id="25" name="cpd:C00097" type="compound"
        link="https://www.kegg.jp/dbget-bin/www_bget?C00097">
        <graphics name="C00097" fgcolor="#000000" bgcolor="#FFFFFF"
             type="circle" x="691" y="358" width="8" height="8"/>
    </entry>
    <entry id="26" name="cpd:C04352" type="compound"
        link="https://www.kegg.jp/dbget-bin/www_bget?C04352">
        <graphics name="C04352" fgcolor="#000000" bgcolor="#FFFFFF"
             type="circle" x="621" y="416" width="8" height="8"/>
    </entry>
    <entry id="27" name="cpd:C01134" type="compound"
        link="https://www.kegg.jp/dbget-bin/www_bget?C01134">
        <graphics name="C01134" fgcolor="#000000" bgcolor="#FFFFFF"
             type="circle" x="621" y="481" width="8" height="8"/>
    </entry>
    <entry id="28" name="cpd:C00882" type="compound"
        link="https://www.kegg.jp/dbget-bin/www_bget?C00882">
        <graphics name="C00882" fgcolor="#000000" bgcolor="#FFFFFF"
             type="circle" x="621" y="590" width="8" height="8"/>
    </entry>
    <entry id="29" name="cpd:C00054" type="compound"
        link="https://www.kegg.jp/dbget-bin/www_bget?C00054">
        <graphics name="C00054" fgcolor="#000000" bgcolor="#FFFFFF"
             type="circle" x="740" y="499" width="8" height="8"/>
    </entry>
    <entry id="30" name="cpd:C00229" type="compound"
        link="https://www.kegg.jp/dbget-bin/www_bget?C00229">
        <graphics name="C00229" fgcolor="#000000" bgcolor="#FFFFFF"
             type="circle" x="796" y="481" width="8" height="8"/>
    </entry>
    <entry id="31" name="cpd:C00010" type="compound"
        link="https://www.kegg.jp/dbget-bin/www_bget?C00010">
        <graphics name="C00010" fgcolor="#000000" bgcolor="#FFFFFF"
             type="circle" x="796" y="589" width="8" height="8"/>
    </entry>
    <entry id="32" name="cpd:C00831" type="compound"
        link="https://www.kegg.jp/dbget-bin/www_bget?C00831">
        <graphics name="C00831" fgcolor="#000000" bgcolor="#FFFFFF"
             type="circle" x="502" y="481" width="8" height="8"/>
    </entry>
    <entry id="33" name="cpd:C00099" type="compound"
        link="https://www.kegg.jp/dbget-bin/www_bget?C00099">
        <graphics name="C00099" fgcolor="#000000" bgcolor="#FFFFFF"
             type="circle" x="320" y="502" width="8" height="8"/>
    </entry>
    <entry id="34" name="cpd:C02642" type="compound"
        link="https://www.kegg.jp/dbget-bin/www_bget?C02642">
        <graphics name="C02642" fgcolor="#000000" bgcolor="#FFFFFF"
             type="circle" x="233" y="502" width="8" height="8"/>
    </entry>
    <entry id="35" name="cpd:C00429" type="compound"
        link="https://www.kegg.jp/dbget-bin/www_bget?C00429">
        <graphics name="C00429" fgcolor="#000000" bgcolor="#FFFFFF"
             type="circle" x="147" y="502" width="8" height="8"/>
    </entry>
    <entry id="36" name="cpd:C00106" type="compound"
        link="https://www.kegg.jp/dbget-bin/www_bget?C00106">
        <graphics name="C00106" fgcolor="#000000" bgcolor="#FFFFFF"
             type="circle" x="50" y="502" width="8" height="8"/>
    </entry>
    <entry id="37" name="cpd:C04079" type="compound"
        link="https://www.kegg.jp/dbget-bin/www_bget?C04079">
        <graphics name="C04079" fgcolor="#000000" bgcolor="#FFFFFF"
             type="circle" x="502" y="416" width="8" height="8"/>
    </entry>
    <entry id="38" name="cpd:C01053" type="compound"
        link="https://www.kegg.jp/dbget-bin/www_bget?C01053">
        <graphics name="C01053" fgcolor="#000000" bgcolor="#FFFFFF"
             type="circle" x="388" y="269" width="8" height="8"/>
    </entry>
    <entry id="39" name="cpd:C01088" type="compound"
        link="https://www.kegg.jp/dbget-bin/www_bget?C01088">
        <graphics name="C01088" fgcolor="#000000" bgcolor="#FFFFFF"
             type="circle" x="478" y="269" width="8" height="8"/>
    </entry>
    <entry id="67" name="hsa:80347" type="gene" reaction="rn:R00130"
        link="https://www.kegg.jp/dbget-bin/www_bget?hsa:80347">
        <graphics name="COASY, DPCK, NBIA6, NBP, PCH12, PPAT, UKR1, pOV-2" fgcolor="#000000" bgcolor="#BFFFBF"
             type="rectangle" x="701" y="579" width="46" height="17"/>
    </entry>
    <entry id="68" name="ko:K00997" type="ortholog" reaction="rn:R01625"
        link="https://www.kegg.jp/dbget-bin/www_bget?K00997">
        <graphics name="K00997" fgcolor="#000000" bgcolor="#FFFFFF"
             type="rectangle" x="771" y="540" width="46" height="17"/>
    </entry>
    <entry id="69" name="hsa:5167 hsa:5169" type="gene" reaction="rn:R03036"
        link="https://www.kegg.jp/dbget-bin/www_bget?hsa:5167+hsa:5169">
        <graphics name="ENPP1, ARHR2, COLED, M6S1, NPP1, NPPS, PC-1, PCA1, PDNP1..." fgcolor="#000000" bgcolor="#BFFFBF"
             type="rectangle" x="646" y="540" width="46" height="17"/>
    </entry>
    <entry id="70" name="ko:K08682" type="ortholog" reaction="rn:R01623"
        link="https://www.kegg.jp/dbget-bin/www_bget?K08682">
        <graphics name="K08682" fgcolor="#000000" bgcolor="#FFFFFF"
             type="rectangle" x="725" y="482" width="46" height="17"/>
    </entry>
    <entry id="71" name="hsa:53354 hsa:79646 hsa:80025" type="gene" reaction="rn:R02971"
        link="https://www.kegg.jp/dbget-bin/www_bget?hsa:53354+hsa:79646+hsa:80025">
        <graphics name="PANK1, PANK..." fgcolor="#000000" bgcolor="#BFFFBF"
             type="rectangle" x="561" y="471" width="46" height="17"/>
    </entry>
    <entry id="72" name="hsa:60490" type="gene" reaction="rn:R03269"
        link="https://www.kegg.jp/dbget-bin/www_bget?hsa:60490">
        <graphics name="PPCDC, MDS018, PPC-DC, coaC" fgcolor="#000000" bgcolor="#BFFFBF"
             type="rectangle" x="622" y="445" width="46" height="17"/>
    </entry>
    <entry id="74" name="hsa:53354 hsa:79646 hsa:80025" type="gene" reaction="rn:R04391"
        link="https://www.kegg.jp/dbget-bin/www_bget?hsa:53354+hsa:79646+hsa:80025">
        <graphics name="PANK1, PANK..." fgcolor="#000000" bgcolor="#BFFFBF"
             type="rectangle" x="560" y="417" width="46" height="17"/>
    </entry>
    <entry id="75" name="ko:K21977 ko:K13038" type="ortholog" reaction="rn:R04231"
        link="https://www.kegg.jp/dbget-bin/www_bget?K21977+K13038">
        <graphics name="K21977..." fgcolor="#000000" bgcolor="#FFFFFF"
             type="rectangle" x="596" y="385" width="46" height="17"/>
    </entry>
    <entry id="76" name="hsa:53354 hsa:79646 hsa:80025" type="gene" reaction="rn:R03018"
        link="https://www.kegg.jp/dbget-bin/www_bget?hsa:53354+hsa:79646+hsa:80025">
        <graphics name="PANK1, PANK..." fgcolor="#000000" bgcolor="#BFFFBF"
             type="rectangle" x="519" y="339" width="46" height="17"/>
    </entry>
    <entry id="77" name="hsa:51733" type="gene" reaction="rn:R00905"
        link="https://www.kegg.jp/dbget-bin/www_bget?hsa:51733">
        <graphics name="UPB1, BUP1" fgcolor="#000000" bgcolor="#BFFFBF"
             type="rectangle" x="273" y="503" width="46" height="17"/>
    </entry>
    <entry id="78" name="hsa:1807" type="gene" reaction="rn:R02269"
        link="https://www.kegg.jp/dbget-bin/www_bget?hsa:1807">
        <graphics name="DPYS, DHP, DHPase" fgcolor="#000000" bgcolor="#BFFFBF"
             type="rectangle" x="186" y="502" width="46" height="17"/>
    </entry>
    <entry id="79" name="hsa:1806" type="gene" reaction="rn:R00978"
        link="https://www.kegg.jp/dbget-bin/www_bget?hsa:1806">
        <graphics name="DPYD, DHP, DHPDHASE, DPD, DYPD" fgcolor="#000000" bgcolor="#BFFFBF"
             type="rectangle" x="100" y="513" width="46" height="17"/>
    </entry>
    <entry id="80" name="ko:K17722 ko:K17723" type="ortholog" reaction="rn:R00977"
        link="https://www.kegg.jp/dbget-bin/www_bget?K17722+K17723">
        <graphics name="K17722..." fgcolor="#000000" bgcolor="#FFFFFF"
             type="rectangle" x="100" y="492" width="46" height="17"/>
    </entry>
    <entry id="81" name="ko:K01918 ko:K13799" type="ortholog" reaction="rn:R02473"
        link="https://www.kegg.jp/dbget-bin/www_bget?K01918+K13799">
        <graphics name="K01918..." fgcolor="#000000" bgcolor="#FFFFFF"
             type="rectangle" x="382" y="328" width="46" height="17"/>
    </entry>
    <entry id="82" name="ko:K00077 ko:K24263" type="ortholog" reaction="rn:R02472"
        link="https://www.kegg.jp/dbget-bin/www_bget?K00077+K24263">
        <graphics name="K00077..." fgcolor="#000000" bgcolor="#FFFFFF"
             type="rectangle" x="298" y="241" width="46" height="17"/>
    </entry>
    <entry id="83" name="ko:K00606" type="ortholog" reaction="rn:R01226"
        link="https://www.kegg.jp/dbget-bin/www_bget?K00606">
        <graphics name="K00606" fgcolor="#000000" bgcolor="#FFFFFF"
             type="rectangle" x="392" y="196" width="46" height="17"/>
    </entry>
    <entry id="85" name="ko:K01687" type="ortholog" reaction="rn:R04441"
        link="https://www.kegg.jp/dbget-bin/www_bget?K01687">
        <graphics name="K01687" fgcolor="#000000" bgcolor="#FFFFFF"
             type="rectangle" x="478" y="159" width="46" height="17"/>
    </entry>
    <entry id="86" name="ko:K00053" type="ortholog" reaction="rn:R04439"
        link="https://www.kegg.jp/dbget-bin/www_bget?K00053">
        <graphics name="K00053" fgcolor="#000000" bgcolor="#FFFFFF"
             type="rectangle" x="381" y="130" width="46" height="17"/>
    </entry>
    <entry id="87" name="ko:K01652 ko:K01653 ko:K11258" type="ortholog" reaction="rn:R00226"
        link="https://www.kegg.jp/dbget-bin/www_bget?K01652+K01653+K11258">
        <graphics name="K01652..." fgcolor="#000000" bgcolor="#FFFFFF"
             type="rectangle" x="232" y="130" width="46" height="17"/>
    </entry>
    <entry id="89" name="hsa:8875 hsa:8876" type="gene" reaction="rn:R02973"
        link="https://www.kegg.jp/dbget-bin/www_bget?hsa:8875+hsa:8876">
        <graphics name="VNN2, FOAP-4, GPI-80..." fgcolor="#000000" bgcolor="#BFFFBF"
             type="rectangle" x="445" y="432" width="46" height="17"/>
    </entry>
    <entry id="90" name="hsa:586 hsa:587" type="gene" reaction="rn:R01214"
        link="https://www.kegg.jp/dbget-bin/www_bget?hsa:586+hsa:587">
        <graphics name="BCAT1, BCATC, BCT1, ECA39, MECA39, PNAS121, PP18..." fgcolor="#000000" bgcolor="#BFFFBF"
             type="rectangle" x="591" y="206" width="46" height="17"/>
    </entry>
    <entry id="92" name="hsa:80347" type="gene" reaction="rn:R03035"
        link="https://www.kegg.jp/dbget-bin/www_bget?hsa:80347">
        <graphics name="COASY, DPCK, NBIA6, NBP, PCH12, PPAT, UKR1, pOV-2" fgcolor="#000000" bgcolor="#BFFFBF"
             type="rectangle" x="596" y="540" width="46" height="17"/>
    </entry>
    <entry id="97" name="cpd:C00049" type="compound"
        link="https://www.kegg.jp/dbget-bin/www_bget?C00049">
        <graphics name="C00049" fgcolor="#000000" bgcolor="#FFFFFF"
             type="circle" x="318" y="587" width="8" height="8"/>
    </entry>
    <entry id="98" name="hsa:339896 hsa:51380" type="gene" reaction="rn:R00489"
        link="https://www.kegg.jp/dbget-bin/www_bget?hsa:339896+hsa:51380">
        <graphics name="GADL1, ADC, CSADC, HuADC, HuCSADC..." fgcolor="#000000" bgcolor="#BFFFBF"
             type="rectangle" x="318" y="560" width="46" height="17"/>
    </entry>
    <entry id="99" name="ko:K09722" type="ortholog" reaction="rn:R09379"
        link="https://www.kegg.jp/dbget-bin/www_bget?K09722">
        <graphics name="K09722" fgcolor="#000000" bgcolor="#FFFFFF"
             type="rectangle" x="519" y="306" width="46" height="17"/>
    </entry>
    <entry id="100" name="cpd:C18911" type="compound"
        link="https://www.kegg.jp/dbget-bin/www_bget?C18911">
        <graphics name="C18911" fgcolor="#000000" bgcolor="#FFFFFF"
             type="circle" x="444" y="305" width="8" height="8"/>
    </entry>
    <entry id="101" name="ko:K06982" type="ortholog" reaction="rn:R09378"
        link="https://www.kegg.jp/dbget-bin/www_bget?K06982">
        <graphics name="K06982" fgcolor="#000000" bgcolor="#FFFFFF"
             type="rectangle" x="382" y="306" width="46" height="17"/>
    </entry>
    <entry id="102" name="cpd:C03492" type="compound"
        link="https://www.kegg.jp/dbget-bin/www_bget?C03492">
        <graphics name="C03492" fgcolor="#000000" bgcolor="#FFFFFF"
             type="circle" x="621" y="338" width="8" height="8"/>
    </entry>
    <entry id="103" name="hsa:60496" type="gene" reaction="rn:R01625"
        link="https://www.kegg.jp/dbget-bin/www_bget?hsa:60496">
        <graphics name="AASDHPPT, AASD-PPT, ACPS, CGI-80, LYS2, LYS5" fgcolor="#000000" bgcolor="#BFFFBF"
             type="rectangle" x="821" y="540" width="46" height="17"/>
    </entry>
    <entry id="104" name="cpd:C05944" type="compound"
        link="https://www.kegg.jp/dbget-bin/www_bget?C05944">
        <graphics name="C05944" fgcolor="#000000" bgcolor="#FFFFFF"
             type="circle" x="382" y="396" width="8" height="8"/>
    </entry>
    <entry id="107" name="hsa:79717" type="gene" reaction="rn:R04230"
        link="https://www.kegg.jp/dbget-bin/www_bget?hsa:79717">
        <graphics name="PPCS, CMD2C" fgcolor="#000000" bgcolor="#BFFFBF"
             type="rectangle" x="646" y="385" width="46" height="17"/>
    </entry>
    <entry id="108" name="cpd:C06010" type="compound"
        link="https://www.kegg.jp/dbget-bin/www_bget?C06010">
        <graphics name="C06010" fgcolor="#000000" bgcolor="#FFFFFF"
             type="circle" x="297" y="129" width="8" height="8"/>
    </entry>
    <entry id="109" name="ko:K09735" type="ortholog" reaction="rn:R12608"
        link="https://www.kegg.jp/dbget-bin/www_bget?K09735">
        <graphics name="K09735" fgcolor="#000000" bgcolor="#FFFFFF"
             type="rectangle" x="701" y="600" width="46" height="17"/>
    </entry>
    <entry id="111" name="cpd:C05665" type="compound"
        link="https://www.kegg.jp/dbget-bin/www_bget?C05665">
        <graphics name="C05665" fgcolor="#000000" bgcolor="#FFFFFF"
             type="circle" x="410" y="537" width="8" height="8"/>
    </entry>
    <entry id="113" name="cpd:C00750" type="compound"
        link="https://www.kegg.jp/dbget-bin/www_bget?C00750">
        <graphics name="C00750" fgcolor="#000000" bgcolor="#FFFFFF"
             type="circle" x="499" y="537" width="8" height="8"/>
    </entry>
    <entry id="114" name="hsa:217 hsa:219 hsa:224" type="gene" reaction="rn:R00904"
        link="https://www.kegg.jp/dbget-bin/www_bget?hsa:217+hsa:219+hsa:224">
        <graphics name="ALDH2, ALDH-E2, ALDHI, ALDM..." fgcolor="#000000" bgcolor="#BFFFBF"
             type="rectangle" x="369" y="538" width="46" height="17"/>
    </entry>
    <entry id="115" name="ko:K17839 ko:K13367" type="ortholog" reaction="rn:R09076"
        link="https://www.kegg.jp/dbget-bin/www_bget?K17839+K13367">
        <graphics name="K17839..." fgcolor="#000000" bgcolor="#FFFFFF"
             type="rectangle" x="457" y="538" width="46" height="17"/>
    </entry>
    <entry id="117" name="path:hsa00330" type="map"
        link="https://www.kegg.jp/dbget-bin/www_bget?hsa00330">
        <graphics name="Arginine and proline metabolism" fgcolor="#000000" bgcolor="#FFFFFF"
             type="roundrectangle" x="500" y="603" width="119" height="34"/>
    </entry>
    <relation entry1="76" entry2="89" type="ECrel">
        <subtype name="compound" value="24"/>
    </relation>
    <relation entry1="72" entry2="74" type="ECrel">
        <subtype name="compound" value="26"/>
    </relation>
    <relation entry1="71" entry2="89" type="ECrel">
        <subtype name="compound" value="32"/>
    </relation>
    <relation entry1="71" entry2="72" type="ECrel">
        <subtype name="compound" value="27"/>
    </relation>
    <relation entry1="72" entry2="92" type="ECrel">
        <subtype name="compound" value="27"/>
    </relation>
    <relation entry1="69" entry2="72" type="ECrel">
        <subtype name="compound" value="27"/>
    </relation>
    <relation entry1="71" entry2="92" type="ECrel">
        <subtype name="compound" value="27"/>
    </relation>
    <relation entry1="69" entry2="71" type="ECrel">
        <subtype name="compound" value="27"/>
    </relation>
    <relation entry1="67" entry2="92" type="ECrel">
        <subtype name="compound" value="28"/>
    </relation>
    <relation entry1="67" entry2="69" type="ECrel">
        <subtype name="compound" value="28"/>
    </relation>
    <relation entry1="77" entry2="78" type="ECrel">
        <subtype name="compound" value="34"/>
    </relation>
    <relation entry1="78" entry2="79" type="ECrel">
        <subtype name="compound" value="35"/>
    </relation>
    <relation entry1="77" entry2="14" type="maplink">
        <subtype name="compound" value="33"/>
    </relation>
    <relation entry1="76" entry2="17" type="maplink">
        <subtype name="compound" value="24"/>
    </relation>
    <relation entry1="89" entry2="17" type="maplink">
        <subtype name="compound" value="24"/>
    </relation>
    <relation entry1="77" entry2="98" type="ECrel">
        <subtype name="compound" value="33"/>
    </relation>
    <relation entry1="14" entry2="98" type="maplink">
        <subtype name="compound" value="33"/>
    </relation>
    <relation entry1="13" entry2="98" type="maplink">
        <subtype name="compound" value="97"/>
    </relation>
    <relation entry1="103" entry2="67" type="ECrel">
        <subtype name="compound" value="31"/>
    </relation>
    <relation entry1="76" entry2="107" type="ECrel">
        <subtype name="compound" value="102"/>
    </relation>
    <relation entry1="107" entry2="17" type="maplink">
        <subtype name="compound" value="102"/>
    </relation>
    <relation entry1="107" entry2="74" type="ECrel">
        <subtype name="compound" value="26"/>
    </relation>
    <relation entry1="107" entry2="72" type="ECrel">
        <subtype name="compound" value="26"/>
    </relation>
    <relation entry1="16" entry2="107" type="maplink">
        <subtype name="compound" value="25"/>
    </relation>
    <relation entry1="114" entry2="14" type="maplink">
        <subtype name="compound" value="33"/>
    </relation>
    <relation entry1="114" entry2="77" type="ECrel">
        <subtype name="compound" value="33"/>
    </relation>
    <relation entry1="114" entry2="98" type="ECrel">
        <subtype name="compound" value="33"/>
    </relation>
    <reaction id="67" name="rn:R00130" type="irreversible">
        <substrate id="28" name="cpd:C00882"/>
        <product id="31" name="cpd:C00010"/>
    </reaction>
    <reaction id="69" name="rn:R03036" type="reversible">
        <substrate id="27" name="cpd:C01134"/>
        <product id="28" name="cpd:C00882"/>
    </reaction>
    <reaction id="71" name="rn:R02971" type="irreversible">
        <substrate id="32" name="cpd:C00831"/>
        <product id="27" name="cpd:C01134"/>
    </reaction>
    <reaction id="72" name="rn:R03269" type="irreversible">
        <substrate id="26" name="cpd:C04352"/>
        <product id="27" name="cpd:C01134"/>
    </reaction>
    <reaction id="74" name="rn:R04391" type="irreversible">
        <substrate id="37" name="cpd:C04079"/>
        <product id="26" name="cpd:C04352"/>
    </reaction>
    <reaction id="76" name="rn:R03018" type="irreversible">
        <substrate id="24" name="cpd:C00864"/>
        <product id="102" name="cpd:C03492"/>
    </reaction>
    <reaction id="77" name="rn:R00905" type="irreversible">
        <substrate id="34" name="cpd:C02642"/>
        <product id="33" name="cpd:C00099"/>
    </reaction>
    <reaction id="78" name="rn:R02269" type="irreversible">
        <substrate id="35" name="cpd:C00429"/>
        <product id="34" name="cpd:C02642"/>
    </reaction>
    <reaction id="79" name="rn:R00978" type="reversible">
        <substrate id="35" name="cpd:C00429"/>
        <product id="36" name="cpd:C00106"/>
    </reaction>
    <reaction id="89" name="rn:R02973" type="irreversible">
        <substrate id="32" name="cpd:C00831"/>
        <product id="24" name="cpd:C00864"/>
    </reaction>
    <reaction id="90" name="rn:R01214" type="reversible">
        <substrate id="21" name="cpd:C00183"/>
        <product id="20" name="cpd:C00141"/>
    </reaction>
    <reaction id="92" name="rn:R03035" type="reversible">
        <substrate id="27" name="cpd:C01134"/>
        <product id="28" name="cpd:C00882"/>
    </reaction>
    <reaction id="98" name="rn:R00489" type="irreversible">
        <substrate id="97" name="cpd:C00049"/>
        <product id="33" name="cpd:C00099"/>
    </reaction>
    <reaction id="103" name="rn:R01625" type="irreversible">
        <substrate id="31" name="cpd:C00010"/>
        <substrate id="10" name="cpd:C03688"/>
        <product id="30" name="cpd:C00229"/>
        <product id="29" name="cpd:C00054"/>
    </reaction>
    <reaction id="107" name="rn:R04230" type="irreversible">
        <substrate id="102" name="cpd:C03492"/>
        <substrate id="25" name="cpd:C00097"/>
        <product id="26" name="cpd:C04352"/>
    </reaction>
    <reaction id="114" name="rn:R00904" type="irreversible">
        <substrate id="111" name="cpd:C05665"/>
        <product id="33" name="cpd:C00099"/>
    </reaction>
</pathway>
