<?xml version="1.0"?>
<!DOCTYPE pathway SYSTEM "https://www.kegg.jp/kegg/xml/KGML_v0.7.2_.dtd">
<!-- Creation date: Jul 30, 2020 13:14:14 +0900 (GMT+9) -->
<pathway name="path:hsa04726" org="hsa" number="04726"
         title="Serotonergic synapse"
         image="https://www.kegg.jp/kegg/pathway/hsa/hsa04726.png"
         link="https://www.kegg.jp/kegg-bin/show_pathway?hsa04726">
    <entry id="18" name="path:hsa04976" type="map"
        link="https://www.kegg.jp/dbget-bin/www_bget?hsa04976">
        <graphics name="Bile secretion" fgcolor="#000000" bgcolor="#FFFFFF"
             type="roundrectangle" x="146" y="58" width="212" height="25"/>
    </entry>
    <entry id="25" name="hsa:3360 hsa:3362 hsa:3363" type="gene"
        link="https://www.kegg.jp/dbget-bin/www_bget?hsa:3360+hsa:3362+hsa:3363">
        <graphics name="HTR4, 5-HT4, 5-HT4R..." fgcolor="#000000" bgcolor="#BFFFBF"
             type="rectangle" x="755" y="618" width="46" height="17"/>
    </entry>
    <entry id="27" name="hsa:3356 hsa:3357 hsa:3358" type="gene"
        link="https://www.kegg.jp/dbget-bin/www_bget?hsa:3356+hsa:3357+hsa:3358">
        <graphics name="HTR2A, 5-HT2A, HTR2..." fgcolor="#000000" bgcolor="#BFFFBF"
             type="rectangle" x="685" y="219" width="46" height="17"/>
    </entry>
    <entry id="30" name="hsa:6570 hsa:6571" type="gene"
        link="https://www.kegg.jp/dbget-bin/www_bget?hsa:6570+hsa:6571">
        <graphics name="SLC18A1, CGAT, VAT1, VMAT1..." fgcolor="#000000" bgcolor="#BFFFBF"
             type="rectangle" x="242" y="541" width="46" height="17"/>
    </entry>
    <entry id="31" name="cpd:C00643" type="compound"
        link="https://www.kegg.jp/dbget-bin/www_bget?C00643">
        <graphics name="C00643" fgcolor="#000000" bgcolor="#FFFFFF"
             type="circle" x="121" y="536" width="8" height="8"/>
    </entry>
    <entry id="32" name="cpd:C00780" type="compound"
        link="https://www.kegg.jp/dbget-bin/www_bget?C00780">
        <graphics name="C00780" fgcolor="#000000" bgcolor="#FFFFFF"
             type="circle" x="194" y="539" width="8" height="8"/>
    </entry>
    <entry id="33" name="cpd:C00780" type="compound"
        link="https://www.kegg.jp/dbget-bin/www_bget?C00780">
        <graphics name="C00780" fgcolor="#000000" bgcolor="#FFFFFF"
             type="circle" x="446" y="475" width="8" height="8"/>
    </entry>
    <entry id="34" name="hsa:2778" type="gene"
        link="https://www.kegg.jp/dbget-bin/www_bget?hsa:2778">
        <graphics name="GNAS, AHO, C20orf45, GNAS1, GPSA, GSA, GSP, NESP, PITA3, POH, SCG6, SgVI" fgcolor="#000000" bgcolor="#BFFFBF"
             type="rectangle" x="838" y="619" width="46" height="17"/>
    </entry>
    <entry id="35" name="hsa:111" type="gene"
        link="https://www.kegg.jp/dbget-bin/www_bget?hsa:111">
        <graphics name="ADCY5, AC5, DSKOD, FDFM" fgcolor="#000000" bgcolor="#BFFFBF"
             type="rectangle" x="921" y="650" width="46" height="17"/>
    </entry>
    <entry id="36" name="hsa:5566 hsa:5567 hsa:5568" type="gene"
        link="https://www.kegg.jp/dbget-bin/www_bget?hsa:5566+hsa:5567+hsa:5568">
        <graphics name="PRKACA, CAFD1, PKACA, PPNAD4..." fgcolor="#000000" bgcolor="#BFFFBF"
             type="rectangle" x="1042" y="625" width="46" height="17"/>
    </entry>
    <entry id="37" name="hsa:2776" type="gene"
        link="https://www.kegg.jp/dbget-bin/www_bget?hsa:2776">
        <graphics name="GNAQ, CMC1, G-ALPHA-q, GAQ, SWS" fgcolor="#000000" bgcolor="#BFFFBF"
             type="rectangle" x="842" y="485" width="46" height="17"/>
    </entry>
    <entry id="38" name="hsa:23236 hsa:5330 hsa:5331 hsa:5332" type="gene"
        link="https://www.kegg.jp/dbget-bin/www_bget?hsa:23236+hsa:5330+hsa:5331+hsa:5332">
        <graphics name="PLCB1, DEE12, EIEE12, PI-PLC, PLC-154, PLC-I, PLC-beta-1, PLC154, PLCB1A, PLCB1B..." fgcolor="#000000" bgcolor="#BFFFBF"
             type="rectangle" x="920" y="485" width="46" height="17"/>
    </entry>
    <entry id="39" name="cpd:C00575" type="compound"
        link="https://www.kegg.jp/dbget-bin/www_bget?C00575">
        <graphics name="C00575" fgcolor="#000000" bgcolor="#FFFFFF"
             type="circle" x="980" y="651" width="8" height="8"/>
    </entry>
    <entry id="46" name="cpd:C01245" type="compound"
        link="https://www.kegg.jp/dbget-bin/www_bget?C01245">
        <graphics name="C01245" fgcolor="#000000" bgcolor="#FFFFFF"
             type="circle" x="979" y="455" width="8" height="8"/>
    </entry>
    <entry id="47" name="cpd:C00165" type="compound"
        link="https://www.kegg.jp/dbget-bin/www_bget?C00165">
        <graphics name="C00165" fgcolor="#000000" bgcolor="#FFFFFF"
             type="circle" x="977" y="486" width="8" height="8"/>
    </entry>
    <entry id="50" name="hsa:3708 hsa:3709 hsa:3710" type="gene"
        link="https://www.kegg.jp/dbget-bin/www_bget?hsa:3708+hsa:3709+hsa:3710">
        <graphics name="ITPR1, ACV, CLA4, INSP3R1, IP3R, IP3R1, PPP1R94, SCA15, SCA16, SCA29..." fgcolor="#000000" bgcolor="#BFFFBF"
             type="rectangle" x="1039" y="416" width="46" height="17"/>
    </entry>
    <entry id="52" name="cpd:C00076" type="compound"
        link="https://www.kegg.jp/dbget-bin/www_bget?C00076">
        <graphics name="C00076" fgcolor="#000000" bgcolor="#FFFFFF"
             type="circle" x="1038" y="450" width="8" height="8"/>
    </entry>
    <entry id="53" name="hsa:5578 hsa:5579 hsa:5582" type="gene"
        link="https://www.kegg.jp/dbget-bin/www_bget?hsa:5578+hsa:5579+hsa:5582">
        <graphics name="PRKCA, AAG6, PKC-alpha, PKCA, PKCI+/-, PKCalpha, PRKACA..." fgcolor="#000000" bgcolor="#BFFFBF"
             type="rectangle" x="1042" y="485" width="46" height="17"/>
    </entry>
    <entry id="55" name="cpd:C00780" type="compound"
        link="https://www.kegg.jp/dbget-bin/www_bget?C00780">
        <graphics name="C00780" fgcolor="#000000" bgcolor="#FFFFFF"
             type="circle" x="629" y="584" width="8" height="8"/>
    </entry>
    <entry id="57" name="hsa:1644" type="gene"
        link="https://www.kegg.jp/dbget-bin/www_bget?hsa:1644">
        <graphics name="DDC, AADC" fgcolor="#000000" bgcolor="#BFFFBF"
             type="rectangle" x="153" y="557" width="46" height="17"/>
    </entry>
    <entry id="58" name="hsa:6532" type="gene"
        link="https://www.kegg.jp/dbget-bin/www_bget?hsa:6532">
        <graphics name="SLC6A4, 5-HTT, 5-HTTLPR, 5HTT, HTT, OCD1, SERT, SERT1, hSERT" fgcolor="#000000" bgcolor="#BFFFBF"
             type="rectangle" x="624" y="773" width="46" height="17"/>
    </entry>
    <entry id="59" name="cpd:C00780" type="compound"
        link="https://www.kegg.jp/dbget-bin/www_bget?C00780">
        <graphics name="C00780" fgcolor="#000000" bgcolor="#FFFFFF"
             type="circle" x="682" y="772" width="8" height="8"/>
    </entry>
    <entry id="68" name="hsa:773 hsa:774" type="gene"
        link="https://www.kegg.jp/dbget-bin/www_bget?hsa:773+hsa:774">
        <graphics name="CACNA1A, APCA, BI, CACNL1A4, CAV2.1, DEE42, EA2, EIEE42, FHM, HPCA, MHP, MHP1, SCA6..." fgcolor="#000000" bgcolor="#BFFFBF"
             type="rectangle" x="624" y="466" width="46" height="17"/>
    </entry>
    <entry id="69" name="cpd:C00076" type="compound"
        link="https://www.kegg.jp/dbget-bin/www_bget?C00076">
        <graphics name="C00076" fgcolor="#000000" bgcolor="#FFFFFF"
             type="circle" x="668" y="465" width="8" height="8"/>
    </entry>
    <entry id="92" name="hsa:3350 hsa:3351 hsa:3352 hsa:3354 hsa:3355" type="gene"
        link="https://www.kegg.jp/dbget-bin/www_bget?hsa:3350+hsa:3351+hsa:3352+hsa:3354+hsa:3355">
        <graphics name="HTR1A, 5-HT-1A, 5-HT1A, 5HT1a, ADRB2RL1, ADRBRL1, G-21, PFMCD..." fgcolor="#000000" bgcolor="#BFFFBF"
             type="rectangle" x="755" y="665" width="46" height="17"/>
    </entry>
    <entry id="93" name="hsa:10681 hsa:2770 hsa:2771 hsa:2773 hsa:2775 hsa:2782 hsa:2783 hsa:2784 hsa:2785 hsa:2786 hsa:2787 hsa:2788 hsa:2790 hsa:2791 hsa:2792 hsa:2793 hsa:51764 hsa:54331 hsa:55970 hsa:59345 hsa:94235" type="gene"
        link="https://www.kegg.jp/dbget-bin/www_bget?hsa:10681+hsa:2770+hsa:2771+hsa:2773+hsa:2775+hsa:2782+hsa:2783+hsa:2784+hsa:2785+hsa:2786+hsa:2787+hsa:2788+hsa:2790+hsa:2791+hsa:2792+hsa:2793+hsa:51764+hsa:54331+hsa:55970+hsa:59345+hsa:94235">
        <graphics name="GNB5, GB5, HG2E, IDDCA, LADCI, gbeta5..." fgcolor="#000000" bgcolor="#BFFFBF"
             type="rectangle" x="841" y="700" width="46" height="17"/>
    </entry>
    <entry id="97" name="hsa:10411" type="gene"
        link="https://www.kegg.jp/dbget-bin/www_bget?hsa:10411">
        <graphics name="RAPGEF3, CAMP-GEFI, EPAC, EPAC1, HSU79275, bcm910" fgcolor="#000000" bgcolor="#BFFFBF"
             type="rectangle" x="1042" y="665" width="46" height="17"/>
    </entry>
    <entry id="99" name="cpd:C00078" type="compound"
        link="https://www.kegg.jp/dbget-bin/www_bget?C00078">
        <graphics name="C00078" fgcolor="#000000" bgcolor="#FFFFFF"
             type="circle" x="121" y="656" width="8" height="8"/>
    </entry>
    <entry id="101" name="hsa:121278 hsa:7166" type="gene"
        link="https://www.kegg.jp/dbget-bin/www_bget?hsa:121278+hsa:7166">
        <graphics name="TPH2, ADHD7, NTPH..." fgcolor="#000000" bgcolor="#BFFFBF"
             type="rectangle" x="149" y="619" width="46" height="17"/>
    </entry>
    <entry id="103" name="hsa:3361" type="gene"
        link="https://www.kegg.jp/dbget-bin/www_bget?hsa:3361">
        <graphics name="HTR5A, 5-HT5A" fgcolor="#000000" bgcolor="#BFFFBF"
             type="rectangle" x="755" y="700" width="46" height="17"/>
    </entry>
    <entry id="104" name="hsa:4128 hsa:4129" type="gene"
        link="https://www.kegg.jp/dbget-bin/www_bget?hsa:4128+hsa:4129">
        <graphics name="MAOA, BRNRS, MAO-A..." fgcolor="#000000" bgcolor="#BFFFBF"
             type="rectangle" x="496" y="789" width="46" height="17"/>
    </entry>
    <entry id="105" name="cpd:C00780" type="compound"
        link="https://www.kegg.jp/dbget-bin/www_bget?C00780">
        <graphics name="C00780" fgcolor="#000000" bgcolor="#FFFFFF"
             type="circle" x="560" y="774" width="8" height="8"/>
    </entry>
    <entry id="107" name="cpd:C05635" type="compound"
        link="https://www.kegg.jp/dbget-bin/www_bget?C05635">
        <graphics name="C05635" fgcolor="#000000" bgcolor="#FFFFFF"
             type="circle" x="433" y="771" width="8" height="8"/>
    </entry>
    <entry id="108" name="path:hsa00380" type="map"
        link="https://www.kegg.jp/dbget-bin/www_bget?hsa00380">
        <graphics name="Tryptophan metabolism" fgcolor="#000000" bgcolor="#FFFFFF"
             type="roundrectangle" x="145" y="696" width="92" height="34"/>
    </entry>
    <entry id="111" name="hsa:6532" type="gene"
        link="https://www.kegg.jp/dbget-bin/www_bget?hsa:6532">
        <graphics name="SLC6A4, 5-HTT, 5-HTTLPR, 5HTT, HTT, OCD1, SERT, SERT1, hSERT" fgcolor="#000000" bgcolor="#BFFFBF"
             type="rectangle" x="766" y="220" width="46" height="17"/>
    </entry>
    <entry id="113" name="hsa:3350 hsa:3351 hsa:3352 hsa:3354 hsa:3355" type="gene"
        link="https://www.kegg.jp/dbget-bin/www_bget?hsa:3350+hsa:3351+hsa:3352+hsa:3354+hsa:3355">
        <graphics name="HTR1A, 5-HT-1A, 5-HT1A, 5HT1a, ADRB2RL1, ADRBRL1, G-21, PFMCD..." fgcolor="#000000" bgcolor="#BFFFBF"
             type="rectangle" x="564" y="321" width="46" height="17"/>
    </entry>
    <entry id="117" name="hsa:3356 hsa:3357 hsa:3358" type="gene"
        link="https://www.kegg.jp/dbget-bin/www_bget?hsa:3356+hsa:3357+hsa:3358">
        <graphics name="HTR2A, 5-HT2A, HTR2..." fgcolor="#000000" bgcolor="#BFFFBF"
             type="rectangle" x="755" y="481" width="46" height="17"/>
    </entry>
    <entry id="119" name="hsa:100137049 hsa:123745 hsa:255189 hsa:283748 hsa:5321 hsa:8605 hsa:8681" type="gene"
        link="https://www.kegg.jp/dbget-bin/www_bget?hsa:100137049+hsa:123745+hsa:255189+hsa:283748+hsa:5321+hsa:8605+hsa:8681">
        <graphics name="PLA2G4B, HsT16992, cPLA2-beta..." fgcolor="#000000" bgcolor="#BFFFBF"
             type="rectangle" x="919" y="549" width="46" height="17"/>
    </entry>
    <entry id="120" name="hsa:775 hsa:776 hsa:778 hsa:779" type="gene"
        link="https://www.kegg.jp/dbget-bin/www_bget?hsa:775+hsa:776+hsa:778+hsa:779">
        <graphics name="CACNA1C, CACH2, CACN2, CACNL1A1, CCHL1A1, CaV1.2, LQT8, NEDHLSS, TS, TS._LQT8..." fgcolor="#000000" bgcolor="#BFFFBF"
             type="rectangle" x="755" y="389" width="46" height="17"/>
    </entry>
    <entry id="123" name="cpd:C00219" type="compound"
        link="https://www.kegg.jp/dbget-bin/www_bget?C00219">
        <graphics name="C00219" fgcolor="#000000" bgcolor="#FFFFFF"
             type="circle" x="980" y="549" width="8" height="8"/>
    </entry>
    <entry id="125" name="hsa:170572 hsa:200909 hsa:285242 hsa:3359 hsa:9177" type="gene"
        link="https://www.kegg.jp/dbget-bin/www_bget?hsa:170572+hsa:200909+hsa:285242+hsa:3359+hsa:9177">
        <graphics name="HTR3C..." fgcolor="#000000" bgcolor="#BFFFBF"
             type="rectangle" x="755" y="572" width="46" height="17"/>
    </entry>
    <entry id="127" name="cpd:C01330" type="compound"
        link="https://www.kegg.jp/dbget-bin/www_bget?C01330">
        <graphics name="C01330" fgcolor="#000000" bgcolor="#FFFFFF"
             type="circle" x="709" y="572" width="8" height="8"/>
    </entry>
    <entry id="135" name="hsa:2776" type="gene"
        link="https://www.kegg.jp/dbget-bin/www_bget?hsa:2776">
        <graphics name="GNAQ, CMC1, G-ALPHA-q, GAQ, SWS" fgcolor="#000000" bgcolor="#BFFFBF"
             type="rectangle" x="685" y="165" width="46" height="17"/>
    </entry>
    <entry id="136" name="hsa:23236 hsa:5330 hsa:5331 hsa:5332" type="gene"
        link="https://www.kegg.jp/dbget-bin/www_bget?hsa:23236+hsa:5330+hsa:5331+hsa:5332">
        <graphics name="PLCB1, DEE12, EIEE12, PI-PLC, PLC-154, PLC-I, PLC-beta-1, PLC154, PLCB1A, PLCB1B..." fgcolor="#000000" bgcolor="#BFFFBF"
             type="rectangle" x="686" y="112" width="46" height="17"/>
    </entry>
    <entry id="138" name="hsa:7220" type="gene"
        link="https://www.kegg.jp/dbget-bin/www_bget?hsa:7220">
        <graphics name="TRPC1, HTRP-1, TRP1" fgcolor="#000000" bgcolor="#BFFFBF"
             type="rectangle" x="485" y="219" width="46" height="17"/>
    </entry>
    <entry id="141" name="hsa:3708 hsa:3709 hsa:3710" type="gene"
        link="https://www.kegg.jp/dbget-bin/www_bget?hsa:3708+hsa:3709+hsa:3710">
        <graphics name="ITPR1, ACV, CLA4, INSP3R1, IP3R, IP3R1, PPP1R94, SCA15, SCA16, SCA29..." fgcolor="#000000" bgcolor="#BFFFBF"
             type="rectangle" x="547" y="138" width="46" height="17"/>
    </entry>
    <entry id="142" name="cpd:C01245" type="compound"
        link="https://www.kegg.jp/dbget-bin/www_bget?C01245">
        <graphics name="C01245" fgcolor="#000000" bgcolor="#FFFFFF"
             type="circle" x="616" y="163" width="8" height="8"/>
    </entry>
    <entry id="143" name="cpd:C00076" type="compound"
        link="https://www.kegg.jp/dbget-bin/www_bget?C00076">
        <graphics name="C00076" fgcolor="#000000" bgcolor="#FFFFFF"
             type="circle" x="548" y="170" width="8" height="8"/>
    </entry>
    <entry id="144" name="cpd:C00076" type="compound"
        link="https://www.kegg.jp/dbget-bin/www_bget?C00076">
        <graphics name="C00076" fgcolor="#000000" bgcolor="#FFFFFF"
             type="circle" x="487" y="262" width="8" height="8"/>
    </entry>
    <entry id="148" name="cpd:C00780" type="compound"
        link="https://www.kegg.jp/dbget-bin/www_bget?C00780">
        <graphics name="C00780" fgcolor="#000000" bgcolor="#FFFFFF"
             type="circle" x="703" y="267" width="8" height="8"/>
    </entry>
    <entry id="149" name="cpd:C00780" type="compound"
        link="https://www.kegg.jp/dbget-bin/www_bget?C00780">
        <graphics name="C00780" fgcolor="#000000" bgcolor="#FFFFFF"
             type="circle" x="767" y="266" width="8" height="8"/>
    </entry>
    <entry id="152" name="hsa:107987478 hsa:107987479 hsa:1557 hsa:1558 hsa:1559 hsa:1562 hsa:1564 hsa:1565 hsa:1573 hsa:260293" type="gene"
        link="https://www.kegg.jp/dbget-bin/www_bget?hsa:107987478+hsa:107987479+hsa:1557+hsa:1558+hsa:1559+hsa:1562+hsa:1564+hsa:1565+hsa:1573+hsa:260293">
        <graphics name="107987478..." fgcolor="#000000" bgcolor="#BFFFBF"
             type="rectangle" x="1042" y="523" width="46" height="17"/>
    </entry>
    <entry id="153" name="hsa:239 hsa:240 hsa:242 hsa:246 hsa:247" type="gene"
        link="https://www.kegg.jp/dbget-bin/www_bget?hsa:239+hsa:240+hsa:242+hsa:246+hsa:247">
        <graphics name="ALOX12, 12-LOX, 12S-LOX, LOG12..." fgcolor="#000000" bgcolor="#BFFFBF"
             type="rectangle" x="1042" y="549" width="46" height="17"/>
    </entry>
    <entry id="154" name="hsa:5742 hsa:5743" type="gene"
        link="https://www.kegg.jp/dbget-bin/www_bget?hsa:5742+hsa:5743">
        <graphics name="PTGS1, COX1, COX3, PCOX1, PES-1, PGG/HS, PGHS-1, PGHS1, PHS1, PTGHS..." fgcolor="#000000" bgcolor="#BFFFBF"
             type="rectangle" x="1042" y="578" width="46" height="17"/>
    </entry>
    <entry id="158" name="cpd:C14771 cpd:C14770 cpd:C14769 cpd:C14768" type="compound"
        link="https://www.kegg.jp/dbget-bin/www_bget?C14771+C14770+C14769+C14768">
        <graphics name="C14771..." fgcolor="#000000" bgcolor="#FFFFFF"
             type="circle" x="1121" y="536" width="8" height="8"/>
    </entry>
    <entry id="159" name="cpd:C14775 cpd:C14774 cpd:C14773 cpd:C14772" type="compound"
        link="https://www.kegg.jp/dbget-bin/www_bget?C14775+C14774+C14773+C14772">
        <graphics name="C14775..." fgcolor="#000000" bgcolor="#FFFFFF"
             type="circle" x="1159" y="536" width="8" height="8"/>
    </entry>
    <entry id="160" name="cpd:C05356 cpd:C04822 cpd:C14823 cpd:C14821 cpd:C14820 cpd:C14812 cpd:C05965 cpd:C05966" type="compound"
        link="https://www.kegg.jp/dbget-bin/www_bget?C05356+C04822+C14823+C14821+C14820+C14812+C05965+C05966">
        <graphics name="C05356..." fgcolor="#000000" bgcolor="#FFFFFF"
             type="circle" x="1121" y="563" width="8" height="8"/>
    </entry>
    <entry id="161" name="cpd:C00909 cpd:C02165 cpd:C02166" type="compound"
        link="https://www.kegg.jp/dbget-bin/www_bget?C00909+C02165+C02166">
        <graphics name="C00909..." fgcolor="#000000" bgcolor="#FFFFFF"
             type="circle" x="1160" y="563" width="8" height="8"/>
    </entry>
    <entry id="162" name="cpd:C05956 cpd:C00427 cpd:C00584 cpd:C05953 cpd:C05955 cpd:C05954 cpd:C00639 cpd:C00696 cpd:C05957" type="compound"
        link="https://www.kegg.jp/dbget-bin/www_bget?C05956+C00427+C00584+C05953+C05955+C05954+C00639+C00696+C05957">
        <graphics name="C05956..." fgcolor="#000000" bgcolor="#FFFFFF"
             type="circle" x="1121" y="593" width="8" height="8"/>
    </entry>
    <entry id="163" name="cpd:C02198 cpd:C05963 cpd:C05964" type="compound"
        link="https://www.kegg.jp/dbget-bin/www_bget?C02198+C05963+C05964">
        <graphics name="C02198..." fgcolor="#000000" bgcolor="#FFFFFF"
             type="circle" x="1160" y="593" width="8" height="8"/>
    </entry>
    <entry id="164" name="path:hsa04721" type="map"
        link="https://www.kegg.jp/dbget-bin/www_bget?hsa04721">
        <graphics name="Synaptic vesicle cycle" fgcolor="#000000" bgcolor="#FFFFFF"
             type="roundrectangle" x="435" y="561" width="106" height="34"/>
    </entry>
    <entry id="166" name="hsa:23236 hsa:5330 hsa:5331 hsa:5332" type="gene"
        link="https://www.kegg.jp/dbget-bin/www_bget?hsa:23236+hsa:5330+hsa:5331+hsa:5332">
        <graphics name="PLCB1, DEE12, EIEE12, PI-PLC, PLC-154, PLC-I, PLC-beta-1, PLC154, PLCB1A, PLCB1B..." fgcolor="#000000" bgcolor="#BFFFBF"
             type="rectangle" x="922" y="700" width="46" height="17"/>
    </entry>
    <entry id="167" name="hsa:3708 hsa:3709 hsa:3710" type="gene"
        link="https://www.kegg.jp/dbget-bin/www_bget?hsa:3708+hsa:3709+hsa:3710">
        <graphics name="ITPR1, ACV, CLA4, INSP3R1, IP3R, IP3R1, PPP1R94, SCA15, SCA16, SCA29..." fgcolor="#000000" bgcolor="#BFFFBF"
             type="rectangle" x="998" y="768" width="46" height="17"/>
    </entry>
    <entry id="168" name="hsa:836" type="gene"
        link="https://www.kegg.jp/dbget-bin/www_bget?hsa:836">
        <graphics name="CASP3, CPP32, CPP32B, SCA-1" fgcolor="#000000" bgcolor="#BFFFBF"
             type="rectangle" x="1211" y="699" width="46" height="17"/>
    </entry>
    <entry id="169" name="hsa:5594 hsa:5595" type="gene"
        link="https://www.kegg.jp/dbget-bin/www_bget?hsa:5594+hsa:5595">
        <graphics name="MAPK1, ERK, ERK-2, ERK2, ERT1, MAPK2, NS13, P42MAPK, PRKM1, PRKM2, p38, p40, p41, p41mapk, p42-MAPK..." fgcolor="#000000" bgcolor="#BFFFBF"
             type="rectangle" x="1211" y="733" width="46" height="17"/>
    </entry>
    <entry id="170" name="hsa:5578 hsa:5579 hsa:5582" type="gene"
        link="https://www.kegg.jp/dbget-bin/www_bget?hsa:5578+hsa:5579+hsa:5582">
        <graphics name="PRKCA, AAG6, PKC-alpha, PKCA, PKCI+/-, PKCalpha, PRKACA..." fgcolor="#000000" bgcolor="#BFFFBF"
             type="rectangle" x="1122" y="699" width="46" height="17"/>
    </entry>
    <entry id="171" name="hsa:1843" type="gene"
        link="https://www.kegg.jp/dbget-bin/www_bget?hsa:1843">
        <graphics name="DUSP1, CL100, HVH1, MKP-1, MKP1, PTPN10" fgcolor="#000000" bgcolor="#BFFFBF"
             type="rectangle" x="1122" y="733" width="46" height="17"/>
    </entry>
    <entry id="172" name="cpd:C00165" type="compound"
        link="https://www.kegg.jp/dbget-bin/www_bget?C00165">
        <graphics name="C00165" fgcolor="#000000" bgcolor="#FFFFFF"
             type="circle" x="986" y="699" width="8" height="8"/>
    </entry>
    <entry id="173" name="cpd:C01245" type="compound"
        link="https://www.kegg.jp/dbget-bin/www_bget?C01245">
        <graphics name="C01245" fgcolor="#000000" bgcolor="#FFFFFF"
             type="circle" x="968" y="733" width="8" height="8"/>
    </entry>
    <entry id="178" name="cpd:C00076" type="compound"
        link="https://www.kegg.jp/dbget-bin/www_bget?C00076">
        <graphics name="C00076" fgcolor="#000000" bgcolor="#FFFFFF"
             type="circle" x="1041" y="732" width="8" height="8"/>
    </entry>
    <entry id="180" name="hsa:773 hsa:774" type="gene"
        link="https://www.kegg.jp/dbget-bin/www_bget?hsa:773+hsa:774">
        <graphics name="CACNA1A, APCA, BI, CACNL1A4, CAV2.1, DEE42, EA2, EIEE42, FHM, HPCA, MHP, MHP1, SCA6..." fgcolor="#000000" bgcolor="#BFFFBF"
             type="rectangle" x="755" y="743" width="46" height="17"/>
    </entry>
    <entry id="181" name="hsa:3760 hsa:3762 hsa:3763 hsa:3765" type="gene"
        link="https://www.kegg.jp/dbget-bin/www_bget?hsa:3760+hsa:3762+hsa:3763+hsa:3765">
        <graphics name="KCNJ3, GIRK1, KGA, KIR3.1..." fgcolor="#000000" bgcolor="#BFFFBF"
             type="rectangle" x="755" y="799" width="46" height="17"/>
    </entry>
    <entry id="189" name="path:hsa04020" type="map"
        link="https://www.kegg.jp/dbget-bin/www_bget?hsa04020">
        <graphics name="Calcium signaling pathway" fgcolor="#000000" bgcolor="#FFFFFF"
             type="roundrectangle" x="896" y="423" width="106" height="34"/>
    </entry>
    <entry id="190" name="cpd:C00238" type="compound"
        link="https://www.kegg.jp/dbget-bin/www_bget?C00238">
        <graphics name="C00238" fgcolor="#000000" bgcolor="#FFFFFF"
             type="circle" x="805" y="797" width="8" height="8"/>
    </entry>
    <entry id="197" name="hsa:3265 hsa:3845 hsa:4893" type="gene"
        link="https://www.kegg.jp/dbget-bin/www_bget?hsa:3265+hsa:3845+hsa:4893">
        <graphics name="HRAS, C-BAS/HAS, C-H-RAS, C-HA-RAS1, CTLO, H-RASIDX, HAMSV, HRAS1, RASH1, p21ras..." fgcolor="#000000" bgcolor="#BFFFBF"
             type="rectangle" x="1087" y="819" width="46" height="17"/>
    </entry>
    <entry id="198" name="hsa:369 hsa:5894 hsa:673" type="gene"
        link="https://www.kegg.jp/dbget-bin/www_bget?hsa:369+hsa:5894+hsa:673">
        <graphics name="ARAF, A-RAF, ARAF1, PKS2, RAFA1..." fgcolor="#000000" bgcolor="#BFFFBF"
             type="rectangle" x="1147" y="792" width="46" height="17"/>
    </entry>
    <entry id="199" name="hsa:5604" type="gene"
        link="https://www.kegg.jp/dbget-bin/www_bget?hsa:5604">
        <graphics name="MAP2K1, CFC3, MAPKK1, MEK1, MEL, MKK1, PRKMK1" fgcolor="#000000" bgcolor="#BFFFBF"
             type="rectangle" x="1182" y="764" width="46" height="17"/>
    </entry>
    <entry id="210" name="hsa:351" type="gene"
        link="https://www.kegg.jp/dbget-bin/www_bget?hsa:351">
        <graphics name="APP, AAA, ABETA, ABPP, AD1, APPI, CTFgamma, CVAP, PN-II, PN2, alpha-sAPP, preA4" fgcolor="#000000" bgcolor="#BFFFBF"
             type="rectangle" x="1143" y="667" width="46" height="17"/>
    </entry>
    <entry id="211" name="hsa:3751 hsa:3781" type="gene"
        link="https://www.kegg.jp/dbget-bin/www_bget?hsa:3751+hsa:3781">
        <graphics name="KCND2, KV4.2, RK5..." fgcolor="#000000" bgcolor="#BFFFBF"
             type="rectangle" x="1143" y="620" width="46" height="17"/>
    </entry>
    <entry id="212" name="hsa:2560 hsa:2561 hsa:2562" type="gene"
        link="https://www.kegg.jp/dbget-bin/www_bget?hsa:2560+hsa:2561+hsa:2562">
        <graphics name="GABRB1, DEE45, EIEE45..." fgcolor="#000000" bgcolor="#BFFFBF"
             type="rectangle" x="1143" y="643" width="46" height="17"/>
    </entry>
    <entry id="220" name="path:hsa00590" type="map"
        link="https://www.kegg.jp/dbget-bin/www_bget?hsa00590">
        <graphics name="Arachidonic acid metabolism" fgcolor="#000000" bgcolor="#FFFFFF"
             type="roundrectangle" x="1266" y="512" width="104" height="34"/>
    </entry>
    <entry id="221" name="hsa:5594 hsa:5595" type="gene"
        link="https://www.kegg.jp/dbget-bin/www_bget?hsa:5594+hsa:5595">
        <graphics name="MAPK1, ERK, ERK-2, ERK2, ERT1, MAPK2, NS13, P42MAPK, PRKM1, PRKM2, p38, p40, p41, p41mapk, p42-MAPK..." fgcolor="#000000" bgcolor="#BFFFBF"
             type="rectangle" x="1150" y="486" width="46" height="17"/>
    </entry>
    <entry id="224" name="cpd:C00076" type="compound"
        link="https://www.kegg.jp/dbget-bin/www_bget?C00076">
        <graphics name="C00076" fgcolor="#000000" bgcolor="#FFFFFF"
             type="circle" x="718" y="389" width="8" height="8"/>
    </entry>
    <entry id="225" name="cpd:C00076" type="compound"
        link="https://www.kegg.jp/dbget-bin/www_bget?C00076">
        <graphics name="C00076" fgcolor="#000000" bgcolor="#FFFFFF"
             type="circle" x="714" y="741" width="8" height="8"/>
    </entry>
    <relation entry1="148" entry2="27" type="PCrel">
        <subtype name="activation" value="--&gt;"/>
    </relation>
    <relation entry1="27" entry2="135" type="PPrel">
        <subtype name="activation" value="--&gt;"/>
    </relation>
    <relation entry1="135" entry2="136" type="PPrel">
        <subtype name="activation" value="--&gt;"/>
    </relation>
    <relation entry1="136" entry2="142" type="PCrel">
        <subtype name="activation" value="--&gt;"/>
    </relation>
    <relation entry1="142" entry2="141" type="PCrel">
        <subtype name="activation" value="--&gt;"/>
    </relation>
    <relation entry1="143" entry2="138" type="PCrel">
        <subtype name="activation" value="--&gt;"/>
    </relation>
    <relation entry1="55" entry2="117" type="PCrel">
        <subtype name="activation" value="--&gt;"/>
    </relation>
    <relation entry1="117" entry2="120" type="PPrel">
        <subtype name="activation" value="--&gt;"/>
    </relation>
    <relation entry1="117" entry2="37" type="PPrel">
        <subtype name="activation" value="--&gt;"/>
    </relation>
    <relation entry1="37" entry2="38" type="PPrel">
        <subtype name="activation" value="--&gt;"/>
    </relation>
    <relation entry1="46" entry2="50" type="PCrel">
        <subtype name="activation" value="--&gt;"/>
    </relation>
    <relation entry1="52" entry2="53" type="PCrel">
        <subtype name="activation" value="--&gt;"/>
    </relation>
    <relation entry1="47" entry2="53" type="PCrel">
        <subtype name="activation" value="--&gt;"/>
    </relation>
    <relation entry1="37" entry2="119" type="PPrel">
        <subtype name="activation" value="--&gt;"/>
    </relation>
    <relation entry1="55" entry2="125" type="PCrel">
        <subtype name="activation" value="--&gt;"/>
    </relation>
    <relation entry1="55" entry2="25" type="PCrel">
        <subtype name="activation" value="--&gt;"/>
    </relation>
    <relation entry1="25" entry2="34" type="PPrel">
        <subtype name="activation" value="--&gt;"/>
    </relation>
    <relation entry1="34" entry2="35" type="PPrel">
        <subtype name="activation" value="--&gt;"/>
    </relation>
    <relation entry1="39" entry2="36" type="PCrel">
        <subtype name="activation" value="--&gt;"/>
    </relation>
    <relation entry1="97" entry2="39" type="PCrel">
        <subtype name="activation" value="--&gt;"/>
    </relation>
    <relation entry1="92" entry2="93" type="PPrel">
        <subtype name="activation" value="--&gt;"/>
    </relation>
    <relation entry1="103" entry2="93" type="PPrel">
        <subtype name="activation" value="--&gt;"/>
    </relation>
    <relation entry1="93" entry2="166" type="PPrel">
        <subtype name="activation" value="--&gt;"/>
    </relation>
    <relation entry1="172" entry2="170" type="PCrel">
        <subtype name="activation" value="--&gt;"/>
    </relation>
    <relation entry1="173" entry2="167" type="PCrel">
        <subtype name="activation" value="--&gt;"/>
    </relation>
    <relation entry1="93" entry2="180" type="PPrel">
        <subtype name="inhibition" value="--|"/>
    </relation>
    <relation entry1="170" entry2="168" type="PPrel">
        <subtype name="inhibition" value="--|"/>
    </relation>
    <relation entry1="154" entry2="35" type="PPrel">
        <subtype name="inhibition" value="--|"/>
        <subtype name="indirect effect" value="..&gt;"/>
    </relation>
    <relation entry1="197" entry2="198" type="PPrel">
        <subtype name="activation" value="--&gt;"/>
    </relation>
    <relation entry1="198" entry2="199" type="PPrel">
        <subtype name="activation" value="--&gt;"/>
    </relation>
    <relation entry1="178" entry2="197" type="PCrel">
        <subtype name="activation" value="--&gt;"/>
        <subtype name="indirect effect" value="..&gt;"/>
    </relation>
    <relation entry1="178" entry2="171" type="PCrel">
        <subtype name="activation" value="--&gt;"/>
        <subtype name="indirect effect" value="..&gt;"/>
    </relation>
    <relation entry1="178" entry2="170" type="PCrel">
        <subtype name="activation" value="--&gt;"/>
    </relation>
    <relation entry1="55" entry2="92" type="PCrel">
        <subtype name="activation" value="--&gt;"/>
    </relation>
    <relation entry1="55" entry2="103" type="PCrel">
        <subtype name="activation" value="--&gt;"/>
    </relation>
    <relation entry1="93" entry2="181" type="PPrel">
        <subtype name="activation" value="--&gt;"/>
    </relation>
    <relation entry1="93" entry2="35" type="PPrel">
        <subtype name="inhibition" value="--|"/>
    </relation>
    <relation entry1="169" entry2="170" type="PPrel">
        <subtype name="activation" value="--&gt;"/>
    </relation>
    <relation entry1="199" entry2="169" type="PPrel">
        <subtype name="activation" value="--&gt;"/>
        <subtype name="phosphorylation" value="+p"/>
    </relation>
    <relation entry1="171" entry2="169" type="PPrel">
        <subtype name="inhibition" value="--|"/>
        <subtype name="dephosphorylation" value="-p"/>
    </relation>
</pathway>
