<?xml version="1.0"?>
<!DOCTYPE pathway SYSTEM "https://www.kegg.jp/kegg/xml/KGML_v0.7.2_.dtd">
<!-- Creation date: Oct 8, 2021 09:30:46 +0900 (GMT+9) -->
<pathway name="path:hsa05225" org="hsa" number="05225"
         title="Hepatocellular carcinoma"
         image="https://www.kegg.jp/kegg/pathway/hsa/hsa05225.png"
         link="https://www.kegg.jp/kegg-bin/show_pathway?hsa05225">
    <entry id="5" name="path:hsa05225" type="map"
        link="https://www.kegg.jp/dbget-bin/www_bget?hsa05225">
        <graphics name="TITLE:Hepatocellular carcinoma" fgcolor="#000000" bgcolor="#FFFFFF"
             type="roundrectangle" x="172" y="58" width="264" height="25"/>
    </entry>
    <entry id="9" name="hsa:1956" type="gene"
        link="https://www.kegg.jp/dbget-bin/www_bget?hsa:1956">
        <graphics name="EGFR, ERBB, ERBB1, ERRP, HER1, NISBD2, PIG61, mENA" fgcolor="#000000" bgcolor="#BFFFBF"
             type="rectangle" x="325" y="281" width="46" height="17"/>
    </entry>
    <entry id="11" name="hsa:3265 hsa:3845 hsa:4893" type="gene"
        link="https://www.kegg.jp/dbget-bin/www_bget?hsa:3265+hsa:3845+hsa:4893">
        <graphics name="HRAS, C-BAS/HAS, C-H-RAS, C-HA-RAS1, CTLO, H-RASIDX, HAMSV, HRAS1, RASH1, p21ras..." fgcolor="#000000" bgcolor="#BFFFBF"
             type="rectangle" x="634" y="281" width="46" height="17"/>
    </entry>
    <entry id="12" name="hsa:369 hsa:5894 hsa:673" type="gene"
        link="https://www.kegg.jp/dbget-bin/www_bget?hsa:369+hsa:5894+hsa:673">
        <graphics name="ARAF, A-RAF, ARAF1, PKS2, RAFA1..." fgcolor="#000000" bgcolor="#BFFFBF"
             type="rectangle" x="709" y="281" width="46" height="17"/>
    </entry>
    <entry id="13" name="hsa:5604 hsa:5605" type="gene"
        link="https://www.kegg.jp/dbget-bin/www_bget?hsa:5604+hsa:5605">
        <graphics name="MAP2K1, CFC3, MAPKK1, MEK1, MEL, MKK1, PRKMK1..." fgcolor="#000000" bgcolor="#BFFFBF"
             type="rectangle" x="784" y="281" width="46" height="17"/>
    </entry>
    <entry id="14" name="hsa:5594 hsa:5595" type="gene"
        link="https://www.kegg.jp/dbget-bin/www_bget?hsa:5594+hsa:5595">
        <graphics name="MAPK1, ERK, ERK-2, ERK2, ERT1, MAPK2, NS13, P42MAPK, PRKM1, PRKM2, p38, p40, p41, p41mapk, p42-MAPK..." fgcolor="#000000" bgcolor="#BFFFBF"
             type="rectangle" x="860" y="280" width="46" height="16"/>
    </entry>
    <entry id="19" name="hsa:25759 hsa:399694 hsa:53358 hsa:6464" type="gene"
        link="https://www.kegg.jp/dbget-bin/www_bget?hsa:25759+hsa:399694+hsa:53358+hsa:6464">
        <graphics name="SHC2, SCK, SHCB, SLI..." fgcolor="#000000" bgcolor="#BFFFBF"
             type="rectangle" x="408" y="281" width="46" height="17"/>
    </entry>
    <entry id="20" name="hsa:2885" type="gene"
        link="https://www.kegg.jp/dbget-bin/www_bget?hsa:2885">
        <graphics name="GRB2, ASH, EGFRBP-GRB2, Grb3-3, MST084, MSTP084, NCKAP2" fgcolor="#000000" bgcolor="#BFFFBF"
             type="rectangle" x="484" y="281" width="46" height="17"/>
    </entry>
    <entry id="21" name="hsa:6654 hsa:6655" type="gene"
        link="https://www.kegg.jp/dbget-bin/www_bget?hsa:6654+hsa:6655">
        <graphics name="SOS1, GF1, GGF1, GINGF, HGF, NS4, SOS-1..." fgcolor="#000000" bgcolor="#BFFFBF"
             type="rectangle" x="559" y="281" width="46" height="17"/>
    </entry>
    <entry id="26" name="hsa:2475" type="gene"
        link="https://www.kegg.jp/dbget-bin/www_bget?hsa:2475">
        <graphics name="MTOR, FRAP, FRAP1, FRAP2, RAFT1, RAPT1, SKS" fgcolor="#000000" bgcolor="#BFFFBF"
             type="rectangle" x="729" y="344" width="46" height="17"/>
    </entry>
    <entry id="27" name="hsa:6198 hsa:6199" type="gene"
        link="https://www.kegg.jp/dbget-bin/www_bget?hsa:6198+hsa:6199">
        <graphics name="RPS6KB1, PS6K, S6K, S6K-beta-1, S6K1, STK14A, p70_S6KA, p70(S6K)-alpha, p70-S6K, p70-alpha..." fgcolor="#000000" bgcolor="#BFFFBF"
             type="rectangle" x="826" y="344" width="46" height="17"/>
    </entry>
    <entry id="29" name="hsa:3481" type="gene"
        link="https://www.kegg.jp/dbget-bin/www_bget?hsa:3481">
        <graphics name="IGF2, C11orf43, GRDF, IGF-II, PP9974, SRS3" fgcolor="#000000" bgcolor="#BFFFBF"
             type="rectangle" x="216" y="338" width="46" height="17"/>
    </entry>
    <entry id="30" name="hsa:3480" type="gene"
        link="https://www.kegg.jp/dbget-bin/www_bget?hsa:3480">
        <graphics name="IGF1R, CD221, IGFIR, IGFR, JTK13" fgcolor="#000000" bgcolor="#BFFFBF"
             type="rectangle" x="325" y="338" width="46" height="17"/>
    </entry>
    <entry id="32" name="path:hsa04151" type="map"
        link="https://www.kegg.jp/dbget-bin/www_bget?hsa04151">
        <graphics name="PI3K-Akt signaling pathway" fgcolor="#000000" bgcolor="#FFFFFF"
             type="roundrectangle" x="542" y="322" width="116" height="34"/>
    </entry>
    <entry id="34" name="hsa:3265 hsa:3845 hsa:4893" type="gene"
        link="https://www.kegg.jp/dbget-bin/www_bget?hsa:3265+hsa:3845+hsa:4893">
        <graphics name="HRAS, C-BAS/HAS, C-H-RAS, C-HA-RAS1, CTLO, H-RASIDX, HAMSV, HRAS1, RASH1, p21ras..." fgcolor="#000000" bgcolor="#BFFFBF"
             type="rectangle" x="608" y="949" width="46" height="17"/>
    </entry>
    <entry id="35" name="hsa:369 hsa:5894 hsa:673" type="gene"
        link="https://www.kegg.jp/dbget-bin/www_bget?hsa:369+hsa:5894+hsa:673">
        <graphics name="ARAF, A-RAF, ARAF1, PKS2, RAFA1..." fgcolor="#000000" bgcolor="#BFFFBF"
             type="rectangle" x="694" y="949" width="46" height="17"/>
    </entry>
    <entry id="36" name="hsa:5604 hsa:5605" type="gene"
        link="https://www.kegg.jp/dbget-bin/www_bget?hsa:5604+hsa:5605">
        <graphics name="MAP2K1, CFC3, MAPKK1, MEK1, MEL, MKK1, PRKMK1..." fgcolor="#000000" bgcolor="#BFFFBF"
             type="rectangle" x="781" y="949" width="46" height="17"/>
    </entry>
    <entry id="37" name="hsa:5594 hsa:5595" type="gene"
        link="https://www.kegg.jp/dbget-bin/www_bget?hsa:5594+hsa:5595">
        <graphics name="MAPK1, ERK, ERK-2, ERK2, ERT1, MAPK2, NS13, P42MAPK, PRKM1, PRKM2, p38, p40, p41, p41mapk, p42-MAPK..." fgcolor="#000000" bgcolor="#BFFFBF"
             type="rectangle" x="868" y="948" width="46" height="16"/>
    </entry>
    <entry id="39" name="hsa:2885" type="gene"
        link="https://www.kegg.jp/dbget-bin/www_bget?hsa:2885">
        <graphics name="GRB2, ASH, EGFRBP-GRB2, Grb3-3, MST084, MSTP084, NCKAP2" fgcolor="#000000" bgcolor="#BFFFBF"
             type="rectangle" x="438" y="949" width="46" height="17"/>
    </entry>
    <entry id="40" name="hsa:6654 hsa:6655" type="gene"
        link="https://www.kegg.jp/dbget-bin/www_bget?hsa:6654+hsa:6655">
        <graphics name="SOS1, GF1, GGF1, GINGF, HGF, NS4, SOS-1..." fgcolor="#000000" bgcolor="#BFFFBF"
             type="rectangle" x="523" y="949" width="46" height="17"/>
    </entry>
    <entry id="43" name="hsa:2475" type="gene"
        link="https://www.kegg.jp/dbget-bin/www_bget?hsa:2475">
        <graphics name="MTOR, FRAP, FRAP1, FRAP2, RAFT1, RAPT1, SKS" fgcolor="#000000" bgcolor="#BFFFBF"
             type="rectangle" x="756" y="988" width="46" height="17"/>
    </entry>
    <entry id="44" name="hsa:6198 hsa:6199" type="gene"
        link="https://www.kegg.jp/dbget-bin/www_bget?hsa:6198+hsa:6199">
        <graphics name="RPS6KB1, PS6K, S6K, S6K-beta-1, S6K1, STK14A, p70_S6KA, p70(S6K)-alpha, p70-S6K, p70-alpha..." fgcolor="#000000" bgcolor="#BFFFBF"
             type="rectangle" x="851" y="988" width="46" height="17"/>
    </entry>
    <entry id="46" name="hsa:5290 hsa:5291 hsa:5293 hsa:5295 hsa:5296 hsa:8503" type="gene"
        link="https://www.kegg.jp/dbget-bin/www_bget?hsa:5290+hsa:5291+hsa:5293+hsa:5295+hsa:5296+hsa:8503">
        <graphics name="PIK3CA, CCM4, CLAPO, CLOVE, CWS5, MCAP, MCM, MCMTC, PI3K, PI3K-alpha, p110-alpha..." fgcolor="#000000" bgcolor="#BFFFBF"
             type="rectangle" x="445" y="360" width="46" height="17"/>
    </entry>
    <entry id="47" name="hsa:10000 hsa:207 hsa:208" type="gene"
        link="https://www.kegg.jp/dbget-bin/www_bget?hsa:10000+hsa:207+hsa:208">
        <graphics name="AKT3, MPPH, MPPH2, PKB-GAMMA, PKBG, PRKBG, RAC-PK-gamma, RAC-gamma, STK-2..." fgcolor="#000000" bgcolor="#BFFFBF"
             type="rectangle" x="608" y="360" width="46" height="17"/>
    </entry>
    <entry id="50" name="cpd:C05981" type="compound"
        link="https://www.kegg.jp/dbget-bin/www_bget?C05981">
        <graphics name="C05981" fgcolor="#000000" bgcolor="#FFFFFF"
             type="circle" x="526" y="359" width="8" height="8"/>
    </entry>
    <entry id="51" name="hsa:5728" type="gene"
        link="https://www.kegg.jp/dbget-bin/www_bget?hsa:5728">
        <graphics name="PTEN, 10q23del, BZS, CWS1, DEC, GLM2, MHAM, MMAC1, PTEN1, PTENbeta, TEP1" fgcolor="#000000" bgcolor="#BFFFBF"
             type="rectangle" x="477" y="456" width="46" height="17"/>
    </entry>
    <entry id="55" name="hsa:5290 hsa:5291 hsa:5293 hsa:5295 hsa:5296 hsa:8503" type="gene"
        link="https://www.kegg.jp/dbget-bin/www_bget?hsa:5290+hsa:5291+hsa:5293+hsa:5295+hsa:5296+hsa:8503">
        <graphics name="PIK3CA, CCM4, CLAPO, CLOVE, CWS5, MCAP, MCM, MCMTC, PI3K, PI3K-alpha, p110-alpha..." fgcolor="#000000" bgcolor="#BFFFBF"
             type="rectangle" x="523" y="1005" width="46" height="17"/>
    </entry>
    <entry id="56" name="hsa:10000 hsa:207 hsa:208" type="gene"
        link="https://www.kegg.jp/dbget-bin/www_bget?hsa:10000+hsa:207+hsa:208">
        <graphics name="AKT3, MPPH, MPPH2, PKB-GAMMA, PKBG, PRKBG, RAC-PK-gamma, RAC-gamma, STK-2..." fgcolor="#000000" bgcolor="#BFFFBF"
             type="rectangle" x="660" y="1005" width="46" height="17"/>
    </entry>
    <entry id="60" name="cpd:C05981" type="compound"
        link="https://www.kegg.jp/dbget-bin/www_bget?C05981">
        <graphics name="C05981" fgcolor="#000000" bgcolor="#FFFFFF"
             type="circle" x="591" y="1005" width="8" height="8"/>
    </entry>
    <entry id="62" name="hsa:595" type="gene"
        link="https://www.kegg.jp/dbget-bin/www_bget?hsa:595">
        <graphics name="CCND1, BCL1, D11S287E, PRAD1, U21B31" fgcolor="#000000" bgcolor="#BFFFBF"
             type="rectangle" x="1085" y="761" width="46" height="17"/>
    </entry>
    <entry id="63" name="hsa:4609" type="gene"
        link="https://www.kegg.jp/dbget-bin/www_bget?hsa:4609">
        <graphics name="MYC, MRTL, MYCC, bHLHe39, c-Myc" fgcolor="#000000" bgcolor="#BFFFBF"
             type="rectangle" x="1085" y="738" width="46" height="17"/>
    </entry>
    <entry id="64" name="hsa:51176 hsa:6932 hsa:6934 hsa:83439" type="gene"
        link="https://www.kegg.jp/dbget-bin/www_bget?hsa:51176+hsa:6932+hsa:6934+hsa:83439">
        <graphics name="LEF1, LEF-1, TCF10, TCF1ALPHA, TCF7L3..." fgcolor="#000000" bgcolor="#BFFFBF"
             type="rectangle" x="969" y="749" width="46" height="17"/>
    </entry>
    <entry id="65" name="hsa:122011 hsa:1452" type="gene"
        link="https://www.kegg.jp/dbget-bin/www_bget?hsa:122011+hsa:1452">
        <graphics name="CSNK1A1L, CK1..." fgcolor="#000000" bgcolor="#BFFFBF"
             type="rectangle" x="693" y="767" width="46" height="17"/>
    </entry>
    <entry id="66" name="hsa:8312 hsa:8313" type="gene"
        link="https://www.kegg.jp/dbget-bin/www_bget?hsa:8312+hsa:8313">
        <graphics name="AXIN1, AXIN, PPP1R49..." fgcolor="#000000" bgcolor="#BFFFBF"
             type="rectangle" x="587" y="767" width="46" height="17"/>
    </entry>
    <entry id="67" name="hsa:10297 hsa:324" type="gene"
        link="https://www.kegg.jp/dbget-bin/www_bget?hsa:10297+hsa:324">
        <graphics name="APC2, APCL, MRT74..." fgcolor="#000000" bgcolor="#BFFFBF"
             type="rectangle" x="633" y="767" width="46" height="17"/>
    </entry>
    <entry id="68" name="hsa:1499" type="gene"
        link="https://www.kegg.jp/dbget-bin/www_bget?hsa:1499">
        <graphics name="CTNNB1, CTNNB, EVR7, MRD19, NEDSDV, armadillo" fgcolor="#000000" bgcolor="#BFFFBF"
             type="rectangle" x="663" y="750" width="46" height="17"/>
    </entry>
    <entry id="69" name="hsa:2932" type="gene"
        link="https://www.kegg.jp/dbget-bin/www_bget?hsa:2932">
        <graphics name="GSK3B" fgcolor="#000000" bgcolor="#BFFFBF"
             type="rectangle" x="556" y="750" width="46" height="17"/>
    </entry>
    <entry id="70" name="hsa:10023 hsa:23401" type="gene"
        link="https://www.kegg.jp/dbget-bin/www_bget?hsa:10023+hsa:23401">
        <graphics name="FRAT1..." fgcolor="#000000" bgcolor="#BFFFBF"
             type="rectangle" x="494" y="737" width="46" height="17"/>
    </entry>
    <entry id="71" name="hsa:1855 hsa:1856 hsa:1857" type="gene"
        link="https://www.kegg.jp/dbget-bin/www_bget?hsa:1855+hsa:1856+hsa:1857">
        <graphics name="DVL1, DRS2, DVL, DVL1L1, DVL1P1..." fgcolor="#000000" bgcolor="#BFFFBF"
             type="rectangle" x="448" y="750" width="46" height="17"/>
    </entry>
    <entry id="72" name="hsa:4040 hsa:4041" type="gene"
        link="https://www.kegg.jp/dbget-bin/www_bget?hsa:4040+hsa:4041">
        <graphics name="LRP6, ADCAD2, STHAG7..." fgcolor="#000000" bgcolor="#BFFFBF"
             type="rectangle" x="325" y="767" width="46" height="17"/>
    </entry>
    <entry id="73" name="hsa:11211 hsa:2535 hsa:7855 hsa:7976 hsa:8321 hsa:8322 hsa:8323 hsa:8324 hsa:8325 hsa:8326" type="gene"
        link="https://www.kegg.jp/dbget-bin/www_bget?hsa:11211+hsa:2535+hsa:7855+hsa:7976+hsa:8321+hsa:8322+hsa:8323+hsa:8324+hsa:8325+hsa:8326">
        <graphics name="FZD10, CD350, FZ-10, Fz10, FzE7, hFz10..." fgcolor="#000000" bgcolor="#BFFFBF"
             type="rectangle" x="325" y="750" width="46" height="17"/>
    </entry>
    <entry id="74" name="hsa:51384 hsa:54361 hsa:7471 hsa:7472 hsa:7473 hsa:7474 hsa:7475 hsa:7476 hsa:7477 hsa:7478 hsa:7479 hsa:7480 hsa:7481 hsa:7482 hsa:7483 hsa:7484 hsa:80326 hsa:81029 hsa:89780" type="gene"
        link="https://www.kegg.jp/dbget-bin/www_bget?hsa:51384+hsa:54361+hsa:7471+hsa:7472+hsa:7473+hsa:7474+hsa:7475+hsa:7476+hsa:7477+hsa:7478+hsa:7479+hsa:7480+hsa:7481+hsa:7482+hsa:7483+hsa:7484+hsa:80326+hsa:81029+hsa:89780">
        <graphics name="WNT16..." fgcolor="#000000" bgcolor="#BFFFBF"
             type="rectangle" x="216" y="758" width="46" height="17"/>
    </entry>
    <entry id="85" name="path:hsa04310" type="map"
        link="https://www.kegg.jp/dbget-bin/www_bget?hsa04310">
        <graphics name="Wnt signaling pathway" fgcolor="#000000" bgcolor="#FFFFFF"
             type="roundrectangle" x="833" y="722" width="116" height="34"/>
    </entry>
    <entry id="86" name="path:hsa04115" type="map"
        link="https://www.kegg.jp/dbget-bin/www_bget?hsa04115">
        <graphics name="p53 signaling pathway" fgcolor="#000000" bgcolor="#FFFFFF"
             type="roundrectangle" x="833" y="478" width="116" height="34"/>
    </entry>
    <entry id="88" name="hsa:5925" type="gene"
        link="https://www.kegg.jp/dbget-bin/www_bget?hsa:5925">
        <graphics name="RB1, OSRC, PPP1R130, RB, p105-Rb, p110-RB1, pRb, pp110" fgcolor="#000000" bgcolor="#BFFFBF"
             type="rectangle" x="1178" y="260" width="46" height="17"/>
    </entry>
    <entry id="89" name="hsa:1869 hsa:1870 hsa:1871" type="gene"
        link="https://www.kegg.jp/dbget-bin/www_bget?hsa:1869+hsa:1870+hsa:1871">
        <graphics name="E2F1, E2F-1, RBAP1, RBBP3, RBP3..." fgcolor="#000000" bgcolor="#BFFFBF"
             type="rectangle" x="1178" y="298" width="46" height="17"/>
    </entry>
    <entry id="90" name="path:hsa04110" type="map"
        link="https://www.kegg.jp/dbget-bin/www_bget?hsa04110">
        <graphics name="Cell cycle" fgcolor="#000000" bgcolor="#FFFFFF"
             type="roundrectangle" x="1280" y="270" width="103" height="25"/>
    </entry>
    <entry id="96" name="hsa:4609" type="gene"
        link="https://www.kegg.jp/dbget-bin/www_bget?hsa:4609">
        <graphics name="MYC, MRTL, MYCC, bHLHe39, c-Myc" fgcolor="#000000" bgcolor="#BFFFBF"
             type="rectangle" x="1098" y="229" width="46" height="17"/>
    </entry>
    <entry id="100" name="hsa:7157" type="gene"
        link="https://www.kegg.jp/dbget-bin/www_bget?hsa:7157">
        <graphics name="TP53, BCC7, BMFS5, LFS1, P53, TRP53" fgcolor="#000000" bgcolor="#BFFFBF"
             type="rectangle" x="1028" y="481" width="46" height="17"/>
    </entry>
    <entry id="106" name="hsa:1026" type="gene"
        link="https://www.kegg.jp/dbget-bin/www_bget?hsa:1026">
        <graphics name="CDKN1A, CAP20, CDKN1, CIP1, MDA-6, P21, SDI1, WAF1, p21CIP1" fgcolor="#000000" bgcolor="#BFFFBF"
             type="rectangle" x="1158" y="461" width="46" height="17"/>
    </entry>
    <entry id="107" name="hsa:10912 hsa:1647 hsa:4616" type="gene"
        link="https://www.kegg.jp/dbget-bin/www_bget?hsa:10912+hsa:1647+hsa:4616">
        <graphics name="GADD45G, CR6, DDIT2, GADD45gamma, GRP17..." fgcolor="#000000" bgcolor="#BFFFBF"
             type="rectangle" x="1210" y="461" width="46" height="17"/>
    </entry>
    <entry id="108" name="hsa:581" type="gene"
        link="https://www.kegg.jp/dbget-bin/www_bget?hsa:581">
        <graphics name="BAX, BCL2L4" fgcolor="#000000" bgcolor="#BFFFBF"
             type="rectangle" x="1158" y="483" width="46" height="17"/>
    </entry>
    <entry id="109" name="hsa:578" type="gene"
        link="https://www.kegg.jp/dbget-bin/www_bget?hsa:578">
        <graphics name="BAK1, BAK, BAK-LIKE, BCL2L7, CDN1" fgcolor="#000000" bgcolor="#BFFFBF"
             type="rectangle" x="1210" y="483" width="46" height="17"/>
    </entry>
    <entry id="110" name="hsa:1643" type="gene"
        link="https://www.kegg.jp/dbget-bin/www_bget?hsa:1643">
        <graphics name="DDB2, DDBB, UV-DDB2, XPE" fgcolor="#000000" bgcolor="#BFFFBF"
             type="rectangle" x="1158" y="505" width="46" height="17"/>
    </entry>
    <entry id="111" name="hsa:51426" type="gene"
        link="https://www.kegg.jp/dbget-bin/www_bget?hsa:51426">
        <graphics name="POLK, DINB1, DINP, POLQ" fgcolor="#000000" bgcolor="#BFFFBF"
             type="rectangle" x="1210" y="505" width="46" height="17"/>
    </entry>
    <entry id="113" name="hsa:7039" type="gene"
        link="https://www.kegg.jp/dbget-bin/www_bget?hsa:7039">
        <graphics name="TGFA, TFGA" fgcolor="#000000" bgcolor="#BFFFBF"
             type="rectangle" x="216" y="281" width="46" height="17"/>
    </entry>
    <entry id="115" name="path:hsa05161" type="map"
        link="https://www.kegg.jp/dbget-bin/www_bget?hsa05161">
        <graphics name="Hepatitis B" fgcolor="#000000" bgcolor="#FFFFFF"
             type="roundrectangle" x="428" y="117" width="92" height="25"/>
    </entry>
    <entry id="116" name="path:hsa05160" type="map"
        link="https://www.kegg.jp/dbget-bin/www_bget?hsa05160">
        <graphics name="Hepatitis C" fgcolor="#000000" bgcolor="#FFFFFF"
             type="roundrectangle" x="428" y="147" width="92" height="25"/>
    </entry>
    <entry id="119" name="cpd:C06793" type="compound"
        link="https://www.kegg.jp/dbget-bin/www_bget?C06793">
        <graphics name="C06793" fgcolor="#000000" bgcolor="#FFFFFF"
             type="circle" x="248" y="181" width="8" height="8"/>
    </entry>
    <entry id="120" name="cpd:C06800" type="compound"
        link="https://www.kegg.jp/dbget-bin/www_bget?C06800">
        <graphics name="C06800" fgcolor="#000000" bgcolor="#FFFFFF"
             type="circle" x="160" y="180" width="8" height="8"/>
    </entry>
    <entry id="122" name="hsa:5335 hsa:5336" type="gene"
        link="https://www.kegg.jp/dbget-bin/www_bget?hsa:5335+hsa:5336">
        <graphics name="PLCG1, NCKAP3, PLC-II, PLC1, PLC148, PLCgamma1..." fgcolor="#000000" bgcolor="#BFFFBF"
             type="rectangle" x="484" y="234" width="46" height="17"/>
    </entry>
    <entry id="123" name="hsa:5578 hsa:5579 hsa:5582" type="gene"
        link="https://www.kegg.jp/dbget-bin/www_bget?hsa:5578+hsa:5579+hsa:5582">
        <graphics name="PRKCA, AAG6, PKC-alpha, PKCA, PKCI+/-, PKCalpha, PRKACA..." fgcolor="#000000" bgcolor="#BFFFBF"
             type="rectangle" x="709" y="235" width="46" height="17"/>
    </entry>
    <entry id="124" name="hsa:2002" type="gene"
        link="https://www.kegg.jp/dbget-bin/www_bget?hsa:2002">
        <graphics name="ELK1" fgcolor="#000000" bgcolor="#BFFFBF"
             type="rectangle" x="860" y="235" width="46" height="17"/>
    </entry>
    <entry id="128" name="hsa:7040 hsa:7042 hsa:7043" type="gene"
        link="https://www.kegg.jp/dbget-bin/www_bget?hsa:7040+hsa:7042+hsa:7043">
        <graphics name="TGFB1, CED, DPD1, IBDIMDE, LAP, TGF-beta1, TGFB, TGFbeta..." fgcolor="#000000" bgcolor="#BFFFBF"
             type="rectangle" x="216" y="653" width="46" height="17"/>
    </entry>
    <entry id="129" name="hsa:4087 hsa:4088" type="gene"
        link="https://www.kegg.jp/dbget-bin/www_bget?hsa:4087+hsa:4088">
        <graphics name="SMAD2, CHTD8, JV18, JV18-1, LDS6, MADH2, MADR2, hMAD-2, hSMAD2..." fgcolor="#000000" bgcolor="#BFFFBF"
             type="rectangle" x="476" y="654" width="46" height="17"/>
    </entry>
    <entry id="130" name="hsa:7046" type="gene"
        link="https://www.kegg.jp/dbget-bin/www_bget?hsa:7046">
        <graphics name="TGFBR1, AAT5, ACVRLK4, ALK-5, ALK5, ESS1, LDS1, LDS1A, LDS2A, MSSE, SKR4, TBR-i, TBRI, TGFR-1, tbetaR-I" fgcolor="#000000" bgcolor="#BFFFBF"
             type="rectangle" x="325" y="645" width="46" height="17"/>
    </entry>
    <entry id="131" name="hsa:4089" type="gene"
        link="https://www.kegg.jp/dbget-bin/www_bget?hsa:4089">
        <graphics name="SMAD4, DPC4, JIP, MADH4, MYHRS" fgcolor="#000000" bgcolor="#BFFFBF"
             type="rectangle" x="476" y="686" width="46" height="17"/>
    </entry>
    <entry id="132" name="hsa:7048" type="gene"
        link="https://www.kegg.jp/dbget-bin/www_bget?hsa:7048">
        <graphics name="TGFBR2, AAT3, FAA3, LDS1B, LDS2, LDS2B, MFS2, RIIC, TAAD2, TBR-ii, TBRII, TGFR-2, TGFbeta-RII, tbetaR-II" fgcolor="#000000" bgcolor="#BFFFBF"
             type="rectangle" x="325" y="662" width="46" height="17"/>
    </entry>
    <entry id="141" name="hsa:3082" type="gene"
        link="https://www.kegg.jp/dbget-bin/www_bget?hsa:3082">
        <graphics name="HGF, DFNB39, F-TCF, HGFB, HPTA, SF" fgcolor="#000000" bgcolor="#BFFFBF"
             type="rectangle" x="216" y="978" width="46" height="17"/>
    </entry>
    <entry id="142" name="hsa:4233" type="gene"
        link="https://www.kegg.jp/dbget-bin/www_bget?hsa:4233">
        <graphics name="MET, AUTS9, DA11, DFNB97, HGFR, RCCP2, c-Met" fgcolor="#000000" bgcolor="#BFFFBF"
             type="rectangle" x="325" y="978" width="46" height="17"/>
    </entry>
    <entry id="144" name="hsa:57492 hsa:8289" type="gene"
        link="https://www.kegg.jp/dbget-bin/www_bget?hsa:57492+hsa:8289">
        <graphics name="ARID1B, 6A3-5, BAF250B, BRIGHT, CSS1, DAN15, ELD/OSA1, MRD12, OSA2, P250R, SMARCF2..." fgcolor="#000000" bgcolor="#BFFFBF"
             type="rectangle" x="1145" y="940" width="46" height="17"/>
    </entry>
    <entry id="145" name="hsa:6598" type="gene"
        link="https://www.kegg.jp/dbget-bin/www_bget?hsa:6598">
        <graphics name="SMARCB1, BAF47, CSS3, INI-1, INI1, MRD15, PPP1R144, RDT, RTPS1, SNF5, SNF5L1, SWNTS1, Sfh1p, Snr1, hSNFS" fgcolor="#000000" bgcolor="#BFFFBF"
             type="rectangle" x="1233" y="923" width="46" height="17"/>
    </entry>
    <entry id="146" name="hsa:6599 hsa:6601" type="gene"
        link="https://www.kegg.jp/dbget-bin/www_bget?hsa:6599+hsa:6601">
        <graphics name="SMARCC1, BAF155, CRACC1, Rsc8, SRG3, SWI3..." fgcolor="#000000" bgcolor="#BFFFBF"
             type="rectangle" x="1209" y="940" width="46" height="17"/>
    </entry>
    <entry id="147" name="hsa:6599 hsa:6601" type="gene"
        link="https://www.kegg.jp/dbget-bin/www_bget?hsa:6599+hsa:6601">
        <graphics name="SMARCC1, BAF155, CRACC1, Rsc8, SRG3, SWI3..." fgcolor="#000000" bgcolor="#BFFFBF"
             type="rectangle" x="1255" y="940" width="46" height="17"/>
    </entry>
    <entry id="148" name="hsa:6595 hsa:6597" type="gene"
        link="https://www.kegg.jp/dbget-bin/www_bget?hsa:6595+hsa:6597">
        <graphics name="SMARCA2, BAF190, BIS, BRM, NCBRS, SNF2, SNF2L2, SNF2LA, SWI2, Sth1p, hBRM, hSNF2a..." fgcolor="#000000" bgcolor="#BFFFBF"
             type="rectangle" x="1234" y="957" width="46" height="17"/>
    </entry>
    <entry id="149" name="hsa:196528" type="gene"
        link="https://www.kegg.jp/dbget-bin/www_bget?hsa:196528">
        <graphics name="ARID2, BAF200, CSS6, SMARCF3, p200" fgcolor="#000000" bgcolor="#BFFFBF"
             type="rectangle" x="1319" y="940" width="46" height="17"/>
    </entry>
    <entry id="152" name="hsa:4780" type="gene"
        link="https://www.kegg.jp/dbget-bin/www_bget?hsa:4780">
        <graphics name="NFE2L2, HEBP1, IMDDHH, NRF2, Nrf-2" fgcolor="#000000" bgcolor="#BFFFBF"
             type="rectangle" x="834" y="845" width="46" height="17"/>
    </entry>
    <entry id="153" name="hsa:4780" type="gene"
        link="https://www.kegg.jp/dbget-bin/www_bget?hsa:4780">
        <graphics name="NFE2L2, HEBP1, IMDDHH, NRF2, Nrf-2" fgcolor="#000000" bgcolor="#BFFFBF"
             type="rectangle" x="1006" y="845" width="46" height="17"/>
    </entry>
    <entry id="159" name="hsa:7015" type="gene"
        link="https://www.kegg.jp/dbget-bin/www_bget?hsa:7015">
        <graphics name="TERT, CMM9, DKCA2, DKCB4, EST2, PFBMFT1, TCS1, TP2, TRT, hEST2, hTRT" fgcolor="#000000" bgcolor="#BFFFBF"
             type="rectangle" x="1098" y="347" width="46" height="17"/>
    </entry>
    <entry id="162" name="hsa:9817" type="gene"
        link="https://www.kegg.jp/dbget-bin/www_bget?hsa:9817">
        <graphics name="KEAP1, INrf2, KLHL19" fgcolor="#000000" bgcolor="#BFFFBF"
             type="rectangle" x="753" y="845" width="46" height="17"/>
    </entry>
    <entry id="165" name="hsa:3162" type="gene"
        link="https://www.kegg.jp/dbget-bin/www_bget?hsa:3162">
        <graphics name="HMOX1, HMOX1D, HO-1, HSP32, bK286B10" fgcolor="#000000" bgcolor="#BFFFBF"
             type="rectangle" x="1123" y="835" width="46" height="17"/>
    </entry>
    <entry id="166" name="hsa:1728" type="gene"
        link="https://www.kegg.jp/dbget-bin/www_bget?hsa:1728">
        <graphics name="NQO1, DHQU, DIA4, DTD, NMOR1, NMORI, QR1" fgcolor="#000000" bgcolor="#BFFFBF"
             type="rectangle" x="1175" y="835" width="46" height="17"/>
    </entry>
    <entry id="167" name="hsa:119391 hsa:221357 hsa:2938 hsa:2939 hsa:2940 hsa:2941 hsa:2944 hsa:2946 hsa:2947 hsa:2948 hsa:2949 hsa:2950 hsa:2952 hsa:2953 hsa:4257 hsa:4258 hsa:4259 hsa:653689 hsa:9446" type="gene"
        link="https://www.kegg.jp/dbget-bin/www_bget?hsa:119391+hsa:221357+hsa:2938+hsa:2939+hsa:2940+hsa:2941+hsa:2944+hsa:2946+hsa:2947+hsa:2948+hsa:2949+hsa:2950+hsa:2952+hsa:2953+hsa:4257+hsa:4258+hsa:4259+hsa:653689+hsa:9446">
        <graphics name="GSTO2, GSTO_2-2, bA127L20.1..." fgcolor="#000000" bgcolor="#BFFFBF"
             type="rectangle" x="1123" y="857" width="46" height="17"/>
    </entry>
    <entry id="168" name="hsa:10587 hsa:114112 hsa:7296" type="gene"
        link="https://www.kegg.jp/dbget-bin/www_bget?hsa:10587+hsa:114112+hsa:7296">
        <graphics name="TXNRD2, GCCD5, SELZ, TR, TR-BETA, TR3, TRXR2..." fgcolor="#000000" bgcolor="#BFFFBF"
             type="rectangle" x="1175" y="857" width="46" height="17"/>
    </entry>
    <entry id="172" name="cpd:C01471" type="compound"
        link="https://www.kegg.jp/dbget-bin/www_bget?C01471">
        <graphics name="C01471" fgcolor="#000000" bgcolor="#FFFFFF"
             type="circle" x="551" y="863" width="8" height="8"/>
    </entry>
    <entry id="173" name="cpd:C21642" type="compound"
        link="https://www.kegg.jp/dbget-bin/www_bget?C21642">
        <graphics name="C21642" fgcolor="#000000" bgcolor="#FFFFFF"
             type="circle" x="591" y="862" width="8" height="8"/>
    </entry>
    <entry id="174" name="cpd:C00533" type="compound"
        link="https://www.kegg.jp/dbget-bin/www_bget?C00533">
        <graphics name="C00533" fgcolor="#000000" bgcolor="#FFFFFF"
             type="circle" x="636" y="862" width="8" height="8"/>
    </entry>
    <entry id="175" name="cpd:C00704" type="compound"
        link="https://www.kegg.jp/dbget-bin/www_bget?C00704">
        <graphics name="C00704" fgcolor="#000000" bgcolor="#FFFFFF"
             type="circle" x="551" y="826" width="8" height="8"/>
    </entry>
    <entry id="176" name="cpd:C21641" type="compound"
        link="https://www.kegg.jp/dbget-bin/www_bget?C21641">
        <graphics name="C21641" fgcolor="#000000" bgcolor="#FFFFFF"
             type="circle" x="591" y="826" width="8" height="8"/>
    </entry>
    <entry id="177" name="cpd:C00027" type="compound"
        link="https://www.kegg.jp/dbget-bin/www_bget?C00027">
        <graphics name="C00027" fgcolor="#000000" bgcolor="#FFFFFF"
             type="circle" x="627" y="826" width="8" height="8"/>
    </entry>
    <entry id="178" name="cpd:C16844" type="compound"
        link="https://www.kegg.jp/dbget-bin/www_bget?C16844">
        <graphics name="C16844" fgcolor="#000000" bgcolor="#FFFFFF"
             type="circle" x="664" y="826" width="8" height="8"/>
    </entry>
    <entry id="185" name="hsa:7012" type="gene"
        link="https://www.kegg.jp/dbget-bin/www_bget?hsa:7012">
        <graphics name="TERC, DKCA1, PFBMFT2, SCARNA19, TER, TR, TRC3, hTR" fgcolor="#000000" bgcolor="#BFFFBF"
             type="rectangle" x="1098" y="364" width="46" height="17"/>
    </entry>
    <entry id="186" name="cpd:C00039" type="compound"
        link="https://www.kegg.jp/dbget-bin/www_bget?C00039">
        <graphics name="C00039" fgcolor="#000000" bgcolor="#FFFFFF"
             type="circle" x="1179" y="340" width="8" height="8"/>
    </entry>
    <entry id="193" name="hsa:572" type="gene"
        link="https://www.kegg.jp/dbget-bin/www_bget?hsa:572">
        <graphics name="BAD, BBC2, BCL2L8" fgcolor="#000000" bgcolor="#BFFFBF"
             type="rectangle" x="729" y="383" width="46" height="17"/>
    </entry>
    <entry id="194" name="hsa:598" type="gene"
        link="https://www.kegg.jp/dbget-bin/www_bget?hsa:598">
        <graphics name="BCL2L1, BCL-XL/S, BCL2L, BCLX, Bcl-X, PPP1R52" fgcolor="#000000" bgcolor="#BFFFBF"
             type="rectangle" x="825" y="383" width="46" height="17"/>
    </entry>
    <entry id="199" name="hsa:1029" type="gene"
        link="https://www.kegg.jp/dbget-bin/www_bget?hsa:1029">
        <graphics name="CDKN2A, ARF, CDK4I, CDKN2, CMM2, INK4, INK4A, MLM, MTS-1, MTS1, P14, P14ARF, P16, P16-INK4A, P16INK4, P16INK4A, P19, P19ARF, TP16" fgcolor="#000000" bgcolor="#BFFFBF"
             type="rectangle" x="1037" y="539" width="46" height="17"/>
    </entry>
    <entry id="200" name="hsa:1019 hsa:1021" type="gene"
        link="https://www.kegg.jp/dbget-bin/www_bget?hsa:1019+hsa:1021">
        <graphics name="CDK4, CMM3, PSK-J3..." fgcolor="#000000" bgcolor="#BFFFBF"
             type="rectangle" x="1100" y="560" width="46" height="17"/>
    </entry>
    <entry id="201" name="hsa:5925" type="gene"
        link="https://www.kegg.jp/dbget-bin/www_bget?hsa:5925">
        <graphics name="RB1, OSRC, PPP1R130, RB, p105-Rb, p110-RB1, pRb, pp110" fgcolor="#000000" bgcolor="#BFFFBF"
             type="rectangle" x="1184" y="570" width="46" height="17"/>
    </entry>
    <entry id="202" name="hsa:1869 hsa:1870 hsa:1871" type="gene"
        link="https://www.kegg.jp/dbget-bin/www_bget?hsa:1869+hsa:1870+hsa:1871">
        <graphics name="E2F1, E2F-1, RBAP1, RBBP3, RBP3..." fgcolor="#000000" bgcolor="#BFFFBF"
             type="rectangle" x="1184" y="608" width="46" height="17"/>
    </entry>
    <entry id="203" name="hsa:595" type="gene"
        link="https://www.kegg.jp/dbget-bin/www_bget?hsa:595">
        <graphics name="CCND1, BCL1, D11S287E, PRAD1, U21B31" fgcolor="#000000" bgcolor="#BFFFBF"
             type="rectangle" x="1100" y="577" width="46" height="17"/>
    </entry>
    <entry id="214" name="hsa:572" type="gene"
        link="https://www.kegg.jp/dbget-bin/www_bget?hsa:572">
        <graphics name="BAD, BBC2, BCL2L8" fgcolor="#000000" bgcolor="#BFFFBF"
             type="rectangle" x="851" y="1027" width="46" height="17"/>
    </entry>
    <entry id="217" name="hsa:2549" type="gene"
        link="https://www.kegg.jp/dbget-bin/www_bget?hsa:2549">
        <graphics name="GAB1, DFNB26" fgcolor="#000000" bgcolor="#BFFFBF"
             type="rectangle" x="438" y="1005" width="46" height="17"/>
    </entry>
    <entry id="224" name="cpd:C01245" type="compound"
        link="https://www.kegg.jp/dbget-bin/www_bget?C01245">
        <graphics name="C01245" fgcolor="#000000" bgcolor="#FFFFFF"
             type="circle" x="557" y="209" width="8" height="8"/>
    </entry>
    <entry id="225" name="cpd:C00076" type="compound"
        link="https://www.kegg.jp/dbget-bin/www_bget?C00076">
        <graphics name="C00076" fgcolor="#000000" bgcolor="#FFFFFF"
             type="circle" x="616" y="210" width="8" height="8"/>
    </entry>
    <entry id="226" name="cpd:C00165" type="compound"
        link="https://www.kegg.jp/dbget-bin/www_bget?C00165">
        <graphics name="C00165" fgcolor="#000000" bgcolor="#FFFFFF"
             type="circle" x="556" y="247" width="8" height="8"/>
    </entry>
    <entry id="231" name="path:hsa04020" type="map"
        link="https://www.kegg.jp/dbget-bin/www_bget?hsa04020">
        <graphics name="Calcium signaling pathway" fgcolor="#000000" bgcolor="#FFFFFF"
             type="roundrectangle" x="590" y="183" width="128" height="34"/>
    </entry>
    <entry id="234" name="path:hsa04932" type="map"
        link="https://www.kegg.jp/dbget-bin/www_bget?hsa04932">
        <graphics name="Non-alcoholic fatty liver disease" fgcolor="#000000" bgcolor="#FFFFFF"
             type="roundrectangle" x="731" y="131" width="128" height="34"/>
    </entry>
    <entry id="235" name="path:hsa04350" type="map"
        link="https://www.kegg.jp/dbget-bin/www_bget?hsa04350">
        <graphics name="TGF-beta signaling pathway" fgcolor="#000000" bgcolor="#FFFFFF"
             type="roundrectangle" x="833" y="627" width="116" height="34"/>
    </entry>
    <entry id="236" name="hsa:60 hsa:71" type="gene"
        link="https://www.kegg.jp/dbget-bin/www_bget?hsa:60+hsa:71">
        <graphics name="ACTB, BRWS1, PS1TP5BP1..." fgcolor="#000000" bgcolor="#BFFFBF"
             type="rectangle" x="1099" y="923" width="46" height="17"/>
    </entry>
    <entry id="237" name="hsa:55274 hsa:8110 hsa:8193" type="gene"
        link="https://www.kegg.jp/dbget-bin/www_bget?hsa:55274+hsa:8110+hsa:8193">
        <graphics name="PHF10, BAF45A, SMARCG4, XAP135..." fgcolor="#000000" bgcolor="#BFFFBF"
             type="rectangle" x="1145" y="923" width="46" height="17"/>
    </entry>
    <entry id="238" name="hsa:51412 hsa:86" type="gene"
        link="https://www.kegg.jp/dbget-bin/www_bget?hsa:51412+hsa:86">
        <graphics name="ACTL6B, ACTL6, BAF53B, DEE76, EIEE76, IDDSSAD, SMARCN2, arpNalpha..." fgcolor="#000000" bgcolor="#BFFFBF"
             type="rectangle" x="1099" y="940" width="46" height="17"/>
    </entry>
    <entry id="239" name="hsa:6602 hsa:6603 hsa:6604" type="gene"
        link="https://www.kegg.jp/dbget-bin/www_bget?hsa:6602+hsa:6603+hsa:6604">
        <graphics name="SMARCD1, BAF60A, CRACD1, CSS11, Rsc6p..." fgcolor="#000000" bgcolor="#BFFFBF"
             type="rectangle" x="1099" y="957" width="46" height="17"/>
    </entry>
    <entry id="240" name="hsa:6605" type="gene"
        link="https://www.kegg.jp/dbget-bin/www_bget?hsa:6605">
        <graphics name="SMARCE1, BAF57, CSS5" fgcolor="#000000" bgcolor="#BFFFBF"
             type="rectangle" x="1145" y="957" width="46" height="17"/>
    </entry>
    <entry id="241" name="hsa:55193" type="gene"
        link="https://www.kegg.jp/dbget-bin/www_bget?hsa:55193">
        <graphics name="PBRM1, BAF180, PB1, RCC, SMARCH1" fgcolor="#000000" bgcolor="#BFFFBF"
             type="rectangle" x="1365" y="933" width="46" height="17"/>
    </entry>
    <entry id="242" name="hsa:6605" type="gene"
        link="https://www.kegg.jp/dbget-bin/www_bget?hsa:6605">
        <graphics name="SMARCE1, BAF57, CSS5" fgcolor="#000000" bgcolor="#BFFFBF"
             type="rectangle" x="1319" y="957" width="46" height="17"/>
    </entry>
    <entry id="243" name="hsa:29117" type="gene"
        link="https://www.kegg.jp/dbget-bin/www_bget?hsa:29117">
        <graphics name="BRD7, BP75, CELTIX1, NAG4, SMARCI1" fgcolor="#000000" bgcolor="#BFFFBF"
             type="rectangle" x="1365" y="950" width="46" height="17"/>
    </entry>
    <entry id="244" name="hsa:60 hsa:71" type="gene"
        link="https://www.kegg.jp/dbget-bin/www_bget?hsa:60+hsa:71">
        <graphics name="ACTB, BRWS1, PS1TP5BP1..." fgcolor="#000000" bgcolor="#BFFFBF"
             type="rectangle" x="1411" y="923" width="46" height="17"/>
    </entry>
    <entry id="245" name="hsa:51412 hsa:86" type="gene"
        link="https://www.kegg.jp/dbget-bin/www_bget?hsa:51412+hsa:86">
        <graphics name="ACTL6B, ACTL6, BAF53B, DEE76, EIEE76, IDDSSAD, SMARCN2, arpNalpha..." fgcolor="#000000" bgcolor="#BFFFBF"
             type="rectangle" x="1411" y="940" width="46" height="17"/>
    </entry>
    <entry id="246" name="hsa:6602 hsa:6603 hsa:6604" type="gene"
        link="https://www.kegg.jp/dbget-bin/www_bget?hsa:6602+hsa:6603+hsa:6604">
        <graphics name="SMARCD1, BAF60A, CRACD1, CSS11, Rsc6p..." fgcolor="#000000" bgcolor="#BFFFBF"
             type="rectangle" x="1411" y="957" width="46" height="17"/>
    </entry>
    <entry id="247" name="hsa:55274 hsa:8110 hsa:8193" type="gene"
        link="https://www.kegg.jp/dbget-bin/www_bget?hsa:55274+hsa:8110+hsa:8193">
        <graphics name="PHF10, BAF45A, SMARCG4, XAP135..." fgcolor="#000000" bgcolor="#BFFFBF"
             type="rectangle" x="1319" y="923" width="46" height="17"/>
    </entry>
    <entry id="248" name="path:hsa04010" type="map"
        link="https://www.kegg.jp/dbget-bin/www_bget?hsa04010">
        <graphics name="MAPK signaling pathway" fgcolor="#000000" bgcolor="#FFFFFF"
             type="roundrectangle" x="833" y="905" width="116" height="34"/>
    </entry>
    <entry id="249" name="path:hsa04936" type="map"
        link="https://www.kegg.jp/dbget-bin/www_bget?hsa04936">
        <graphics name="Alcoholic liver disease" fgcolor="#000000" bgcolor="#FFFFFF"
             type="roundrectangle" x="589" y="131" width="128" height="34"/>
    </entry>
    <entry id="250" name="undefined" type="group">
        <graphics fgcolor="#000000" bgcolor="#FFFFFF"
             type="rectangle" x="1098" y="355" width="46" height="34"/>
        <component id="159"/>
        <component id="185"/>
    </entry>
    <entry id="251" name="undefined" type="group">
        <graphics fgcolor="#000000" bgcolor="#FFFFFF"
             type="rectangle" x="1100" y="568" width="46" height="34"/>
        <component id="200"/>
        <component id="203"/>
    </entry>
    <entry id="252" name="undefined" type="group">
        <graphics fgcolor="#000000" bgcolor="#FFFFFF"
             type="rectangle" x="325" y="653" width="46" height="34"/>
        <component id="130"/>
        <component id="132"/>
    </entry>
    <entry id="253" name="undefined" type="group">
        <graphics fgcolor="#000000" bgcolor="#FFFFFF"
             type="rectangle" x="325" y="758" width="46" height="34"/>
        <component id="72"/>
        <component id="73"/>
    </entry>
    <entry id="254" name="undefined" type="group">
        <graphics fgcolor="#000000" bgcolor="#FFFFFF"
             type="rectangle" x="594" y="758" width="123" height="34"/>
        <component id="66"/>
        <component id="67"/>
        <component id="69"/>
    </entry>
    <entry id="255" name="undefined" type="group">
        <graphics fgcolor="#000000" bgcolor="#FFFFFF"
             type="rectangle" x="678" y="758" width="76" height="34"/>
        <component id="65"/>
        <component id="68"/>
    </entry>
    <entry id="256" name="undefined" type="group">
        <graphics fgcolor="#000000" bgcolor="#FFFFFF"
             type="rectangle" x="1122" y="940" width="92" height="51"/>
        <component id="144"/>
        <component id="236"/>
        <component id="237"/>
        <component id="238"/>
        <component id="239"/>
        <component id="240"/>
    </entry>
    <entry id="257" name="undefined" type="group">
        <graphics fgcolor="#000000" bgcolor="#FFFFFF"
             type="rectangle" x="1232" y="940" width="92" height="51"/>
        <component id="145"/>
        <component id="146"/>
        <component id="147"/>
        <component id="148"/>
    </entry>
    <entry id="258" name="undefined" type="group">
        <graphics fgcolor="#000000" bgcolor="#FFFFFF"
             type="rectangle" x="1365" y="940" width="138" height="51"/>
        <component id="149"/>
        <component id="241"/>
        <component id="242"/>
        <component id="243"/>
        <component id="244"/>
        <component id="245"/>
        <component id="246"/>
        <component id="247"/>
    </entry>
    <relation entry1="113" entry2="9" type="PPrel">
        <subtype name="activation" value="--&gt;"/>
    </relation>
    <relation entry1="29" entry2="30" type="PPrel">
        <subtype name="activation" value="--&gt;"/>
    </relation>
    <relation entry1="9" entry2="19" type="PPrel">
        <subtype name="activation" value="--&gt;"/>
    </relation>
    <relation entry1="19" entry2="20" type="PPrel">
        <subtype name="activation" value="--&gt;"/>
    </relation>
    <relation entry1="20" entry2="21" type="PPrel">
        <subtype name="activation" value="--&gt;"/>
    </relation>
    <relation entry1="21" entry2="11" type="PPrel">
        <subtype name="activation" value="--&gt;"/>
    </relation>
    <relation entry1="11" entry2="12" type="PPrel">
        <subtype name="activation" value="--&gt;"/>
    </relation>
    <relation entry1="12" entry2="13" type="PPrel">
        <subtype name="activation" value="--&gt;"/>
        <subtype name="phosphorylation" value="+p"/>
    </relation>
    <relation entry1="13" entry2="14" type="PPrel">
        <subtype name="activation" value="--&gt;"/>
        <subtype name="phosphorylation" value="+p"/>
    </relation>
    <relation entry1="9" entry2="122" type="PPrel">
        <subtype name="activation" value="--&gt;"/>
        <subtype name="indirect effect" value="..&gt;"/>
    </relation>
    <relation entry1="122" entry2="224" type="PCrel">
        <subtype name="activation" value="--&gt;"/>
    </relation>
    <relation entry1="122" entry2="226" type="PCrel">
        <subtype name="activation" value="--&gt;"/>
    </relation>
    <relation entry1="226" entry2="123" type="PCrel">
        <subtype name="activation" value="--&gt;"/>
    </relation>
    <relation entry1="225" entry2="123" type="PCrel">
        <subtype name="activation" value="--&gt;"/>
    </relation>
    <relation entry1="224" entry2="225" type="PCrel">
        <subtype name="activation" value="--&gt;"/>
        <subtype name="indirect effect" value="..&gt;"/>
    </relation>
    <relation entry1="123" entry2="124" type="PPrel">
        <subtype name="activation" value="--&gt;"/>
    </relation>
    <relation entry1="9" entry2="46" type="PPrel">
        <subtype name="activation" value="--&gt;"/>
    </relation>
    <relation entry1="30" entry2="19" type="PPrel">
        <subtype name="activation" value="--&gt;"/>
    </relation>
    <relation entry1="30" entry2="46" type="PPrel">
        <subtype name="activation" value="--&gt;"/>
    </relation>
    <relation entry1="46" entry2="50" type="PCrel">
        <subtype name="activation" value="--&gt;"/>
    </relation>
    <relation entry1="50" entry2="47" type="PCrel">
        <subtype name="activation" value="--&gt;"/>
    </relation>
    <relation entry1="47" entry2="26" type="PPrel">
        <subtype name="activation" value="--&gt;"/>
        <subtype name="indirect effect" value="..&gt;"/>
    </relation>
    <relation entry1="26" entry2="27" type="PPrel">
        <subtype name="activation" value="--&gt;"/>
    </relation>
    <relation entry1="47" entry2="193" type="PPrel">
        <subtype name="inhibition" value="--|"/>
    </relation>
    <relation entry1="193" entry2="194" type="PPrel">
        <subtype name="inhibition" value="--|"/>
    </relation>
    <relation entry1="88" entry2="89" type="PPrel">
        <subtype name="missing interaction" value="-/-"/>
    </relation>
    <relation entry1="250" entry2="186" type="PCrel">
        <subtype name="activation" value="--&gt;"/>
    </relation>
    <relation entry1="51" entry2="50" type="PCrel">
        <subtype name="missing interaction" value="-/-"/>
    </relation>
    <relation entry1="100" entry2="106" type="PPrel">
        <subtype name="missing interaction" value="-/-"/>
    </relation>
    <relation entry1="100" entry2="107" type="PPrel">
        <subtype name="missing interaction" value="-/-"/>
    </relation>
    <relation entry1="100" entry2="108" type="PPrel">
        <subtype name="missing interaction" value="-/-"/>
    </relation>
    <relation entry1="100" entry2="109" type="PPrel">
        <subtype name="missing interaction" value="-/-"/>
    </relation>
    <relation entry1="100" entry2="110" type="PPrel">
        <subtype name="missing interaction" value="-/-"/>
    </relation>
    <relation entry1="100" entry2="111" type="PPrel">
        <subtype name="missing interaction" value="-/-"/>
    </relation>
    <relation entry1="199" entry2="251" type="PPrel">
        <subtype name="missing interaction" value="-/-"/>
    </relation>
    <relation entry1="251" entry2="201" type="PPrel">
        <subtype name="activation" value="--&gt;"/>
        <subtype name="phosphorylation" value="+p"/>
    </relation>
    <relation entry1="201" entry2="202" type="PPrel">
        <subtype name="dissociation" value="-+-"/>
    </relation>
    <relation entry1="128" entry2="252" type="PPrel">
        <subtype name="activation" value="--&gt;"/>
    </relation>
    <relation entry1="252" entry2="129" type="PPrel">
        <subtype name="missing interaction" value="-/-"/>
    </relation>
    <relation entry1="129" entry2="131" type="PPrel">
        <subtype name="binding/association" value="---"/>
    </relation>
    <relation entry1="74" entry2="253" type="PPrel">
        <subtype name="activation" value="--&gt;"/>
    </relation>
    <relation entry1="73" entry2="71" type="PPrel">
        <subtype name="activation" value="--&gt;"/>
    </relation>
    <relation entry1="71" entry2="70" type="PPrel">
        <subtype name="binding/association" value="---"/>
    </relation>
    <relation entry1="71" entry2="69" type="PPrel">
        <subtype name="inhibition" value="--|"/>
    </relation>
    <relation entry1="254" entry2="255" type="PPrel">
        <subtype name="inhibition" value="--|"/>
        <subtype name="phosphorylation" value="+p"/>
    </relation>
    <relation entry1="68" entry2="64" type="PPrel">
        <subtype name="activation" value="--&gt;"/>
    </relation>
    <relation entry1="64" entry2="63" type="GErel">
        <subtype name="expression" value="--&gt;"/>
    </relation>
    <relation entry1="64" entry2="62" type="GErel">
        <subtype name="expression" value="--&gt;"/>
    </relation>
    <relation entry1="175" entry2="162" type="PCrel">
        <subtype name="inhibition" value="--|"/>
    </relation>
    <relation entry1="176" entry2="162" type="PCrel">
        <subtype name="inhibition" value="--|"/>
    </relation>
    <relation entry1="177" entry2="162" type="PCrel">
        <subtype name="inhibition" value="--|"/>
    </relation>
    <relation entry1="178" entry2="162" type="PCrel">
        <subtype name="inhibition" value="--|"/>
    </relation>
    <relation entry1="172" entry2="162" type="PCrel">
        <subtype name="inhibition" value="--|"/>
    </relation>
    <relation entry1="173" entry2="162" type="PCrel">
        <subtype name="inhibition" value="--|"/>
    </relation>
    <relation entry1="174" entry2="162" type="PCrel">
        <subtype name="inhibition" value="--|"/>
    </relation>
    <relation entry1="162" entry2="152" type="PPrel">
        <subtype name="inhibition" value="--|"/>
    </relation>
    <relation entry1="153" entry2="165" type="GErel">
        <subtype name="expression" value="--&gt;"/>
    </relation>
    <relation entry1="153" entry2="166" type="GErel">
        <subtype name="expression" value="--&gt;"/>
    </relation>
    <relation entry1="153" entry2="167" type="GErel">
        <subtype name="expression" value="--&gt;"/>
    </relation>
    <relation entry1="153" entry2="168" type="GErel">
        <subtype name="expression" value="--&gt;"/>
    </relation>
    <relation entry1="141" entry2="142" type="PPrel">
        <subtype name="activation" value="--&gt;"/>
    </relation>
    <relation entry1="142" entry2="39" type="PPrel">
        <subtype name="activation" value="--&gt;"/>
    </relation>
    <relation entry1="39" entry2="40" type="PPrel">
        <subtype name="activation" value="--&gt;"/>
    </relation>
    <relation entry1="40" entry2="34" type="PPrel">
        <subtype name="activation" value="--&gt;"/>
    </relation>
    <relation entry1="34" entry2="35" type="PPrel">
        <subtype name="activation" value="--&gt;"/>
    </relation>
    <relation entry1="35" entry2="36" type="PPrel">
        <subtype name="activation" value="--&gt;"/>
        <subtype name="phosphorylation" value="+p"/>
    </relation>
    <relation entry1="36" entry2="37" type="PPrel">
        <subtype name="activation" value="--&gt;"/>
        <subtype name="phosphorylation" value="+p"/>
    </relation>
    <relation entry1="142" entry2="217" type="PPrel">
        <subtype name="activation" value="--&gt;"/>
    </relation>
    <relation entry1="217" entry2="55" type="PPrel">
        <subtype name="activation" value="--&gt;"/>
    </relation>
    <relation entry1="55" entry2="60" type="PCrel">
        <subtype name="activation" value="--&gt;"/>
    </relation>
    <relation entry1="60" entry2="56" type="PCrel">
        <subtype name="activation" value="--&gt;"/>
    </relation>
    <relation entry1="56" entry2="43" type="PPrel">
        <subtype name="activation" value="--&gt;"/>
        <subtype name="indirect effect" value="..&gt;"/>
    </relation>
    <relation entry1="43" entry2="44" type="PPrel">
        <subtype name="activation" value="--&gt;"/>
    </relation>
    <relation entry1="56" entry2="214" type="PPrel">
        <subtype name="inhibition" value="--|"/>
        <subtype name="phosphorylation" value="+p"/>
    </relation>
    <relation entry1="256" entry2="257" type="PPrel">
        <subtype name="binding/association" value="---"/>
    </relation>
    <relation entry1="257" entry2="258" type="PPrel">
        <subtype name="binding/association" value="---"/>
    </relation>
</pathway>
