<?xml version="1.0"?>
<!DOCTYPE pathway SYSTEM "https://www.kegg.jp/kegg/xml/KGML_v0.7.2_.dtd">
<!-- Creation date: Oct 6, 2020 14:46:31 +0900 (GMT+9) -->
<pathway name="path:hsa05020" org="hsa" number="05020"
         title="Prion disease"
         image="https://www.kegg.jp/kegg/pathway/hsa/hsa05020.png"
         link="https://www.kegg.jp/kegg-bin/show_pathway?hsa05020">
    <entry id="2" name="hsa:5621" type="gene"
        link="https://www.kegg.jp/dbget-bin/www_bget?hsa:5621">
        <graphics name="PRNP, ASCR, AltPrP, CD230, CJD, GSS, KURU, PRIP, PrP, PrP27-30, PrP33-35C, PrPc, p27-30" fgcolor="#000000" bgcolor="#BFFFBF"
             type="rectangle" x="782" y="472" width="46" height="17"/>
    </entry>
    <entry id="5" name="path:hsa05020" type="map"
        link="https://www.kegg.jp/dbget-bin/www_bget?hsa05020">
        <graphics name="TITLE:Prion disease" fgcolor="#000000" bgcolor="#FFFFFF"
             type="roundrectangle" x="111" y="58" width="141" height="25"/>
    </entry>
    <entry id="10" name="path:hsa04144" type="map"
        link="https://www.kegg.jp/dbget-bin/www_bget?hsa04144">
        <graphics name="Endocytosis" fgcolor="#000000" bgcolor="#FFFFFF"
             type="roundrectangle" x="488" y="780" width="116" height="25"/>
    </entry>
    <entry id="11" name="path:hsa03050" type="map"
        link="https://www.kegg.jp/dbget-bin/www_bget?hsa03050">
        <graphics name="Proteasome" fgcolor="#000000" bgcolor="#FFFFFF"
             type="roundrectangle" x="813" y="589" width="116" height="25"/>
    </entry>
    <entry id="13" name="hsa:5621" type="gene"
        link="https://www.kegg.jp/dbget-bin/www_bget?hsa:5621">
        <graphics name="PRNP, ASCR, AltPrP, CD230, CJD, GSS, KURU, PRIP, PrP, PrP27-30, PrP33-35C, PrPc, p27-30" fgcolor="#000000" bgcolor="#BFFFBF"
             type="rectangle" x="286" y="216" width="46" height="17"/>
    </entry>
    <entry id="14" name="hsa:5621" type="gene"
        link="https://www.kegg.jp/dbget-bin/www_bget?hsa:5621">
        <graphics name="PRNP, ASCR, AltPrP, CD230, CJD, GSS, KURU, PRIP, PrP, PrP27-30, PrP33-35C, PrPc, p27-30" fgcolor="#000000" bgcolor="#BFFFBF"
             type="rectangle" x="286" y="628" width="46" height="17"/>
    </entry>
    <entry id="15" name="hsa:5621" type="gene"
        link="https://www.kegg.jp/dbget-bin/www_bget?hsa:5621">
        <graphics name="PRNP, ASCR, AltPrP, CD230, CJD, GSS, KURU, PRIP, PrP, PrP27-30, PrP33-35C, PrPc, p27-30" fgcolor="#000000" bgcolor="#BFFFBF"
             type="rectangle" x="286" y="645" width="46" height="17"/>
    </entry>
    <entry id="16" name="hsa:5621" type="gene"
        link="https://www.kegg.jp/dbget-bin/www_bget?hsa:5621">
        <graphics name="PRNP, ASCR, AltPrP, CD230, CJD, GSS, KURU, PRIP, PrP, PrP27-30, PrP33-35C, PrPc, p27-30" fgcolor="#000000" bgcolor="#BFFFBF"
             type="rectangle" x="286" y="720" width="46" height="17"/>
    </entry>
    <entry id="18" name="hsa:5621" type="gene"
        link="https://www.kegg.jp/dbget-bin/www_bget?hsa:5621">
        <graphics name="PRNP, ASCR, AltPrP, CD230, CJD, GSS, KURU, PRIP, PrP, PrP27-30, PrP33-35C, PrPc, p27-30" fgcolor="#000000" bgcolor="#BFFFBF"
             type="rectangle" x="515" y="641" width="46" height="17"/>
    </entry>
    <entry id="19" name="hsa:5621" type="gene"
        link="https://www.kegg.jp/dbget-bin/www_bget?hsa:5621">
        <graphics name="PRNP, ASCR, AltPrP, CD230, CJD, GSS, KURU, PRIP, PrP, PrP27-30, PrP33-35C, PrPc, p27-30" fgcolor="#000000" bgcolor="#BFFFBF"
             type="rectangle" x="515" y="703" width="46" height="17"/>
    </entry>
    <entry id="20" name="hsa:5621" type="gene"
        link="https://www.kegg.jp/dbget-bin/www_bget?hsa:5621">
        <graphics name="PRNP, ASCR, AltPrP, CD230, CJD, GSS, KURU, PRIP, PrP, PrP27-30, PrP33-35C, PrPc, p27-30" fgcolor="#000000" bgcolor="#BFFFBF"
             type="rectangle" x="816" y="813" width="46" height="17"/>
    </entry>
    <entry id="21" name="hsa:5621" type="gene"
        link="https://www.kegg.jp/dbget-bin/www_bget?hsa:5621">
        <graphics name="PRNP, ASCR, AltPrP, CD230, CJD, GSS, KURU, PRIP, PrP, PrP27-30, PrP33-35C, PrPc, p27-30" fgcolor="#000000" bgcolor="#BFFFBF"
             type="rectangle" x="816" y="780" width="46" height="17"/>
    </entry>
    <entry id="28" name="path:hsa04142" type="map"
        link="https://www.kegg.jp/dbget-bin/www_bget?hsa04142">
        <graphics name="Lysosome" fgcolor="#000000" bgcolor="#FFFFFF"
             type="roundrectangle" x="729" y="862" width="116" height="25"/>
    </entry>
    <entry id="31" name="hsa:5621" type="gene"
        link="https://www.kegg.jp/dbget-bin/www_bget?hsa:5621">
        <graphics name="PRNP, ASCR, AltPrP, CD230, CJD, GSS, KURU, PRIP, PrP, PrP27-30, PrP33-35C, PrPc, p27-30" fgcolor="#000000" bgcolor="#BFFFBF"
             type="rectangle" x="835" y="121" width="46" height="17"/>
    </entry>
    <entry id="32" name="hsa:5621" type="gene"
        link="https://www.kegg.jp/dbget-bin/www_bget?hsa:5621">
        <graphics name="PRNP, ASCR, AltPrP, CD230, CJD, GSS, KURU, PRIP, PrP, PrP27-30, PrP33-35C, PrPc, p27-30" fgcolor="#000000" bgcolor="#BFFFBF"
             type="rectangle" x="1016" y="121" width="46" height="17"/>
    </entry>
    <entry id="33" name="hsa:5621" type="gene"
        link="https://www.kegg.jp/dbget-bin/www_bget?hsa:5621">
        <graphics name="PRNP, ASCR, AltPrP, CD230, CJD, GSS, KURU, PRIP, PrP, PrP27-30, PrP33-35C, PrPc, p27-30" fgcolor="#000000" bgcolor="#BFFFBF"
             type="rectangle" x="835" y="176" width="46" height="17"/>
    </entry>
    <entry id="34" name="hsa:5621" type="gene"
        link="https://www.kegg.jp/dbget-bin/www_bget?hsa:5621">
        <graphics name="PRNP, ASCR, AltPrP, CD230, CJD, GSS, KURU, PRIP, PrP, PrP27-30, PrP33-35C, PrPc, p27-30" fgcolor="#000000" bgcolor="#BFFFBF"
             type="rectangle" x="1016" y="176" width="46" height="17"/>
    </entry>
    <entry id="39" name="hsa:5621" type="gene"
        link="https://www.kegg.jp/dbget-bin/www_bget?hsa:5621">
        <graphics name="PRNP, ASCR, AltPrP, CD230, CJD, GSS, KURU, PRIP, PrP, PrP27-30, PrP33-35C, PrPc, p27-30" fgcolor="#000000" bgcolor="#BFFFBF"
             type="rectangle" x="621" y="108" width="46" height="17"/>
    </entry>
    <entry id="40" name="hsa:5621" type="gene"
        link="https://www.kegg.jp/dbget-bin/www_bget?hsa:5621">
        <graphics name="PRNP, ASCR, AltPrP, CD230, CJD, GSS, KURU, PRIP, PrP, PrP27-30, PrP33-35C, PrPc, p27-30" fgcolor="#000000" bgcolor="#BFFFBF"
             type="rectangle" x="386" y="105" width="46" height="17"/>
    </entry>
    <entry id="46" name="hsa:5621" type="gene"
        link="https://www.kegg.jp/dbget-bin/www_bget?hsa:5621">
        <graphics name="PRNP, ASCR, AltPrP, CD230, CJD, GSS, KURU, PRIP, PrP, PrP27-30, PrP33-35C, PrPc, p27-30" fgcolor="#000000" bgcolor="#BFFFBF"
             type="rectangle" x="184" y="649" width="46" height="17"/>
    </entry>
    <entry id="47" name="hsa:5621" type="gene"
        link="https://www.kegg.jp/dbget-bin/www_bget?hsa:5621">
        <graphics name="PRNP, ASCR, AltPrP, CD230, CJD, GSS, KURU, PRIP, PrP, PrP27-30, PrP33-35C, PrPc, p27-30" fgcolor="#000000" bgcolor="#BFFFBF"
             type="rectangle" x="387" y="155" width="46" height="17"/>
    </entry>
    <entry id="48" name="hsa:5621" type="gene"
        link="https://www.kegg.jp/dbget-bin/www_bget?hsa:5621">
        <graphics name="PRNP, ASCR, AltPrP, CD230, CJD, GSS, KURU, PRIP, PrP, PrP27-30, PrP33-35C, PrPc, p27-30" fgcolor="#000000" bgcolor="#BFFFBF"
             type="rectangle" x="621" y="153" width="46" height="17"/>
    </entry>
    <entry id="51" name="hsa:5621" type="gene"
        link="https://www.kegg.jp/dbget-bin/www_bget?hsa:5621">
        <graphics name="PRNP, ASCR, AltPrP, CD230, CJD, GSS, KURU, PRIP, PrP, PrP27-30, PrP33-35C, PrPc, p27-30" fgcolor="#000000" bgcolor="#BFFFBF"
             type="rectangle" x="286" y="264" width="46" height="17"/>
    </entry>
    <entry id="52" name="hsa:5621" type="gene"
        link="https://www.kegg.jp/dbget-bin/www_bget?hsa:5621">
        <graphics name="PRNP, ASCR, AltPrP, CD230, CJD, GSS, KURU, PRIP, PrP, PrP27-30, PrP33-35C, PrPc, p27-30" fgcolor="#000000" bgcolor="#BFFFBF"
             type="rectangle" x="286" y="331" width="46" height="17"/>
    </entry>
    <entry id="55" name="hsa:5621" type="gene"
        link="https://www.kegg.jp/dbget-bin/www_bget?hsa:5621">
        <graphics name="PRNP, ASCR, AltPrP, CD230, CJD, GSS, KURU, PRIP, PrP, PrP27-30, PrP33-35C, PrPc, p27-30" fgcolor="#000000" bgcolor="#BFFFBF"
             type="rectangle" x="286" y="703" width="46" height="17"/>
    </entry>
    <entry id="56" name="hsa:5621" type="gene"
        link="https://www.kegg.jp/dbget-bin/www_bget?hsa:5621">
        <graphics name="PRNP, ASCR, AltPrP, CD230, CJD, GSS, KURU, PRIP, PrP, PrP27-30, PrP33-35C, PrPc, p27-30" fgcolor="#000000" bgcolor="#BFFFBF"
             type="rectangle" x="286" y="411" width="46" height="17"/>
    </entry>
    <entry id="58" name="hsa:5621" type="gene"
        link="https://www.kegg.jp/dbget-bin/www_bget?hsa:5621">
        <graphics name="PRNP, ASCR, AltPrP, CD230, CJD, GSS, KURU, PRIP, PrP, PrP27-30, PrP33-35C, PrPc, p27-30" fgcolor="#000000" bgcolor="#BFFFBF"
             type="rectangle" x="639" y="641" width="46" height="17"/>
    </entry>
    <entry id="59" name="hsa:5621" type="gene"
        link="https://www.kegg.jp/dbget-bin/www_bget?hsa:5621">
        <graphics name="PRNP, ASCR, AltPrP, CD230, CJD, GSS, KURU, PRIP, PrP, PrP27-30, PrP33-35C, PrPc, p27-30" fgcolor="#000000" bgcolor="#BFFFBF"
             type="rectangle" x="685" y="633" width="46" height="17"/>
    </entry>
    <entry id="60" name="hsa:5621" type="gene"
        link="https://www.kegg.jp/dbget-bin/www_bget?hsa:5621">
        <graphics name="PRNP, ASCR, AltPrP, CD230, CJD, GSS, KURU, PRIP, PrP, PrP27-30, PrP33-35C, PrPc, p27-30" fgcolor="#000000" bgcolor="#BFFFBF"
             type="rectangle" x="685" y="650" width="46" height="17"/>
    </entry>
    <entry id="61" name="hsa:5621" type="gene"
        link="https://www.kegg.jp/dbget-bin/www_bget?hsa:5621">
        <graphics name="PRNP, ASCR, AltPrP, CD230, CJD, GSS, KURU, PRIP, PrP, PrP27-30, PrP33-35C, PrPc, p27-30" fgcolor="#000000" bgcolor="#BFFFBF"
             type="rectangle" x="685" y="667" width="46" height="17"/>
    </entry>
    <entry id="62" name="hsa:5621" type="gene"
        link="https://www.kegg.jp/dbget-bin/www_bget?hsa:5621">
        <graphics name="PRNP, ASCR, AltPrP, CD230, CJD, GSS, KURU, PRIP, PrP, PrP27-30, PrP33-35C, PrPc, p27-30" fgcolor="#000000" bgcolor="#BFFFBF"
             type="rectangle" x="639" y="658" width="46" height="17"/>
    </entry>
    <entry id="63" name="hsa:5621" type="gene"
        link="https://www.kegg.jp/dbget-bin/www_bget?hsa:5621">
        <graphics name="PRNP, ASCR, AltPrP, CD230, CJD, GSS, KURU, PRIP, PrP, PrP27-30, PrP33-35C, PrPc, p27-30" fgcolor="#000000" bgcolor="#BFFFBF"
             type="rectangle" x="286" y="364" width="46" height="17"/>
    </entry>
    <entry id="65" name="hsa:5621" type="gene"
        link="https://www.kegg.jp/dbget-bin/www_bget?hsa:5621">
        <graphics name="PRNP, ASCR, AltPrP, CD230, CJD, GSS, KURU, PRIP, PrP, PrP27-30, PrP33-35C, PrPc, p27-30" fgcolor="#000000" bgcolor="#BFFFBF"
             type="rectangle" x="469" y="641" width="46" height="17"/>
    </entry>
    <entry id="66" name="hsa:5621" type="gene"
        link="https://www.kegg.jp/dbget-bin/www_bget?hsa:5621">
        <graphics name="PRNP, ASCR, AltPrP, CD230, CJD, GSS, KURU, PRIP, PrP, PrP27-30, PrP33-35C, PrPc, p27-30" fgcolor="#000000" bgcolor="#BFFFBF"
             type="rectangle" x="469" y="703" width="46" height="17"/>
    </entry>
    <entry id="71" name="hsa:5621" type="gene"
        link="https://www.kegg.jp/dbget-bin/www_bget?hsa:5621">
        <graphics name="PRNP, ASCR, AltPrP, CD230, CJD, GSS, KURU, PRIP, PrP, PrP27-30, PrP33-35C, PrPc, p27-30" fgcolor="#000000" bgcolor="#BFFFBF"
             type="rectangle" x="320" y="932" width="46" height="17"/>
    </entry>
    <entry id="72" name="hsa:5621" type="gene"
        link="https://www.kegg.jp/dbget-bin/www_bget?hsa:5621">
        <graphics name="PRNP, ASCR, AltPrP, CD230, CJD, GSS, KURU, PRIP, PrP, PrP27-30, PrP33-35C, PrPc, p27-30" fgcolor="#000000" bgcolor="#BFFFBF"
             type="rectangle" x="320" y="955" width="46" height="17"/>
    </entry>
    <entry id="73" name="hsa:5621" type="gene"
        link="https://www.kegg.jp/dbget-bin/www_bget?hsa:5621">
        <graphics name="PRNP, ASCR, AltPrP, CD230, CJD, GSS, KURU, PRIP, PrP, PrP27-30, PrP33-35C, PrPc, p27-30" fgcolor="#000000" bgcolor="#BFFFBF"
             type="rectangle" x="320" y="978" width="46" height="17"/>
    </entry>
    <entry id="79" name="hsa:5621" type="gene"
        link="https://www.kegg.jp/dbget-bin/www_bget?hsa:5621">
        <graphics name="PRNP, ASCR, AltPrP, CD230, CJD, GSS, KURU, PRIP, PrP, PrP27-30, PrP33-35C, PrPc, p27-30" fgcolor="#000000" bgcolor="#BFFFBF"
             type="rectangle" x="1051" y="234" width="46" height="17"/>
    </entry>
    <entry id="80" name="hsa:5621" type="gene"
        link="https://www.kegg.jp/dbget-bin/www_bget?hsa:5621">
        <graphics name="PRNP, ASCR, AltPrP, CD230, CJD, GSS, KURU, PRIP, PrP, PrP27-30, PrP33-35C, PrPc, p27-30" fgcolor="#000000" bgcolor="#BFFFBF"
             type="rectangle" x="868" y="234" width="46" height="17"/>
    </entry>
    <entry id="83" name="hsa:5621" type="gene"
        link="https://www.kegg.jp/dbget-bin/www_bget?hsa:5621">
        <graphics name="PRNP, ASCR, AltPrP, CD230, CJD, GSS, KURU, PRIP, PrP, PrP27-30, PrP33-35C, PrPc, p27-30" fgcolor="#000000" bgcolor="#BFFFBF"
             type="rectangle" x="161" y="724" width="46" height="17"/>
    </entry>
    <entry id="85" name="hsa:5621" type="gene"
        link="https://www.kegg.jp/dbget-bin/www_bget?hsa:5621">
        <graphics name="PRNP, ASCR, AltPrP, CD230, CJD, GSS, KURU, PRIP, PrP, PrP27-30, PrP33-35C, PrPc, p27-30" fgcolor="#000000" bgcolor="#BFFFBF"
             type="rectangle" x="286" y="169" width="46" height="17"/>
    </entry>
    <entry id="86" name="hsa:5621" type="gene"
        link="https://www.kegg.jp/dbget-bin/www_bget?hsa:5621">
        <graphics name="PRNP, ASCR, AltPrP, CD230, CJD, GSS, KURU, PRIP, PrP, PrP27-30, PrP33-35C, PrPc, p27-30" fgcolor="#000000" bgcolor="#BFFFBF"
             type="rectangle" x="286" y="192" width="46" height="17"/>
    </entry>
    <entry id="88" name="hsa:4684 hsa:4685" type="gene"
        link="https://www.kegg.jp/dbget-bin/www_bget?hsa:4684+hsa:4685">
        <graphics name="NCAM1, CD56, MSK39, NCAM..." fgcolor="#000000" bgcolor="#BFFFBF"
             type="rectangle" x="461" y="216" width="46" height="17"/>
    </entry>
    <entry id="89" name="hsa:3915" type="gene"
        link="https://www.kegg.jp/dbget-bin/www_bget?hsa:3915">
        <graphics name="LAMC1, LAMB2" fgcolor="#000000" bgcolor="#BFFFBF"
             type="rectangle" x="512" y="216" width="46" height="17"/>
    </entry>
    <entry id="91" name="hsa:10963" type="gene"
        link="https://www.kegg.jp/dbget-bin/www_bget?hsa:10963">
        <graphics name="STIP1, HEL-S-94n, HOP, IEF-SSP-3521, P60, STI1, STI1L" fgcolor="#000000" bgcolor="#BFFFBF"
             type="rectangle" x="461" y="282" width="46" height="17"/>
    </entry>
    <entry id="92" name="hsa:5566 hsa:5567 hsa:5568" type="gene"
        link="https://www.kegg.jp/dbget-bin/www_bget?hsa:5566+hsa:5567+hsa:5568">
        <graphics name="PRKACA, CAFD1, PKACA, PPNAD4..." fgcolor="#000000" bgcolor="#BFFFBF"
             type="rectangle" x="573" y="282" width="46" height="17"/>
    </entry>
    <entry id="93" name="cpd:C00575" type="compound"
        link="https://www.kegg.jp/dbget-bin/www_bget?C00575">
        <graphics name="C00575" fgcolor="#000000" bgcolor="#FFFFFF"
             type="circle" x="516" y="281" width="8" height="8"/>
    </entry>
    <entry id="97" name="hsa:6647" type="gene"
        link="https://www.kegg.jp/dbget-bin/www_bget?hsa:6647">
        <graphics name="SOD1, ALS, ALS1, HEL-S-44, IPOA, SOD, STAHP, hSod1, homodimer" fgcolor="#000000" bgcolor="#BFFFBF"
             type="rectangle" x="461" y="248" width="46" height="17"/>
    </entry>
    <entry id="99" name="hsa:581" type="gene"
        link="https://www.kegg.jp/dbget-bin/www_bget?hsa:581">
        <graphics name="BAX, BCL2L4" fgcolor="#000000" bgcolor="#BFFFBF"
             type="rectangle" x="461" y="317" width="46" height="17"/>
    </entry>
    <entry id="102" name="hsa:712 hsa:713 hsa:714" type="gene"
        link="https://www.kegg.jp/dbget-bin/www_bget?hsa:712+hsa:713+hsa:714">
        <graphics name="C1QA..." fgcolor="#000000" bgcolor="#BFFFBF"
             type="rectangle" x="144" y="911" width="46" height="17"/>
    </entry>
    <entry id="106" name="path:hsa04610" type="map"
        link="https://www.kegg.jp/dbget-bin/www_bget?hsa04610">
        <graphics name="Complement and coagulation cascades" fgcolor="#000000" bgcolor="#FFFFFF"
             type="roundrectangle" x="121" y="979" width="116" height="34"/>
    </entry>
    <entry id="107" name="hsa:2534" type="gene"
        link="https://www.kegg.jp/dbget-bin/www_bget?hsa:2534">
        <graphics name="FYN, SLK, SYN, p59-FYN" fgcolor="#000000" bgcolor="#BFFFBF"
             type="rectangle" x="461" y="350" width="46" height="17"/>
    </entry>
    <entry id="110" name="path:hsa04210" type="map"
        link="https://www.kegg.jp/dbget-bin/www_bget?hsa04210">
        <graphics name="Apoptosis" fgcolor="#000000" bgcolor="#FFFFFF"
             type="roundrectangle" x="1336" y="510" width="116" height="25"/>
    </entry>
    <entry id="111" name="path:hsa04140" type="map"
        link="https://www.kegg.jp/dbget-bin/www_bget?hsa04140">
        <graphics name="Autophagy - animal" fgcolor="#000000" bgcolor="#FFFFFF"
             type="roundrectangle" x="1028" y="852" width="116" height="34"/>
    </entry>
    <entry id="116" name="hsa:5594 hsa:5595" type="gene"
        link="https://www.kegg.jp/dbget-bin/www_bget?hsa:5594+hsa:5595">
        <graphics name="MAPK1, ERK, ERK-2, ERK2, ERT1, MAPK2, NS13, P42MAPK, PRKM1, PRKM2, p38, p40, p41, p41mapk, p42-MAPK..." fgcolor="#000000" bgcolor="#BFFFBF"
             type="rectangle" x="764" y="952" width="46" height="17"/>
    </entry>
    <entry id="118" name="hsa:1958" type="gene"
        link="https://www.kegg.jp/dbget-bin/www_bget?hsa:1958">
        <graphics name="EGR1, AT225, G0S30, KROX-24, NGFI-A, TIS8, ZIF-268, ZNF225" fgcolor="#000000" bgcolor="#BFFFBF"
             type="rectangle" x="938" y="999" width="46" height="17"/>
    </entry>
    <entry id="119" name="hsa:6352" type="gene"
        link="https://www.kegg.jp/dbget-bin/www_bget?hsa:6352">
        <graphics name="CCL5, D17S136E, RANTES, SCYA5, SIS-delta, SISd, TCP228, eoCP" fgcolor="#000000" bgcolor="#BFFFBF"
             type="rectangle" x="764" y="1052" width="46" height="17"/>
    </entry>
    <entry id="133" name="hsa:3552 hsa:3553" type="gene"
        link="https://www.kegg.jp/dbget-bin/www_bget?hsa:3552+hsa:3553">
        <graphics name="IL1A, IL-1_alpha, IL-1A, IL1, IL1-ALPHA, IL1F1..." fgcolor="#000000" bgcolor="#BFFFBF"
             type="rectangle" x="206" y="1102" width="46" height="17"/>
    </entry>
    <entry id="134" name="hsa:3569" type="gene"
        link="https://www.kegg.jp/dbget-bin/www_bget?hsa:3569">
        <graphics name="IL6, BSF-2, BSF2, CDF, HGF, HSF, IFN-beta-2, IFNB2, IL-6" fgcolor="#000000" bgcolor="#BFFFBF"
             type="rectangle" x="206" y="1124" width="46" height="17"/>
    </entry>
    <entry id="136" name="hsa:4851" type="gene"
        link="https://www.kegg.jp/dbget-bin/www_bget?hsa:4851">
        <graphics name="NOTCH1, AOS5, AOVD1, TAN1, hN1" fgcolor="#000000" bgcolor="#BFFFBF"
             type="rectangle" x="320" y="1024" width="46" height="17"/>
    </entry>
    <entry id="138" name="path:hsa04330" type="map"
        link="https://www.kegg.jp/dbget-bin/www_bget?hsa04330">
        <graphics name="Notch signaling pathway" fgcolor="#000000" bgcolor="#FFFFFF"
             type="roundrectangle" x="532" y="993" width="116" height="34"/>
    </entry>
    <entry id="141" name="hsa:100506742" type="gene"
        link="https://www.kegg.jp/dbget-bin/www_bget?hsa:100506742">
        <graphics name="CASP12, CASP-12, CASP12P1" fgcolor="#000000" bgcolor="#BFFFBF"
             type="rectangle" x="1217" y="413" width="46" height="17"/>
    </entry>
    <entry id="143" name="cpd:C00027 cpd:C00704" type="compound"
        link="https://www.kegg.jp/dbget-bin/www_bget?C00027+C00704">
        <graphics name="C00027..." fgcolor="#000000" bgcolor="#FFFFFF"
             type="circle" x="717" y="1083" width="8" height="8"/>
    </entry>
    <entry id="144" name="hsa:3303 hsa:3304 hsa:3305 hsa:3306 hsa:3310 hsa:3312" type="gene"
        link="https://www.kegg.jp/dbget-bin/www_bget?hsa:3303+hsa:3304+hsa:3305+hsa:3306+hsa:3310+hsa:3312">
        <graphics name="HSPA1A, HEL-S-103, HSP70, HSP70-1, HSP70-1A, HSP70-2, HSP70.1, HSP70.2, HSP70I, HSP72, HSPA1..." fgcolor="#000000" bgcolor="#BFFFBF"
             type="rectangle" x="567" y="863" width="46" height="17"/>
    </entry>
    <entry id="145" name="cpd:C02140" type="compound"
        link="https://www.kegg.jp/dbget-bin/www_bget?C02140">
        <graphics name="C02140" fgcolor="#000000" bgcolor="#FFFFFF"
             type="circle" x="500" y="855" width="8" height="8"/>
    </entry>
    <entry id="149" name="hsa:727 hsa:729 hsa:730 hsa:731 hsa:732 hsa:733 hsa:735" type="gene"
        link="https://www.kegg.jp/dbget-bin/www_bget?hsa:727+hsa:729+hsa:730+hsa:731+hsa:732+hsa:733+hsa:735">
        <graphics name="C5, C5D, C5a, C5b, CPAMD4, ECLZB..." fgcolor="#000000" bgcolor="#BFFFBF"
             type="rectangle" x="288" y="870" width="46" height="17"/>
    </entry>
    <entry id="150" name="hsa:3309" type="gene"
        link="https://www.kegg.jp/dbget-bin/www_bget?hsa:3309">
        <graphics name="HSPA5, BIP, GRP78, HEL-S-89n" fgcolor="#000000" bgcolor="#BFFFBF"
             type="rectangle" x="1010" y="209" width="46" height="17"/>
    </entry>
    <entry id="166" name="hsa:842" type="gene"
        link="https://www.kegg.jp/dbget-bin/www_bget?hsa:842">
        <graphics name="CASP9, APAF-3, APAF3, ICE-LAP6, MCH6, PPP1R56" fgcolor="#000000" bgcolor="#BFFFBF"
             type="rectangle" x="1267" y="480" width="46" height="17"/>
    </entry>
    <entry id="167" name="hsa:836" type="gene"
        link="https://www.kegg.jp/dbget-bin/www_bget?hsa:836">
        <graphics name="CASP3, CPP32, CPP32B, SCA-1" fgcolor="#000000" bgcolor="#BFFFBF"
             type="rectangle" x="1342" y="480" width="46" height="17"/>
    </entry>
    <entry id="168" name="hsa:54205" type="gene"
        link="https://www.kegg.jp/dbget-bin/www_bget?hsa:54205">
        <graphics name="CYCS, CYC, HCS, THC4" fgcolor="#000000" bgcolor="#BFFFBF"
             type="rectangle" x="1167" y="501" width="46" height="17"/>
    </entry>
    <entry id="169" name="hsa:317" type="gene"
        link="https://www.kegg.jp/dbget-bin/www_bget?hsa:317">
        <graphics name="APAF1, APAF-1, CED4" fgcolor="#000000" bgcolor="#BFFFBF"
             type="rectangle" x="1167" y="463" width="46" height="17"/>
    </entry>
    <entry id="173" name="hsa:100532726 hsa:126328 hsa:374291 hsa:4535 hsa:4536 hsa:4537 hsa:4538 hsa:4539 hsa:4540 hsa:4541 hsa:4694 hsa:4695 hsa:4696 hsa:4697 hsa:4698 hsa:4700 hsa:4701 hsa:4702 hsa:4704 hsa:4705 hsa:4706 hsa:4707 hsa:4708 hsa:4709 hsa:4710 hsa:4711 hsa:4712 hsa:4713 hsa:4714 hsa:4715 hsa:4716 hsa:4717 hsa:4718 hsa:4719 hsa:4720 hsa:4722 hsa:4723 hsa:4724 hsa:4725 hsa:4726 hsa:4728 hsa:4729 hsa:4731 hsa:51079 hsa:54539 hsa:55967 hsa:56901" type="gene"
        link="https://www.kegg.jp/dbget-bin/www_bget?hsa:100532726+hsa:126328+hsa:374291+hsa:4535+hsa:4536+hsa:4537+hsa:4538+hsa:4539+hsa:4540+hsa:4541+hsa:4694+hsa:4695+hsa:4696+hsa:4697+hsa:4698+hsa:4700+hsa:4701+hsa:4702+hsa:4704+hsa:4705+hsa:4706+hsa:4707+hsa:4708+hsa:4709+hsa:4710+hsa:4711+hsa:4712+hsa:4713+hsa:4714+hsa:4715+hsa:4716+hsa:4717+hsa:4718+hsa:4719+hsa:4720+hsa:4722+hsa:4723+hsa:4724+hsa:4725+hsa:4726+hsa:4728+hsa:4729+hsa:4731+hsa:51079+hsa:54539+hsa:55967+hsa:56901">
        <graphics name="NDUFC2-KCTD14..." fgcolor="#000000" bgcolor="#BFFFBF"
             type="rectangle" x="988" y="606" width="46" height="17"/>
    </entry>
    <entry id="174" name="hsa:6389 hsa:6390 hsa:6391 hsa:6392" type="gene"
        link="https://www.kegg.jp/dbget-bin/www_bget?hsa:6389+hsa:6390+hsa:6391+hsa:6392">
        <graphics name="SDHA, CMD1GG, FP, MC2DN1, NDAXOA, PGL5, SDH1, SDH2, SDHF..." fgcolor="#000000" bgcolor="#BFFFBF"
             type="rectangle" x="988" y="635" width="46" height="17"/>
    </entry>
    <entry id="175" name="hsa:10975 hsa:1537 hsa:27089 hsa:29796 hsa:440567 hsa:4519 hsa:7381 hsa:7384 hsa:7385 hsa:7386 hsa:7388" type="gene"
        link="https://www.kegg.jp/dbget-bin/www_bget?hsa:10975+hsa:1537+hsa:27089+hsa:29796+hsa:440567+hsa:4519+hsa:7381+hsa:7384+hsa:7385+hsa:7386+hsa:7388">
        <graphics name="UQCR11, 0710008D09Rik, QCR10, UQCR..." fgcolor="#000000" bgcolor="#BFFFBF"
             type="rectangle" x="988" y="663" width="46" height="17"/>
    </entry>
    <entry id="176" name="hsa:10476 hsa:4508 hsa:4509 hsa:498 hsa:506 hsa:509 hsa:513 hsa:514 hsa:515 hsa:516 hsa:517 hsa:518 hsa:522 hsa:539" type="gene"
        link="https://www.kegg.jp/dbget-bin/www_bget?hsa:10476+hsa:4508+hsa:4509+hsa:498+hsa:506+hsa:509+hsa:513+hsa:514+hsa:515+hsa:516+hsa:517+hsa:518+hsa:522+hsa:539">
        <graphics name="ATP5PD, APT5H, ATP5H, ATPQ..." fgcolor="#000000" bgcolor="#BFFFBF"
             type="rectangle" x="988" y="721" width="46" height="17"/>
    </entry>
    <entry id="177" name="hsa:125965 hsa:1327 hsa:1329 hsa:1337 hsa:1339 hsa:1340 hsa:1345 hsa:1346 hsa:1347 hsa:1349 hsa:1350 hsa:1351 hsa:170712 hsa:341947 hsa:4512 hsa:4513 hsa:4514 hsa:84701 hsa:9167 hsa:9377" type="gene"
        link="https://www.kegg.jp/dbget-bin/www_bget?hsa:125965+hsa:1327+hsa:1329+hsa:1337+hsa:1339+hsa:1340+hsa:1345+hsa:1346+hsa:1347+hsa:1349+hsa:1350+hsa:1351+hsa:170712+hsa:341947+hsa:4512+hsa:4513+hsa:4514+hsa:84701+hsa:9167+hsa:9377">
        <graphics name="COX6B2, COXVIB2, CT59..." fgcolor="#000000" bgcolor="#BFFFBF"
             type="rectangle" x="988" y="693" width="46" height="17"/>
    </entry>
    <entry id="178" name="hsa:6261 hsa:6262 hsa:6263" type="gene"
        link="https://www.kegg.jp/dbget-bin/www_bget?hsa:6261+hsa:6262+hsa:6263">
        <graphics name="RYR1, CCO, KDS, MHS, MHS1, PPP1R137, RYDR, RYR, RYR-1, SKRR..." fgcolor="#000000" bgcolor="#BFFFBF"
             type="rectangle" x="929" y="432" width="46" height="17"/>
    </entry>
    <entry id="179" name="hsa:3708 hsa:3709 hsa:3710" type="gene"
        link="https://www.kegg.jp/dbget-bin/www_bget?hsa:3708+hsa:3709+hsa:3710">
        <graphics name="ITPR1, ACV, CLA4, INSP3R1, IP3R, IP3R1, PPP1R94, SCA15, SCA16, SCA29..." fgcolor="#000000" bgcolor="#BFFFBF"
             type="rectangle" x="929" y="462" width="46" height="17"/>
    </entry>
    <entry id="180" name="hsa:116443 hsa:116444 hsa:2902 hsa:2903 hsa:2904 hsa:2905 hsa:2906" type="gene"
        link="https://www.kegg.jp/dbget-bin/www_bget?hsa:116443+hsa:116444+hsa:2902+hsa:2903+hsa:2904+hsa:2905+hsa:2906">
        <graphics name="GRIN3A, GluN3A, NMDAR-L, NMDAR3A, NR3A..." fgcolor="#000000" bgcolor="#BFFFBF"
             type="rectangle" x="320" y="461" width="46" height="17"/>
    </entry>
    <entry id="181" name="cpd:C00076" type="compound"
        link="https://www.kegg.jp/dbget-bin/www_bget?C00076">
        <graphics name="C00076" fgcolor="#000000" bgcolor="#FFFFFF"
             type="circle" x="844" y="447" width="8" height="8"/>
    </entry>
    <entry id="183" name="path:hsa00190" type="map"
        link="https://www.kegg.jp/dbget-bin/www_bget?hsa00190">
        <graphics name="Oxidative phosphorylation" fgcolor="#000000" bgcolor="#FFFFFF"
             type="roundrectangle" x="1086" y="702" width="113" height="34"/>
    </entry>
    <entry id="184" name="path:hsa04020" type="map"
        link="https://www.kegg.jp/dbget-bin/www_bget?hsa04020">
        <graphics name="Calcium signaling pathway" fgcolor="#000000" bgcolor="#FFFFFF"
             type="roundrectangle" x="469" y="459" width="113" height="34"/>
    </entry>
    <entry id="187" name="hsa:9451" type="gene"
        link="https://www.kegg.jp/dbget-bin/www_bget?hsa:9451">
        <graphics name="EIF2AK3, PEK, PERK, WRS" fgcolor="#000000" bgcolor="#BFFFBF"
             type="rectangle" x="1058" y="299" width="46" height="17"/>
    </entry>
    <entry id="188" name="hsa:572" type="gene"
        link="https://www.kegg.jp/dbget-bin/www_bget?hsa:572">
        <graphics name="BAD, BBC2, BCL2L8" fgcolor="#000000" bgcolor="#BFFFBF"
             type="rectangle" x="1075" y="518" width="46" height="17"/>
    </entry>
    <entry id="189" name="path:hsa04141" type="map"
        link="https://www.kegg.jp/dbget-bin/www_bget?hsa04141">
        <graphics name="Protein processing in endoplasmic reticulum" fgcolor="#000000" bgcolor="#FFFFFF"
             type="roundrectangle" x="1154" y="375" width="151" height="34"/>
    </entry>
    <entry id="190" name="hsa:1965" type="gene"
        link="https://www.kegg.jp/dbget-bin/www_bget?hsa:1965">
        <graphics name="EIF2S1, EIF-2, EIF-2A, EIF-2alpha, EIF2, EIF2A" fgcolor="#000000" bgcolor="#BFFFBF"
             type="rectangle" x="1148" y="299" width="46" height="17"/>
    </entry>
    <entry id="191" name="hsa:468" type="gene"
        link="https://www.kegg.jp/dbget-bin/www_bget?hsa:468">
        <graphics name="ATF4, CREB-2, CREB2, TAXREB67, TXREB" fgcolor="#000000" bgcolor="#BFFFBF"
             type="rectangle" x="1232" y="299" width="46" height="17"/>
    </entry>
    <entry id="194" name="hsa:90550" type="gene"
        link="https://www.kegg.jp/dbget-bin/www_bget?hsa:90550">
        <graphics name="MCU, C10orf42, CCDC109A, HsMCU" fgcolor="#000000" bgcolor="#BFFFBF"
             type="rectangle" x="988" y="575" width="46" height="17"/>
    </entry>
    <entry id="195" name="hsa:10105 hsa:291 hsa:292 hsa:293 hsa:7416 hsa:7417 hsa:7419 hsa:83447" type="gene"
        link="https://www.kegg.jp/dbget-bin/www_bget?hsa:10105+hsa:291+hsa:292+hsa:293+hsa:7416+hsa:7417+hsa:7419+hsa:83447">
        <graphics name="PPIF, CYP3, CyP-M, Cyp-D, CypD..." fgcolor="#000000" bgcolor="#BFFFBF"
             type="rectangle" x="1106" y="543" width="46" height="17"/>
    </entry>
    <entry id="196" name="hsa:1649" type="gene"
        link="https://www.kegg.jp/dbget-bin/www_bget?hsa:1649">
        <graphics name="DDIT3, AltDDIT3, C/EBPzeta, CEBPZ, CHOP, CHOP-10, CHOP10, GADD153" fgcolor="#000000" bgcolor="#BFFFBF"
             type="rectangle" x="1289" y="218" width="46" height="17"/>
    </entry>
    <entry id="197" name="hsa:143471 hsa:5682 hsa:5683 hsa:5684 hsa:5685 hsa:5686 hsa:5687 hsa:5688 hsa:5689 hsa:5690 hsa:5691 hsa:5692 hsa:5693 hsa:5694 hsa:5695" type="gene"
        link="https://www.kegg.jp/dbget-bin/www_bget?hsa:143471+hsa:5682+hsa:5683+hsa:5684+hsa:5685+hsa:5686+hsa:5687+hsa:5688+hsa:5689+hsa:5690+hsa:5691+hsa:5692+hsa:5693+hsa:5694+hsa:5695">
        <graphics name="PSMA8, PSMA7L..." fgcolor="#000000" bgcolor="#BFFFBF"
             type="rectangle" x="786" y="543" width="46" height="17"/>
    </entry>
    <entry id="198" name="hsa:10213 hsa:11047 hsa:5700 hsa:5701 hsa:5702 hsa:5704 hsa:5705 hsa:5706 hsa:5707 hsa:5708 hsa:5709 hsa:5710 hsa:5713 hsa:5714 hsa:5715 hsa:5717 hsa:5718 hsa:5719 hsa:7979 hsa:9861" type="gene"
        link="https://www.kegg.jp/dbget-bin/www_bget?hsa:10213+hsa:11047+hsa:5700+hsa:5701+hsa:5702+hsa:5704+hsa:5705+hsa:5706+hsa:5707+hsa:5708+hsa:5709+hsa:5710+hsa:5713+hsa:5714+hsa:5715+hsa:5717+hsa:5718+hsa:5719+hsa:7979+hsa:9861">
        <graphics name="PSMD14, PAD1, POH1, RPN11..." fgcolor="#000000" bgcolor="#BFFFBF"
             type="rectangle" x="786" y="560" width="46" height="17"/>
    </entry>
    <entry id="199" name="hsa:5621" type="gene"
        link="https://www.kegg.jp/dbget-bin/www_bget?hsa:5621">
        <graphics name="PRNP, ASCR, AltPrP, CD230, CJD, GSS, KURU, PRIP, PrP, PrP27-30, PrP33-35C, PrPc, p27-30" fgcolor="#000000" bgcolor="#BFFFBF"
             type="rectangle" x="973" y="342" width="46" height="17"/>
    </entry>
    <entry id="201" name="hsa:5621" type="gene"
        link="https://www.kegg.jp/dbget-bin/www_bget?hsa:5621">
        <graphics name="PRNP, ASCR, AltPrP, CD230, CJD, GSS, KURU, PRIP, PrP, PrP27-30, PrP33-35C, PrPc, p27-30" fgcolor="#000000" bgcolor="#BFFFBF"
             type="rectangle" x="843" y="341" width="46" height="17"/>
    </entry>
    <entry id="210" name="hsa:147700 hsa:3798 hsa:3799 hsa:3800 hsa:3831 hsa:64837 hsa:89953" type="gene"
        link="https://www.kegg.jp/dbget-bin/www_bget?hsa:147700+hsa:3798+hsa:3799+hsa:3800+hsa:3831+hsa:64837+hsa:89953">
        <graphics name="KLC3, KLC2, KLC2L, KLCt, KNS2B..." fgcolor="#000000" bgcolor="#BFFFBF"
             type="rectangle" x="1293" y="1063" width="46" height="17"/>
    </entry>
    <entry id="213" name="hsa:10376 hsa:112714 hsa:113457 hsa:51807 hsa:7277 hsa:7278 hsa:7846 hsa:79861 hsa:84790" type="gene"
        link="https://www.kegg.jp/dbget-bin/www_bget?hsa:10376+hsa:112714+hsa:113457+hsa:51807+hsa:7277+hsa:7278+hsa:7846+hsa:79861+hsa:84790">
        <graphics name="TUBA1B, K-ALPHA-1..." fgcolor="#000000" bgcolor="#BFFFBF"
             type="rectangle" x="1204" y="1084" width="46" height="17"/>
    </entry>
    <entry id="214" name="hsa:10381 hsa:10382 hsa:10383 hsa:203068 hsa:347688 hsa:347733 hsa:7280 hsa:81027 hsa:84617" type="gene"
        link="https://www.kegg.jp/dbget-bin/www_bget?hsa:10381+hsa:10382+hsa:10383+hsa:203068+hsa:347688+hsa:347733+hsa:7280+hsa:81027+hsa:84617">
        <graphics name="TUBB3, CDCBM, CDCBM1, CFEOM3, CFEOM3A, FEOM3, TUBB4, beta-4..." fgcolor="#000000" bgcolor="#BFFFBF"
             type="rectangle" x="1250" y="1084" width="46" height="17"/>
    </entry>
    <entry id="216" name="hsa:2932" type="gene"
        link="https://www.kegg.jp/dbget-bin/www_bget?hsa:2932">
        <graphics name="GSK3B" fgcolor="#000000" bgcolor="#BFFFBF"
             type="rectangle" x="1188" y="1018" width="46" height="17"/>
    </entry>
    <entry id="220" name="hsa:5530 hsa:5532 hsa:5533 hsa:5534 hsa:5535" type="gene"
        link="https://www.kegg.jp/dbget-bin/www_bget?hsa:5530+hsa:5532+hsa:5533+hsa:5534+hsa:5535">
        <graphics name="PPP3CA, ACCIID, CALN, CALNA, CALNA1, CCN1, CNA1, DEE91, IECEE, IECEE1, PPP2B..." fgcolor="#000000" bgcolor="#BFFFBF"
             type="rectangle" x="1002" y="518" width="46" height="17"/>
    </entry>
    <entry id="223" name="hsa:5621" type="gene"
        link="https://www.kegg.jp/dbget-bin/www_bget?hsa:5621">
        <graphics name="PRNP, ASCR, AltPrP, CD230, CJD, GSS, KURU, PRIP, PrP, PrP27-30, PrP33-35C, PrPc, p27-30" fgcolor="#000000" bgcolor="#BFFFBF"
             type="rectangle" x="816" y="672" width="46" height="17"/>
    </entry>
    <entry id="233" name="hsa:3309" type="gene"
        link="https://www.kegg.jp/dbget-bin/www_bget?hsa:3309">
        <graphics name="HSPA5, BIP, GRP78, HEL-S-89n" fgcolor="#000000" bgcolor="#BFFFBF"
             type="rectangle" x="990" y="299" width="46" height="17"/>
    </entry>
    <entry id="240" name="cpd:C00076" type="compound"
        link="https://www.kegg.jp/dbget-bin/www_bget?C00076">
        <graphics name="C00076" fgcolor="#000000" bgcolor="#FFFFFF"
             type="circle" x="259" y="462" width="8" height="8"/>
    </entry>
    <entry id="242" name="hsa:774 hsa:775 hsa:776 hsa:778 hsa:779" type="gene"
        link="https://www.kegg.jp/dbget-bin/www_bget?hsa:774+hsa:775+hsa:776+hsa:778+hsa:779">
        <graphics name="CACNA1B, BIII, CACNL1A5, CACNN, Cav2.2, DYT23, NEDNEH..." fgcolor="#000000" bgcolor="#BFFFBF"
             type="rectangle" x="320" y="510" width="46" height="17"/>
    </entry>
    <entry id="243" name="cpd:C00076" type="compound"
        link="https://www.kegg.jp/dbget-bin/www_bget?C00076">
        <graphics name="C00076" fgcolor="#000000" bgcolor="#FFFFFF"
             type="circle" x="259" y="509" width="8" height="8"/>
    </entry>
    <entry id="244" name="hsa:5621" type="gene"
        link="https://www.kegg.jp/dbget-bin/www_bget?hsa:5621">
        <graphics name="PRNP, ASCR, AltPrP, CD230, CJD, GSS, KURU, PRIP, PrP, PrP27-30, PrP33-35C, PrPc, p27-30" fgcolor="#000000" bgcolor="#BFFFBF"
             type="rectangle" x="404" y="547" width="46" height="17"/>
    </entry>
    <entry id="247" name="hsa:5621" type="gene"
        link="https://www.kegg.jp/dbget-bin/www_bget?hsa:5621">
        <graphics name="PRNP, ASCR, AltPrP, CD230, CJD, GSS, KURU, PRIP, PrP, PrP27-30, PrP33-35C, PrPc, p27-30" fgcolor="#000000" bgcolor="#BFFFBF"
             type="rectangle" x="1123" y="996" width="46" height="17"/>
    </entry>
    <entry id="248" name="hsa:1457 hsa:1459 hsa:1460 hsa:283106" type="gene"
        link="https://www.kegg.jp/dbget-bin/www_bget?hsa:1457+hsa:1459+hsa:1460+hsa:283106">
        <graphics name="CSNK2A1, CK2A1, CKII, Cka1, Cka2, OCNDS..." fgcolor="#000000" bgcolor="#BFFFBF"
             type="rectangle" x="1188" y="1039" width="46" height="17"/>
    </entry>
    <entry id="250" name="hsa:7124" type="gene"
        link="https://www.kegg.jp/dbget-bin/www_bget?hsa:7124">
        <graphics name="TNF, DIF, TNF-alpha, TNFA, TNFSF2, TNLG1F" fgcolor="#000000" bgcolor="#BFFFBF"
             type="rectangle" x="257" y="1113" width="46" height="17"/>
    </entry>
    <entry id="251" name="hsa:857 hsa:858 hsa:859" type="gene"
        link="https://www.kegg.jp/dbget-bin/www_bget?hsa:857+hsa:858+hsa:859">
        <graphics name="CAV1, BSCL3, CGL3, LCCNS, MSTP085, PPH3, VIP21, CAV..." fgcolor="#000000" bgcolor="#BFFFBF"
             type="rectangle" x="340" y="900" width="46" height="17"/>
    </entry>
    <entry id="252" name="hsa:5290 hsa:5291 hsa:5293 hsa:5295 hsa:5296 hsa:8503" type="gene"
        link="https://www.kegg.jp/dbget-bin/www_bget?hsa:5290+hsa:5291+hsa:5293+hsa:5295+hsa:5296+hsa:8503">
        <graphics name="PIK3CA, CCM4, CLAPO, CLOVE, CWS5, MCAP, MCM, MCMTC, PI3K, PI3K-alpha, p110-alpha..." fgcolor="#000000" bgcolor="#BFFFBF"
             type="rectangle" x="447" y="952" width="46" height="17"/>
    </entry>
    <entry id="253" name="hsa:5580" type="gene"
        link="https://www.kegg.jp/dbget-bin/www_bget?hsa:5580">
        <graphics name="PRKCD, ALPS3, CVID9, MAY1, PKCD, nPKC-delta" fgcolor="#000000" bgcolor="#BFFFBF"
             type="rectangle" x="536" y="952" width="46" height="17"/>
    </entry>
    <entry id="254" name="hsa:10488 hsa:1385 hsa:1386 hsa:1388 hsa:148327 hsa:468 hsa:64764 hsa:84699 hsa:90993 hsa:9586" type="gene"
        link="https://www.kegg.jp/dbget-bin/www_bget?hsa:10488+hsa:1385+hsa:1386+hsa:1388+hsa:148327+hsa:468+hsa:64764+hsa:84699+hsa:90993+hsa:9586">
        <graphics name="CREB3, LUMAN, LZIP, sLZIP..." fgcolor="#000000" bgcolor="#BFFFBF"
             type="rectangle" x="855" y="952" width="46" height="17"/>
    </entry>
    <entry id="255" name="hsa:2534" type="gene"
        link="https://www.kegg.jp/dbget-bin/www_bget?hsa:2534">
        <graphics name="FYN, SLK, SYN, p59-FYN" fgcolor="#000000" bgcolor="#BFFFBF"
             type="rectangle" x="430" y="900" width="46" height="17"/>
    </entry>
    <entry id="256" name="hsa:1536" type="gene"
        link="https://www.kegg.jp/dbget-bin/www_bget?hsa:1536">
        <graphics name="CYBB, AMCBX2, CGD, CGDX, GP91-1, GP91-PHOX, GP91PHOX, IMD34, NOX2, p91-PHOX" fgcolor="#000000" bgcolor="#BFFFBF"
             type="rectangle" x="627" y="935" width="46" height="17"/>
    </entry>
    <entry id="257" name="hsa:1535" type="gene"
        link="https://www.kegg.jp/dbget-bin/www_bget?hsa:1535">
        <graphics name="CYBA, CGD4, p22-PHOX" fgcolor="#000000" bgcolor="#BFFFBF"
             type="rectangle" x="627" y="952" width="46" height="17"/>
    </entry>
    <entry id="258" name="hsa:653361" type="gene"
        link="https://www.kegg.jp/dbget-bin/www_bget?hsa:653361">
        <graphics name="NCF1, CGD1, NCF1A, NOXO2, SH3PXD1A, p47phox" fgcolor="#000000" bgcolor="#BFFFBF"
             type="rectangle" x="673" y="935" width="46" height="17"/>
    </entry>
    <entry id="259" name="hsa:4688" type="gene"
        link="https://www.kegg.jp/dbget-bin/www_bget?hsa:4688">
        <graphics name="NCF2, NCF-2, NOXA2, P67-PHOX, P67PHOX" fgcolor="#000000" bgcolor="#BFFFBF"
             type="rectangle" x="673" y="952" width="46" height="17"/>
    </entry>
    <entry id="260" name="hsa:5879 hsa:5880" type="gene"
        link="https://www.kegg.jp/dbget-bin/www_bget?hsa:5879+hsa:5880">
        <graphics name="RAC1, MIG5, MRD48, Rac-1, TC-25, p21-Rac1..." fgcolor="#000000" bgcolor="#BFFFBF"
             type="rectangle" x="673" y="969" width="46" height="17"/>
    </entry>
    <entry id="266" name="path:hsa04668" type="map"
        link="https://www.kegg.jp/dbget-bin/www_bget?hsa04668">
        <graphics name="TNF signaling pathway" fgcolor="#000000" bgcolor="#FFFFFF"
             type="roundrectangle" x="469" y="1117" width="116" height="34"/>
    </entry>
    <entry id="268" name="hsa:4689" type="gene"
        link="https://www.kegg.jp/dbget-bin/www_bget?hsa:4689">
        <graphics name="NCF4, CGD3, NCF, P40PHOX, SH3PXD4" fgcolor="#000000" bgcolor="#BFFFBF"
             type="rectangle" x="627" y="969" width="46" height="17"/>
    </entry>
    <entry id="271" name="hsa:1432 hsa:5600 hsa:5603 hsa:6300" type="gene"
        link="https://www.kegg.jp/dbget-bin/www_bget?hsa:1432+hsa:5600+hsa:5603+hsa:6300">
        <graphics name="MAPK14, CSBP, CSBP1, CSBP2, CSPB1, EXIP, Mxi2, PRKM14, PRKM15, RK, SAPK2A, p38, p38ALPHA..." fgcolor="#000000" bgcolor="#BFFFBF"
             type="rectangle" x="988" y="899" width="46" height="17"/>
    </entry>
    <entry id="272" name="hsa:5599 hsa:5601 hsa:5602" type="gene"
        link="https://www.kegg.jp/dbget-bin/www_bget?hsa:5599+hsa:5601+hsa:5602">
        <graphics name="MAPK8, JNK, JNK-46, JNK1, JNK1A2, JNK21B1/2, PRKM8, SAPK1, SAPK1c..." fgcolor="#000000" bgcolor="#BFFFBF"
             type="rectangle" x="988" y="921" width="46" height="17"/>
    </entry>
    <entry id="273" name="undefined" type="group">
        <graphics fgcolor="#000000" bgcolor="#FFFFFF"
             type="rectangle" x="286" y="636" width="46" height="34"/>
        <component id="14"/>
        <component id="15"/>
    </entry>
    <entry id="274" name="undefined" type="group">
        <graphics fgcolor="#000000" bgcolor="#FFFFFF"
             type="rectangle" x="286" y="711" width="46" height="34"/>
        <component id="16"/>
        <component id="55"/>
    </entry>
    <entry id="275" name="undefined" type="group">
        <graphics fgcolor="#000000" bgcolor="#FFFFFF"
             type="rectangle" x="492" y="641" width="92" height="17"/>
        <component id="18"/>
        <component id="65"/>
    </entry>
    <entry id="276" name="undefined" type="group">
        <graphics fgcolor="#000000" bgcolor="#FFFFFF"
             type="rectangle" x="492" y="703" width="92" height="17"/>
        <component id="19"/>
        <component id="66"/>
    </entry>
    <entry id="277" name="undefined" type="group">
        <graphics fgcolor="#000000" bgcolor="#FFFFFF"
             type="rectangle" x="786" y="551" width="46" height="34"/>
        <component id="197"/>
        <component id="198"/>
    </entry>
    <entry id="278" name="undefined" type="group">
        <graphics fgcolor="#000000" bgcolor="#FFFFFF"
             type="rectangle" x="650" y="952" width="92" height="51"/>
        <component id="256"/>
        <component id="257"/>
        <component id="258"/>
        <component id="259"/>
        <component id="260"/>
        <component id="268"/>
    </entry>
    <relation entry1="51" entry2="52" type="PPrel">
        <subtype name="state change" value="..."/>
    </relation>
    <relation entry1="63" entry2="56" type="PPrel">
        <subtype name="state change" value="..."/>
    </relation>
    <relation entry1="273" entry2="274" type="PPrel">
        <subtype name="state change" value="..."/>
    </relation>
    <relation entry1="34" entry2="150" type="PPrel">
        <subtype name="binding/association" value="---"/>
    </relation>
    <relation entry1="86" entry2="88" type="PPrel">
        <subtype name="binding/association" value="---"/>
    </relation>
    <relation entry1="86" entry2="89" type="PPrel">
        <subtype name="binding/association" value="---"/>
    </relation>
    <relation entry1="86" entry2="91" type="PPrel">
        <subtype name="activation" value="--&gt;"/>
    </relation>
    <relation entry1="86" entry2="107" type="PPrel">
        <subtype name="activation" value="--&gt;"/>
    </relation>
    <relation entry1="118" entry2="119" type="GErel">
        <subtype name="expression" value="--&gt;"/>
    </relation>
    <relation entry1="72" entry2="136" type="PPrel">
        <subtype name="activation" value="--&gt;"/>
        <subtype name="indirect effect" value="..&gt;"/>
    </relation>
    <relation entry1="86" entry2="97" type="PPrel">
        <subtype name="activation" value="--&gt;"/>
        <subtype name="indirect effect" value="..&gt;"/>
    </relation>
    <relation entry1="86" entry2="99" type="PPrel">
        <subtype name="inhibition" value="--|"/>
        <subtype name="indirect effect" value="..&gt;"/>
    </relation>
    <relation entry1="91" entry2="93" type="PCrel">
        <subtype name="activation" value="--&gt;"/>
    </relation>
    <relation entry1="93" entry2="92" type="PCrel">
        <subtype name="activation" value="--&gt;"/>
    </relation>
    <relation entry1="275" entry2="276" type="PPrel">
        <subtype name="state change" value="..."/>
    </relation>
    <relation entry1="244" entry2="242" type="PPrel">
        <subtype name="inhibition" value="--|"/>
    </relation>
    <relation entry1="199" entry2="233" type="PPrel">
        <subtype name="inhibition" value="--|"/>
    </relation>
    <relation entry1="2" entry2="277" type="PPrel">
        <subtype name="inhibition" value="--|"/>
    </relation>
    <relation entry1="233" entry2="187" type="PPrel">
        <subtype name="inhibition" value="--|"/>
    </relation>
    <relation entry1="187" entry2="190" type="PPrel">
        <subtype name="activation" value="--&gt;"/>
    </relation>
    <relation entry1="190" entry2="191" type="PPrel">
        <subtype name="activation" value="--&gt;"/>
    </relation>
    <relation entry1="141" entry2="167" type="PPrel">
        <subtype name="activation" value="--&gt;"/>
    </relation>
    <relation entry1="199" entry2="178" type="PPrel">
        <subtype name="activation" value="--&gt;"/>
        <subtype name="indirect effect" value="..&gt;"/>
    </relation>
    <relation entry1="199" entry2="179" type="PPrel">
        <subtype name="activation" value="--&gt;"/>
        <subtype name="indirect effect" value="..&gt;"/>
    </relation>
    <relation entry1="181" entry2="220" type="PCrel">
        <subtype name="activation" value="--&gt;"/>
    </relation>
    <relation entry1="169" entry2="166" type="PPrel">
        <subtype name="activation" value="--&gt;"/>
    </relation>
    <relation entry1="168" entry2="166" type="PPrel">
        <subtype name="activation" value="--&gt;"/>
    </relation>
    <relation entry1="166" entry2="167" type="PPrel">
        <subtype name="activation" value="--&gt;"/>
    </relation>
    <relation entry1="220" entry2="188" type="PPrel">
        <subtype name="activation" value="--&gt;"/>
        <subtype name="dephosphorylation" value="-p"/>
    </relation>
    <relation entry1="247" entry2="216" type="PPrel">
        <subtype name="activation" value="--&gt;"/>
    </relation>
    <relation entry1="247" entry2="248" type="PPrel">
        <subtype name="activation" value="--&gt;"/>
    </relation>
    <relation entry1="216" entry2="210" type="PPrel">
        <subtype name="inhibition" value="--|"/>
        <subtype name="phosphorylation" value="+p"/>
    </relation>
    <relation entry1="248" entry2="210" type="PPrel">
        <subtype name="inhibition" value="--|"/>
        <subtype name="phosphorylation" value="+p"/>
    </relation>
    <relation entry1="71" entry2="251" type="PPrel">
        <subtype name="activation" value="--&gt;"/>
    </relation>
    <relation entry1="251" entry2="255" type="PPrel">
        <subtype name="activation" value="--&gt;"/>
    </relation>
    <relation entry1="255" entry2="252" type="PPrel">
        <subtype name="activation" value="--&gt;"/>
    </relation>
    <relation entry1="252" entry2="253" type="PPrel">
        <subtype name="activation" value="--&gt;"/>
    </relation>
    <relation entry1="253" entry2="278" type="PPrel">
        <subtype name="activation" value="--&gt;"/>
    </relation>
    <relation entry1="278" entry2="116" type="PPrel">
        <subtype name="activation" value="--&gt;"/>
    </relation>
    <relation entry1="116" entry2="254" type="PPrel">
        <subtype name="activation" value="--&gt;"/>
    </relation>
    <relation entry1="254" entry2="118" type="GErel">
        <subtype name="expression" value="--&gt;"/>
    </relation>
    <relation entry1="278" entry2="143" type="PCrel">
        <subtype name="activation" value="--&gt;"/>
    </relation>
    <relation entry1="191" entry2="196" type="GErel">
        <subtype name="expression" value="--&gt;"/>
    </relation>
</pathway>
