<?xml version="1.0"?>
<!DOCTYPE pathway SYSTEM "https://www.kegg.jp/kegg/xml/KGML_v0.7.2_.dtd">
<!-- Creation date: Jul 26, 2019 17:21:40 +0900 (GMT+9) -->
<pathway name="path:hsa04972" org="hsa" number="04972"
         title="Pancreatic secretion"
         image="https://www.kegg.jp/kegg/pathway/hsa/hsa04972.png"
         link="https://www.kegg.jp/kegg-bin/show_pathway?hsa04972">
    <entry id="41" name="path:hsa04972" type="map"
        link="https://www.kegg.jp/dbget-bin/www_bget?hsa04972">
        <graphics name="TITLE:Pancreatic secretion" fgcolor="#000000" bgcolor="#FFFFFF"
             type="roundrectangle" x="141" y="58" width="201" height="25"/>
    </entry>
    <entry id="42" name="path:hsa04530" type="map"
        link="https://www.kegg.jp/dbget-bin/www_bget?hsa04530">
        <graphics name="Tight junction" fgcolor="#000000" bgcolor="#FFFFFF"
             type="roundrectangle" x="670" y="152" width="115" height="25"/>
    </entry>
    <entry id="45" name="cpd:C01330" type="compound"
        link="https://www.kegg.jp/dbget-bin/www_bget?C01330">
        <graphics name="C01330" fgcolor="#000000" bgcolor="#FFFFFF"
             type="circle" x="109" y="417" width="8" height="8"/>
    </entry>
    <entry id="46" name="cpd:C00698" type="compound"
        link="https://www.kegg.jp/dbget-bin/www_bget?C00698">
        <graphics name="C00698" fgcolor="#000000" bgcolor="#FFFFFF"
             type="circle" x="109" y="395" width="8" height="8"/>
    </entry>
    <entry id="47" name="cpd:C00238" type="compound"
        link="https://www.kegg.jp/dbget-bin/www_bget?C00238">
        <graphics name="C00238" fgcolor="#000000" bgcolor="#FFFFFF"
             type="circle" x="109" y="375" width="8" height="8"/>
    </entry>
    <entry id="48" name="cpd:C01330" type="compound"
        link="https://www.kegg.jp/dbget-bin/www_bget?C01330">
        <graphics name="C01330" fgcolor="#000000" bgcolor="#FFFFFF"
             type="circle" x="162" y="696" width="8" height="8"/>
    </entry>
    <entry id="49" name="hsa:886" type="gene"
        link="https://www.kegg.jp/dbget-bin/www_bget?hsa:886">
        <graphics name="CCKAR, CCK-A, CCK1-R, CCK1R, CCKRA" fgcolor="#000000" bgcolor="#BFFFBF"
             type="rectangle" x="199" y="333" width="46" height="17"/>
    </entry>
    <entry id="50" name="hsa:1131" type="gene"
        link="https://www.kegg.jp/dbget-bin/www_bget?hsa:1131">
        <graphics name="CHRM3, EGBRS, HM3, PBS" fgcolor="#000000" bgcolor="#BFFFBF"
             type="rectangle" x="199" y="292" width="46" height="17"/>
    </entry>
    <entry id="51" name="hsa:6558" type="gene"
        link="https://www.kegg.jp/dbget-bin/www_bget?hsa:6558">
        <graphics name="SLC12A2, BSC, BSC-2, BSC2, CCC1, KILQS, NKCC1, PPP1R141" fgcolor="#000000" bgcolor="#BFFFBF"
             type="rectangle" x="199" y="399" width="46" height="17"/>
    </entry>
    <entry id="52" name="hsa:2776" type="gene"
        link="https://www.kegg.jp/dbget-bin/www_bget?hsa:2776">
        <graphics name="GNAQ, CMC1, G-ALPHA-q, GAQ, SWS" fgcolor="#000000" bgcolor="#BFFFBF"
             type="rectangle" x="294" y="293" width="46" height="17"/>
    </entry>
    <entry id="53" name="hsa:23236 hsa:5330 hsa:5331 hsa:5332" type="gene"
        link="https://www.kegg.jp/dbget-bin/www_bget?hsa:23236+hsa:5330+hsa:5331+hsa:5332">
        <graphics name="PLCB1, DEE12, EIEE12, PI-PLC, PLC-154, PLC-I, PLC-beta-1, PLC154, PLCB1A, PLCB1B..." fgcolor="#000000" bgcolor="#BFFFBF"
             type="rectangle" x="367" y="292" width="46" height="17"/>
    </entry>
    <entry id="54" name="hsa:3708 hsa:3709 hsa:3710" type="gene"
        link="https://www.kegg.jp/dbget-bin/www_bget?hsa:3708+hsa:3709+hsa:3710">
        <graphics name="ITPR1, ACV, CLA4, INSP3R1, IP3R, IP3R1, PPP1R94, SCA15, SCA16, SCA29..." fgcolor="#000000" bgcolor="#BFFFBF"
             type="rectangle" x="525" y="475" width="46" height="17"/>
    </entry>
    <entry id="55" name="cpd:C01245" type="compound"
        link="https://www.kegg.jp/dbget-bin/www_bget?C01245">
        <graphics name="C01245" fgcolor="#000000" bgcolor="#FFFFFF"
             type="circle" x="418" y="364" width="8" height="8"/>
    </entry>
    <entry id="56" name="cpd:C00076" type="compound"
        link="https://www.kegg.jp/dbget-bin/www_bget?C00076">
        <graphics name="C00076" fgcolor="#000000" bgcolor="#FFFFFF"
             type="circle" x="415" y="482" width="8" height="8"/>
    </entry>
    <entry id="62" name="hsa:490 hsa:491 hsa:492 hsa:493" type="gene"
        link="https://www.kegg.jp/dbget-bin/www_bget?hsa:490+hsa:491+hsa:492+hsa:493">
        <graphics name="ATP2B1, MRD66, PMCA1, PMCA1kb..." fgcolor="#000000" bgcolor="#BFFFBF"
             type="rectangle" x="199" y="531" width="46" height="17"/>
    </entry>
    <entry id="63" name="cpd:C00076" type="compound"
        link="https://www.kegg.jp/dbget-bin/www_bget?C00076">
        <graphics name="C00076" fgcolor="#000000" bgcolor="#FFFFFF"
             type="circle" x="249" y="530" width="8" height="8"/>
    </entry>
    <entry id="65" name="cpd:C00165" type="compound"
        link="https://www.kegg.jp/dbget-bin/www_bget?C00165">
        <graphics name="C00165" fgcolor="#000000" bgcolor="#FFFFFF"
             type="circle" x="400" y="253" width="8" height="8"/>
    </entry>
    <entry id="66" name="hsa:5578 hsa:5579 hsa:5582" type="gene"
        link="https://www.kegg.jp/dbget-bin/www_bget?hsa:5578+hsa:5579+hsa:5582">
        <graphics name="PRKCA, AAG6, PKC-alpha, PKCA, PKCI+/-, PKCalpha, PRKACA..." fgcolor="#000000" bgcolor="#BFFFBF"
             type="rectangle" x="479" y="257" width="46" height="17"/>
    </entry>
    <entry id="68" name="cpd:C01996" type="compound"
        link="https://www.kegg.jp/dbget-bin/www_bget?C01996">
        <graphics name="C01996" fgcolor="#000000" bgcolor="#FFFFFF"
             type="circle" x="131" y="291" width="8" height="8"/>
    </entry>
    <entry id="71" name="hsa:3784" type="gene"
        link="https://www.kegg.jp/dbget-bin/www_bget?hsa:3784">
        <graphics name="KCNQ1, ATFB1, ATFB3, JLNS1, KCNA8, KCNA9, KVLQT1, Kv1.9, Kv7.1, LQT, LQT1, RWS, SQT2, WRS" fgcolor="#000000" bgcolor="#BFFFBF"
             type="rectangle" x="199" y="463" width="46" height="17"/>
    </entry>
    <entry id="72" name="cpd:C00238" type="compound"
        link="https://www.kegg.jp/dbget-bin/www_bget?C00238">
        <graphics name="C00238" fgcolor="#000000" bgcolor="#FFFFFF"
             type="circle" x="262" y="463" width="8" height="8"/>
    </entry>
    <entry id="84" name="hsa:3778" type="gene"
        link="https://www.kegg.jp/dbget-bin/www_bget?hsa:3778">
        <graphics name="KCNMA1, BKTM, CADEDS, IEG16, KCa1.1, LIWAS, MaxiK, PNKD3, SAKCA, SLO, SLO-ALPHA, SLO1, bA205K10.1, hSlo, mSLO1" fgcolor="#000000" bgcolor="#BFFFBF"
             type="rectangle" x="199" y="500" width="46" height="17"/>
    </entry>
    <entry id="85" name="cpd:C00238" type="compound"
        link="https://www.kegg.jp/dbget-bin/www_bget?C00238">
        <graphics name="C00238" fgcolor="#000000" bgcolor="#FFFFFF"
             type="circle" x="263" y="500" width="8" height="8"/>
    </entry>
    <entry id="92" name="path:hsa04020" type="map"
        link="https://www.kegg.jp/dbget-bin/www_bget?hsa04020">
        <graphics name="Calcium signaling pathway" fgcolor="#000000" bgcolor="#FFFFFF"
             type="roundrectangle" x="375" y="409" width="107" height="34"/>
    </entry>
    <entry id="93" name="hsa:23439 hsa:476 hsa:477 hsa:478 hsa:480 hsa:481 hsa:482 hsa:483 hsa:486" type="gene"
        link="https://www.kegg.jp/dbget-bin/www_bget?hsa:23439+hsa:476+hsa:477+hsa:478+hsa:480+hsa:481+hsa:482+hsa:483+hsa:486">
        <graphics name="ATP1B4..." fgcolor="#000000" bgcolor="#BFFFBF"
             type="rectangle" x="199" y="430" width="46" height="17"/>
    </entry>
    <entry id="94" name="cpd:C01330" type="compound"
        link="https://www.kegg.jp/dbget-bin/www_bget?C01330">
        <graphics name="C01330" fgcolor="#000000" bgcolor="#FFFFFF"
             type="circle" x="262" y="435" width="8" height="8"/>
    </entry>
    <entry id="95" name="cpd:C00238" type="compound"
        link="https://www.kegg.jp/dbget-bin/www_bget?C00238">
        <graphics name="C00238" fgcolor="#000000" bgcolor="#FFFFFF"
             type="circle" x="147" y="426" width="8" height="8"/>
    </entry>
    <entry id="96" name="hsa:6548" type="gene"
        link="https://www.kegg.jp/dbget-bin/www_bget?hsa:6548">
        <graphics name="SLC9A1, APNH, LIKNS, NHE-1, NHE1, PPP1R143" fgcolor="#000000" bgcolor="#BFFFBF"
             type="rectangle" x="199" y="901" width="46" height="17"/>
    </entry>
    <entry id="97" name="cpd:C01330" type="compound"
        link="https://www.kegg.jp/dbget-bin/www_bget?C01330">
        <graphics name="C01330" fgcolor="#000000" bgcolor="#FFFFFF"
             type="circle" x="145" y="897" width="8" height="8"/>
    </entry>
    <entry id="98" name="cpd:C00080" type="compound"
        link="https://www.kegg.jp/dbget-bin/www_bget?C00080">
        <graphics name="C00080" fgcolor="#000000" bgcolor="#FFFFFF"
             type="circle" x="258" y="905" width="8" height="8"/>
    </entry>
    <entry id="99" name="cpd:C00698" type="compound"
        link="https://www.kegg.jp/dbget-bin/www_bget?C00698">
        <graphics name="C00698" fgcolor="#000000" bgcolor="#FFFFFF"
             type="circle" x="768" y="864" width="8" height="8"/>
    </entry>
    <entry id="100" name="cpd:C00288" type="compound"
        link="https://www.kegg.jp/dbget-bin/www_bget?C00288">
        <graphics name="C00288" fgcolor="#000000" bgcolor="#FFFFFF"
             type="circle" x="659" y="872" width="8" height="8"/>
    </entry>
    <entry id="101" name="cpd:C01353" type="compound"
        link="https://www.kegg.jp/dbget-bin/www_bget?C01353">
        <graphics name="C01353" fgcolor="#000000" bgcolor="#FFFFFF"
             type="circle" x="417" y="928" width="8" height="8"/>
    </entry>
    <entry id="102" name="cpd:C00001" type="compound"
        link="https://www.kegg.jp/dbget-bin/www_bget?C00001">
        <graphics name="C00001" fgcolor="#000000" bgcolor="#FFFFFF"
             type="circle" x="439" y="965" width="8" height="8"/>
    </entry>
    <entry id="103" name="cpd:C00011" type="compound"
        link="https://www.kegg.jp/dbget-bin/www_bget?C00011">
        <graphics name="C00011" fgcolor="#000000" bgcolor="#FFFFFF"
             type="circle" x="395" y="965" width="8" height="8"/>
    </entry>
    <entry id="107" name="hsa:1811" type="gene"
        link="https://www.kegg.jp/dbget-bin/www_bget?hsa:1811">
        <graphics name="SLC26A3, CLD, DRA" fgcolor="#000000" bgcolor="#BFFFBF"
             type="rectangle" x="702" y="868" width="46" height="17"/>
    </entry>
    <entry id="108" name="hsa:23439 hsa:476 hsa:477 hsa:478 hsa:480 hsa:481 hsa:482 hsa:483 hsa:486" type="gene"
        link="https://www.kegg.jp/dbget-bin/www_bget?hsa:23439+hsa:476+hsa:477+hsa:478+hsa:480+hsa:481+hsa:482+hsa:483+hsa:486">
        <graphics name="ATP1B4..." fgcolor="#000000" bgcolor="#BFFFBF"
             type="rectangle" x="199" y="938" width="46" height="17"/>
    </entry>
    <entry id="109" name="hsa:3778" type="gene"
        link="https://www.kegg.jp/dbget-bin/www_bget?hsa:3778">
        <graphics name="KCNMA1, BKTM, CADEDS, IEG16, KCa1.1, LIWAS, MaxiK, PNKD3, SAKCA, SLO, SLO-ALPHA, SLO1, bA205K10.1, hSlo, mSLO1" fgcolor="#000000" bgcolor="#BFFFBF"
             type="rectangle" x="199" y="837" width="46" height="17"/>
    </entry>
    <entry id="110" name="cpd:C00238" type="compound"
        link="https://www.kegg.jp/dbget-bin/www_bget?C00238">
        <graphics name="C00238" fgcolor="#000000" bgcolor="#FFFFFF"
             type="circle" x="145" y="934" width="8" height="8"/>
    </entry>
    <entry id="111" name="cpd:C01330" type="compound"
        link="https://www.kegg.jp/dbget-bin/www_bget?C01330">
        <graphics name="C01330" fgcolor="#000000" bgcolor="#FFFFFF"
             type="circle" x="258" y="942" width="8" height="8"/>
    </entry>
    <entry id="114" name="hsa:1080" type="gene"
        link="https://www.kegg.jp/dbget-bin/www_bget?hsa:1080">
        <graphics name="CFTR, ABC35, ABCC7, CF, CFTR/MRP, MRP7, TNR-CFTR, dJ760C5.1" fgcolor="#000000" bgcolor="#BFFFBF"
             type="rectangle" x="702" y="836" width="46" height="17"/>
    </entry>
    <entry id="115" name="hsa:6344" type="gene"
        link="https://www.kegg.jp/dbget-bin/www_bget?hsa:6344">
        <graphics name="SCTR, SR" fgcolor="#000000" bgcolor="#BFFFBF"
             type="rectangle" x="199" y="788" width="46" height="17"/>
    </entry>
    <entry id="116" name="hsa:6548" type="gene"
        link="https://www.kegg.jp/dbget-bin/www_bget?hsa:6548">
        <graphics name="SLC9A1, APNH, LIKNS, NHE-1, NHE1, PPP1R143" fgcolor="#000000" bgcolor="#BFFFBF"
             type="rectangle" x="199" y="566" width="46" height="17"/>
    </entry>
    <entry id="117" name="hsa:6522" type="gene"
        link="https://www.kegg.jp/dbget-bin/www_bget?hsa:6522">
        <graphics name="SLC4A2, AE2, BND3L, EPB3L1, HKB3, NBND3" fgcolor="#000000" bgcolor="#BFFFBF"
             type="rectangle" x="199" y="597" width="46" height="17"/>
    </entry>
    <entry id="118" name="cpd:C01330" type="compound"
        link="https://www.kegg.jp/dbget-bin/www_bget?C01330">
        <graphics name="C01330" fgcolor="#000000" bgcolor="#FFFFFF"
             type="circle" x="154" y="560" width="8" height="8"/>
    </entry>
    <entry id="119" name="cpd:C00080" type="compound"
        link="https://www.kegg.jp/dbget-bin/www_bget?C00080">
        <graphics name="C00080" fgcolor="#000000" bgcolor="#FFFFFF"
             type="circle" x="263" y="569" width="8" height="8"/>
    </entry>
    <entry id="120" name="cpd:C00288" type="compound"
        link="https://www.kegg.jp/dbget-bin/www_bget?C00288">
        <graphics name="C00288" fgcolor="#000000" bgcolor="#FFFFFF"
             type="circle" x="263" y="600" width="8" height="8"/>
    </entry>
    <entry id="121" name="cpd:C00698" type="compound"
        link="https://www.kegg.jp/dbget-bin/www_bget?C00698">
        <graphics name="C00698" fgcolor="#000000" bgcolor="#FFFFFF"
             type="circle" x="154" y="590" width="8" height="8"/>
    </entry>
    <entry id="125" name="cpd:C01330" type="compound"
        link="https://www.kegg.jp/dbget-bin/www_bget?C01330">
        <graphics name="C01330" fgcolor="#000000" bgcolor="#FFFFFF"
             type="circle" x="272" y="90" width="8" height="8"/>
    </entry>
    <entry id="126" name="hsa:1179 hsa:22802 hsa:9635" type="gene"
        link="https://www.kegg.jp/dbget-bin/www_bget?hsa:1179+hsa:22802+hsa:9635">
        <graphics name="CLCA1, CACC, CACC1, CLCRG1, CaCC-1, GOB5, hCLCA1, hCaCC-1..." fgcolor="#000000" bgcolor="#BFFFBF"
             type="rectangle" x="698" y="522" width="46" height="17"/>
    </entry>
    <entry id="127" name="cpd:C00698" type="compound"
        link="https://www.kegg.jp/dbget-bin/www_bget?C00698">
        <graphics name="C00698" fgcolor="#000000" bgcolor="#FFFFFF"
             type="circle" x="646" y="520" width="8" height="8"/>
    </entry>
    <entry id="128" name="cpd:C00238" type="compound"
        link="https://www.kegg.jp/dbget-bin/www_bget?C00238">
        <graphics name="C00238" fgcolor="#000000" bgcolor="#FFFFFF"
             type="circle" x="254" y="837" width="8" height="8"/>
    </entry>
    <entry id="129" name="cpd:C00698" type="compound"
        link="https://www.kegg.jp/dbget-bin/www_bget?C00698">
        <graphics name="C00698" fgcolor="#000000" bgcolor="#FFFFFF"
             type="circle" x="652" y="835" width="8" height="8"/>
    </entry>
    <entry id="130" name="cpd:C00575" type="compound"
        link="https://www.kegg.jp/dbget-bin/www_bget?C00575">
        <graphics name="C00575" fgcolor="#000000" bgcolor="#FFFFFF"
             type="circle" x="451" y="787" width="8" height="8"/>
    </entry>
    <entry id="134" name="hsa:760" type="gene"
        link="https://www.kegg.jp/dbget-bin/www_bget?hsa:760">
        <graphics name="CA2, CA-II, CAC, CAII, Car2, HEL-76, HEL-S-282" fgcolor="#000000" bgcolor="#BFFFBF"
             type="rectangle" x="448" y="949" width="46" height="17"/>
    </entry>
    <entry id="135" name="cpd:C00001" type="compound"
        link="https://www.kegg.jp/dbget-bin/www_bget?C00001">
        <graphics name="C00001" fgcolor="#000000" bgcolor="#FFFFFF"
             type="circle" x="365" y="568" width="8" height="8"/>
    </entry>
    <entry id="136" name="cpd:C00011" type="compound"
        link="https://www.kegg.jp/dbget-bin/www_bget?C00011">
        <graphics name="C00011" fgcolor="#000000" bgcolor="#FFFFFF"
             type="circle" x="365" y="603" width="8" height="8"/>
    </entry>
    <entry id="142" name="hsa:6262" type="gene"
        link="https://www.kegg.jp/dbget-bin/www_bget?hsa:6262">
        <graphics name="RYR2, ARVC2, ARVD2, RYR-2, RyR, VACRDS, VTSIP" fgcolor="#000000" bgcolor="#BFFFBF"
             type="rectangle" x="525" y="501" width="46" height="17"/>
    </entry>
    <entry id="143" name="hsa:219931" type="gene"
        link="https://www.kegg.jp/dbget-bin/www_bget?hsa:219931">
        <graphics name="TPCN2, SHEP10, TPC2" fgcolor="#000000" bgcolor="#BFFFBF"
             type="rectangle" x="525" y="600" width="46" height="17"/>
    </entry>
    <entry id="144" name="cpd:C13050" type="compound"
        link="https://www.kegg.jp/dbget-bin/www_bget?C13050">
        <graphics name="C13050" fgcolor="#000000" bgcolor="#FFFFFF"
             type="circle" x="445" y="534" width="8" height="8"/>
    </entry>
    <entry id="145" name="cpd:C13051" type="compound"
        link="https://www.kegg.jp/dbget-bin/www_bget?C13051">
        <graphics name="C13051" fgcolor="#000000" bgcolor="#FFFFFF"
             type="circle" x="457" y="630" width="8" height="8"/>
    </entry>
    <entry id="150" name="cpd:C00011" type="compound"
        link="https://www.kegg.jp/dbget-bin/www_bget?C00011">
        <graphics name="C00011" fgcolor="#000000" bgcolor="#FFFFFF"
             type="circle" x="153" y="642" width="8" height="8"/>
    </entry>
    <entry id="151" name="cpd:C00076" type="compound"
        link="https://www.kegg.jp/dbget-bin/www_bget?C00076">
        <graphics name="C00076" fgcolor="#000000" bgcolor="#FFFFFF"
             type="circle" x="457" y="599" width="8" height="8"/>
    </entry>
    <entry id="155" name="cpd:C00011" type="compound"
        link="https://www.kegg.jp/dbget-bin/www_bget?C00011">
        <graphics name="C00011" fgcolor="#000000" bgcolor="#FFFFFF"
             type="circle" x="150" y="963" width="8" height="8"/>
    </entry>
    <entry id="156" name="hsa:276 hsa:277 hsa:278 hsa:279 hsa:280" type="gene"
        link="https://www.kegg.jp/dbget-bin/www_bget?hsa:276+hsa:277+hsa:278+hsa:279+hsa:280">
        <graphics name="AMY1A, AMY1..." fgcolor="#000000" bgcolor="#BFFFBF"
             type="rectangle" x="765" y="368" width="46" height="17"/>
    </entry>
    <entry id="166" name="hsa:8671" type="gene"
        link="https://www.kegg.jp/dbget-bin/www_bget?hsa:8671">
        <graphics name="SLC4A4, HNBC1, KNBC, NBC1, NBC2, NBCe1, NBCe1-A, SLC4A5, hhNMC, kNBC1, pNBC" fgcolor="#000000" bgcolor="#BFFFBF"
             type="rectangle" x="199" y="867" width="46" height="17"/>
    </entry>
    <entry id="167" name="cpd:C01330" type="compound"
        link="https://www.kegg.jp/dbget-bin/www_bget?C01330">
        <graphics name="C01330" fgcolor="#000000" bgcolor="#FFFFFF"
             type="circle" x="145" y="862" width="8" height="8"/>
    </entry>
    <entry id="168" name="cpd:C00288" type="compound"
        link="https://www.kegg.jp/dbget-bin/www_bget?C00288">
        <graphics name="C00288" fgcolor="#000000" bgcolor="#FFFFFF"
             type="circle" x="145" y="872" width="8" height="8"/>
    </entry>
    <entry id="171" name="hsa:5644 hsa:5645 hsa:5646" type="gene"
        link="https://www.kegg.jp/dbget-bin/www_bget?hsa:5644+hsa:5645+hsa:5646">
        <graphics name="PRSS1, TRP1, TRY1, TRY4, TRYP1..." fgcolor="#000000" bgcolor="#BFFFBF"
             type="rectangle" x="765" y="403" width="46" height="17"/>
    </entry>
    <entry id="172" name="hsa:1357 hsa:1358 hsa:1359" type="gene"
        link="https://www.kegg.jp/dbget-bin/www_bget?hsa:1357+hsa:1358+hsa:1359">
        <graphics name="CPA1, CPA..." fgcolor="#000000" bgcolor="#BFFFBF"
             type="rectangle" x="765" y="469" width="46" height="17"/>
    </entry>
    <entry id="173" name="hsa:1360 hsa:1361" type="gene"
        link="https://www.kegg.jp/dbget-bin/www_bget?hsa:1360+hsa:1361">
        <graphics name="CPB1, CPB, PASP, PCPB..." fgcolor="#000000" bgcolor="#BFFFBF"
             type="rectangle" x="818" y="469" width="46" height="17"/>
    </entry>
    <entry id="174" name="hsa:10136 hsa:23436 hsa:51032 hsa:63036" type="gene"
        link="https://www.kegg.jp/dbget-bin/www_bget?hsa:10136+hsa:23436+hsa:51032+hsa:63036">
        <graphics name="CELA3A, ELA3, ELA3A..." fgcolor="#000000" bgcolor="#BFFFBF"
             type="rectangle" x="765" y="447" width="46" height="17"/>
    </entry>
    <entry id="175" name="hsa:5407" type="gene"
        link="https://www.kegg.jp/dbget-bin/www_bget?hsa:5407">
        <graphics name="PNLIPRP1, PLRP1" fgcolor="#000000" bgcolor="#BFFFBF"
             type="rectangle" x="891" y="447" width="46" height="17"/>
    </entry>
    <entry id="176" name="hsa:5408" type="gene"
        link="https://www.kegg.jp/dbget-bin/www_bget?hsa:5408">
        <graphics name="PNLIPRP2, PLRP2" fgcolor="#000000" bgcolor="#BFFFBF"
             type="rectangle" x="944" y="447" width="46" height="17"/>
    </entry>
    <entry id="177" name="hsa:1056" type="gene"
        link="https://www.kegg.jp/dbget-bin/www_bget?hsa:1056">
        <graphics name="CEL, BAL, BSDL, BSSL, CELL, CEase, FAP, FAPP, LIPA, MODY8" fgcolor="#000000" bgcolor="#BFFFBF"
             type="rectangle" x="891" y="469" width="46" height="17"/>
    </entry>
    <entry id="178" name="hsa:26279 hsa:30814 hsa:391013 hsa:50487 hsa:5319 hsa:5320 hsa:5322 hsa:64600 hsa:81579 hsa:8399 hsa:84647" type="gene"
        link="https://www.kegg.jp/dbget-bin/www_bget?hsa:26279+hsa:30814+hsa:391013+hsa:50487+hsa:5319+hsa:5320+hsa:5322+hsa:64600+hsa:81579+hsa:8399+hsa:84647">
        <graphics name="PLA2G2D, PLA2IID, SPLASH, sPLA2-IID, sPLA2S..." fgcolor="#000000" bgcolor="#BFFFBF"
             type="rectangle" x="944" y="469" width="46" height="17"/>
    </entry>
    <entry id="179" name="hsa:5406" type="gene"
        link="https://www.kegg.jp/dbget-bin/www_bget?hsa:5406">
        <graphics name="PNLIP, PL, PNLIPD, PTL" fgcolor="#000000" bgcolor="#BFFFBF"
             type="rectangle" x="891" y="425" width="46" height="17"/>
    </entry>
    <entry id="180" name="cpd:C00001" type="compound"
        link="https://www.kegg.jp/dbget-bin/www_bget?C00001">
        <graphics name="C00001" fgcolor="#000000" bgcolor="#FFFFFF"
             type="circle" x="162" y="708" width="8" height="8"/>
    </entry>
    <entry id="182" name="cpd:C00001" type="compound"
        link="https://www.kegg.jp/dbget-bin/www_bget?C00001">
        <graphics name="C00001" fgcolor="#000000" bgcolor="#FFFFFF"
             type="circle" x="268" y="102" width="8" height="8"/>
    </entry>
    <entry id="185" name="hsa:487 hsa:488 hsa:489" type="gene"
        link="https://www.kegg.jp/dbget-bin/www_bget?hsa:487+hsa:488+hsa:489">
        <graphics name="ATP2A1, ATP2A, SERCA1..." fgcolor="#000000" bgcolor="#BFFFBF"
             type="rectangle" x="608" y="543" width="46" height="17"/>
    </entry>
    <entry id="186" name="cpd:C00076" type="compound"
        link="https://www.kegg.jp/dbget-bin/www_bget?C00076">
        <graphics name="C00076" fgcolor="#000000" bgcolor="#FFFFFF"
             type="circle" x="650" y="542" width="8" height="8"/>
    </entry>
    <entry id="187" name="hsa:7220" type="gene"
        link="https://www.kegg.jp/dbget-bin/www_bget?hsa:7220">
        <graphics name="TRPC1, HTRP-1, TRP1" fgcolor="#000000" bgcolor="#BFFFBF"
             type="rectangle" x="199" y="370" width="46" height="17"/>
    </entry>
    <entry id="188" name="cpd:C00076" type="compound"
        link="https://www.kegg.jp/dbget-bin/www_bget?C00076">
        <graphics name="C00076" fgcolor="#000000" bgcolor="#FFFFFF"
             type="circle" x="147" y="370" width="8" height="8"/>
    </entry>
    <entry id="189" name="hsa:1504 hsa:440387" type="gene"
        link="https://www.kegg.jp/dbget-bin/www_bget?hsa:1504+hsa:440387">
        <graphics name="CTRB1, CTRB..." fgcolor="#000000" bgcolor="#BFFFBF"
             type="rectangle" x="765" y="425" width="46" height="17"/>
    </entry>
    <entry id="190" name="hsa:683 hsa:952" type="gene"
        link="https://www.kegg.jp/dbget-bin/www_bget?hsa:683+hsa:952">
        <graphics name="BST1, CD157, cADPR2..." fgcolor="#000000" bgcolor="#BFFFBF"
             type="rectangle" x="393" y="547" width="46" height="17"/>
    </entry>
    <entry id="192" name="hsa:2778" type="gene"
        link="https://www.kegg.jp/dbget-bin/www_bget?hsa:2778">
        <graphics name="GNAS, AHO, C20orf45, GNAS1, GPSA, GSA, GSP, NESP, PITA3, POH, SCG6, SgVI" fgcolor="#000000" bgcolor="#BFFFBF"
             type="rectangle" x="280" y="788" width="46" height="17"/>
    </entry>
    <entry id="193" name="hsa:107 hsa:108 hsa:109 hsa:111 hsa:112 hsa:113 hsa:114 hsa:115 hsa:196883" type="gene"
        link="https://www.kegg.jp/dbget-bin/www_bget?hsa:107+hsa:108+hsa:109+hsa:111+hsa:112+hsa:113+hsa:114+hsa:115+hsa:196883">
        <graphics name="ADCY1, AC1, DFNB44..." fgcolor="#000000" bgcolor="#BFFFBF"
             type="rectangle" x="361" y="788" width="46" height="17"/>
    </entry>
    <entry id="196" name="hsa:1506" type="gene"
        link="https://www.kegg.jp/dbget-bin/www_bget?hsa:1506">
        <graphics name="CTRL, CTRL1" fgcolor="#000000" bgcolor="#BFFFBF"
             type="rectangle" x="818" y="425" width="46" height="17"/>
    </entry>
    <entry id="197" name="hsa:4218 hsa:5874 hsa:8766 hsa:9545" type="gene"
        link="https://www.kegg.jp/dbget-bin/www_bget?hsa:4218+hsa:5874+hsa:8766+hsa:9545">
        <graphics name="RAB8A, MEL, RAB8..." fgcolor="#000000" bgcolor="#BFFFBF"
             type="rectangle" x="563" y="287" width="46" height="17"/>
    </entry>
    <entry id="198" name="hsa:5906 hsa:5908" type="gene"
        link="https://www.kegg.jp/dbget-bin/www_bget?hsa:5906+hsa:5908">
        <graphics name="RAP1A, C21KG, G-22K, KREV-1, KREV1, RAP1, SMGP21..." fgcolor="#000000" bgcolor="#BFFFBF"
             type="rectangle" x="615" y="325" width="46" height="17"/>
    </entry>
    <entry id="199" name="hsa:387" type="gene"
        link="https://www.kegg.jp/dbget-bin/www_bget?hsa:387">
        <graphics name="RHOA, ARH12, ARHA, EDFAOB, RHO12, RHOH12" fgcolor="#000000" bgcolor="#BFFFBF"
             type="rectangle" x="655" y="352" width="46" height="17"/>
    </entry>
    <entry id="200" name="hsa:5879" type="gene"
        link="https://www.kegg.jp/dbget-bin/www_bget?hsa:5879">
        <graphics name="RAC1, MIG5, MRD48, Rac-1, TC-25, p21-Rac1" fgcolor="#000000" bgcolor="#BFFFBF"
             type="rectangle" x="655" y="373" width="46" height="17"/>
    </entry>
    <entry id="201" name="path:hsa04973" type="map"
        link="https://www.kegg.jp/dbget-bin/www_bget?hsa04973">
        <graphics name="Carbohydrate digestion and absorption" fgcolor="#000000" bgcolor="#FFFFFF"
             type="roundrectangle" x="795" y="953" width="126" height="34"/>
    </entry>
    <entry id="202" name="path:hsa04974" type="map"
        link="https://www.kegg.jp/dbget-bin/www_bget?hsa04974">
        <graphics name="Protein digestion and absorption" fgcolor="#000000" bgcolor="#FFFFFF"
             type="roundrectangle" x="934" y="953" width="126" height="34"/>
    </entry>
    <entry id="203" name="path:hsa04975" type="map"
        link="https://www.kegg.jp/dbget-bin/www_bget?hsa04975">
        <graphics name="Fat digestion and absorption" fgcolor="#000000" bgcolor="#FFFFFF"
             type="roundrectangle" x="795" y="995" width="126" height="34"/>
    </entry>
    <entry id="204" name="path:hsa04977" type="map"
        link="https://www.kegg.jp/dbget-bin/www_bget?hsa04977">
        <graphics name="Vitamin digestion and absorption" fgcolor="#000000" bgcolor="#FFFFFF"
             type="roundrectangle" x="934" y="995" width="126" height="34"/>
    </entry>
    <entry id="205" name="hsa:6343" type="gene"
        link="https://www.kegg.jp/dbget-bin/www_bget?hsa:6343">
        <graphics name="SCT" fgcolor="#000000" bgcolor="#BFFFBF"
             type="rectangle" x="126" y="788" width="46" height="17"/>
    </entry>
    <entry id="209" name="hsa:885" type="gene"
        link="https://www.kegg.jp/dbget-bin/www_bget?hsa:885">
        <graphics name="CCK" fgcolor="#000000" bgcolor="#BFFFBF"
             type="rectangle" x="126" y="333" width="46" height="17"/>
    </entry>
    <relation entry1="49" entry2="52" type="PPrel">
        <subtype name="activation" value="--&gt;"/>
    </relation>
    <relation entry1="52" entry2="53" type="PPrel">
        <subtype name="activation" value="--&gt;"/>
    </relation>
    <relation entry1="53" entry2="65" type="PCrel">
        <subtype name="activation" value="--&gt;"/>
    </relation>
    <relation entry1="65" entry2="66" type="PCrel">
        <subtype name="activation" value="--&gt;"/>
    </relation>
    <relation entry1="68" entry2="50" type="PCrel">
        <subtype name="activation" value="--&gt;"/>
    </relation>
    <relation entry1="50" entry2="52" type="PPrel">
        <subtype name="activation" value="--&gt;"/>
    </relation>
    <relation entry1="53" entry2="55" type="PCrel">
        <subtype name="activation" value="--&gt;"/>
    </relation>
    <relation entry1="55" entry2="54" type="PCrel">
        <subtype name="activation" value="--&gt;"/>
    </relation>
    <relation entry1="56" entry2="71" type="PCrel">
        <subtype name="indirect effect" value="..&gt;"/>
    </relation>
    <relation entry1="190" entry2="144" type="PCrel">
        <subtype name="activation" value="--&gt;"/>
    </relation>
    <relation entry1="144" entry2="142" type="PCrel">
        <subtype name="activation" value="--&gt;"/>
    </relation>
    <relation entry1="151" entry2="142" type="PCrel">
        <subtype name="activation" value="--&gt;"/>
    </relation>
    <relation entry1="190" entry2="145" type="PCrel">
        <subtype name="activation" value="--&gt;"/>
    </relation>
    <relation entry1="145" entry2="143" type="PCrel">
        <subtype name="activation" value="--&gt;"/>
    </relation>
    <relation entry1="115" entry2="192" type="PPrel">
        <subtype name="activation" value="--&gt;"/>
    </relation>
    <relation entry1="192" entry2="193" type="PPrel">
        <subtype name="activation" value="--&gt;"/>
    </relation>
    <relation entry1="193" entry2="130" type="PCrel">
        <subtype name="activation" value="--&gt;"/>
    </relation>
    <relation entry1="49" entry2="190" type="PPrel">
        <subtype name="activation" value="--&gt;"/>
        <subtype name="indirect effect" value="..&gt;"/>
    </relation>
    <relation entry1="56" entry2="126" type="PCrel">
        <subtype name="activation" value="--&gt;"/>
    </relation>
    <relation entry1="130" entry2="109" type="PCrel">
        <subtype name="activation" value="--&gt;"/>
        <subtype name="indirect effect" value="..&gt;"/>
    </relation>
    <relation entry1="130" entry2="114" type="PCrel">
        <subtype name="activation" value="--&gt;"/>
        <subtype name="indirect effect" value="..&gt;"/>
    </relation>
    <relation entry1="56" entry2="84" type="PCrel">
        <subtype name="activation" value="--&gt;"/>
    </relation>
    <relation entry1="209" entry2="49" type="PPrel">
    </relation>
    <relation entry1="205" entry2="115" type="PPrel">
    </relation>
</pathway>
