<?xml version="1.0"?>
<!DOCTYPE pathway SYSTEM "https://www.kegg.jp/kegg/xml/KGML_v0.7.2_.dtd">
<!-- Creation date: Jun 25, 2013 09:56:38 +0900 (GMT+09:00) -->
<pathway name="path:hsa05322" org="hsa" number="05322"
         title="Systemic lupus erythematosus"
         image="https://www.kegg.jp/kegg/pathway/hsa/hsa05322.png"
         link="https://www.kegg.jp/kegg-bin/show_pathway?hsa05322">
    <entry id="37" name="hsa:102723407" type="gene"
        link="https://www.kegg.jp/dbget-bin/www_bget?hsa:102723407">
        <graphics name="IGH, IGH@, IGHV4, IGHV4-30, IGHV4-38-2, IGHV4-b, IGVH, IGVH4-39, IGVH4-b, IGVH4b, IgA, IgT, ighv" fgcolor="#000000" bgcolor="#BFFFBF"
             type="rectangle" x="636" y="423" width="46" height="17"/>
    </entry>
    <entry id="48" name="hsa:2209 hsa:2212 hsa:2214 hsa:2215" type="gene"
        link="https://www.kegg.jp/dbget-bin/www_bget?hsa:2209+hsa:2212+hsa:2214+hsa:2215">
        <graphics name="FCGR1A, CD64, CD64A, FCG1, FCGR1, FCRI, FcgammaRI, IGFR1..." fgcolor="#000000" bgcolor="#BFFFBF"
             type="rectangle" x="1078" y="601" width="46" height="17"/>
    </entry>
    <entry id="49" name="hsa:2209 hsa:2212 hsa:2214 hsa:2215" type="gene"
        link="https://www.kegg.jp/dbget-bin/www_bget?hsa:2209+hsa:2212+hsa:2214+hsa:2215">
        <graphics name="FCGR1A, CD64, CD64A, FCG1, FCGR1, FCRI, FcgammaRI, IGFR1..." fgcolor="#000000" bgcolor="#BFFFBF"
             type="rectangle" x="1079" y="702" width="46" height="17"/>
    </entry>
    <entry id="50" name="hsa:102723407" type="gene"
        link="https://www.kegg.jp/dbget-bin/www_bget?hsa:102723407">
        <graphics name="IGH, IGH@, IGHV4, IGHV4-30, IGHV4-38-2, IGHV4-b, IGVH, IGVH4-39, IGVH4-b, IGVH4b, IgA, IgT, ighv" fgcolor="#000000" bgcolor="#BFFFBF"
             type="rectangle" x="1156" y="601" width="46" height="17"/>
    </entry>
    <entry id="51" name="hsa:102723407" type="gene"
        link="https://www.kegg.jp/dbget-bin/www_bget?hsa:102723407">
        <graphics name="IGH, IGH@, IGHV4, IGHV4-30, IGHV4-38-2, IGHV4-b, IGVH, IGVH4-39, IGVH4-b, IGVH4b, IgA, IgT, ighv" fgcolor="#000000" bgcolor="#BFFFBF"
             type="rectangle" x="1158" y="702" width="46" height="17"/>
    </entry>
    <entry id="52" name="cpd:C00027" type="compound"
        link="https://www.kegg.jp/dbget-bin/www_bget?C00027">
        <graphics name="C00027" fgcolor="#000000" bgcolor="#FFFFFF"
             type="circle" x="1146" y="549" width="8" height="8"/>
    </entry>
    <entry id="53" name="hsa:102723407" type="gene"
        link="https://www.kegg.jp/dbget-bin/www_bget?hsa:102723407">
        <graphics name="IGH, IGH@, IGHV4, IGHV4-30, IGHV4-38-2, IGHV4-b, IGVH, IGVH4-39, IGVH4-b, IGVH4b, IgA, IgT, ighv" fgcolor="#000000" bgcolor="#BFFFBF"
             type="rectangle" x="1151" y="153" width="46" height="17"/>
    </entry>
    <entry id="54" name="hsa:102723407" type="gene"
        link="https://www.kegg.jp/dbget-bin/www_bget?hsa:102723407">
        <graphics name="IGH, IGH@, IGHV4, IGHV4-30, IGHV4-38-2, IGHV4-b, IGVH, IGVH4-39, IGVH4-b, IGVH4b, IgA, IgT, ighv" fgcolor="#000000" bgcolor="#BFFFBF"
             type="rectangle" x="817" y="449" width="46" height="17"/>
    </entry>
    <entry id="55" name="hsa:1991" type="gene"
        link="https://www.kegg.jp/dbget-bin/www_bget?hsa:1991">
        <graphics name="ELANE, ELA2, GE, HLE, HNE, NE, PMN-E, SCN1" fgcolor="#000000" bgcolor="#BFFFBF"
             type="rectangle" x="1145" y="533" width="46" height="17"/>
    </entry>
    <entry id="56" name="hsa:1511" type="gene"
        link="https://www.kegg.jp/dbget-bin/www_bget?hsa:1511">
        <graphics name="CTSG, CATG, CG" fgcolor="#000000" bgcolor="#BFFFBF"
             type="rectangle" x="1145" y="512" width="46" height="17"/>
    </entry>
    <entry id="57" name="hsa:727" type="gene"
        link="https://www.kegg.jp/dbget-bin/www_bget?hsa:727">
        <graphics name="C5, C5D, C5a, C5b, CPAMD4, ECLZB" fgcolor="#000000" bgcolor="#BFFFBF"
             type="rectangle" x="965" y="386" width="46" height="17"/>
    </entry>
    <entry id="58" name="hsa:720 hsa:721" type="gene"
        link="https://www.kegg.jp/dbget-bin/www_bget?hsa:720+hsa:721">
        <graphics name="C4A, C4, C4A2, C4A3, C4A4, C4A6, C4AD, C4S, CO4, CPAMD2, RG..." fgcolor="#000000" bgcolor="#BFFFBF"
             type="rectangle" x="943" y="191" width="46" height="17"/>
    </entry>
    <entry id="59" name="hsa:718" type="gene"
        link="https://www.kegg.jp/dbget-bin/www_bget?hsa:718">
        <graphics name="C3, AHUS5, ARMD9, ASP, C3a, C3b, CPAMD1, HEL-S-62p" fgcolor="#000000" bgcolor="#BFFFBF"
             type="rectangle" x="943" y="273" width="46" height="17"/>
    </entry>
    <entry id="60" name="hsa:717" type="gene"
        link="https://www.kegg.jp/dbget-bin/www_bget?hsa:717">
        <graphics name="C2, ARMD14, CO2" fgcolor="#000000" bgcolor="#BFFFBF"
             type="rectangle" x="943" y="212" width="46" height="17"/>
    </entry>
    <entry id="61" name="hsa:716" type="gene"
        link="https://www.kegg.jp/dbget-bin/www_bget?hsa:716">
        <graphics name="C1S, EDSPD2" fgcolor="#000000" bgcolor="#BFFFBF"
             type="rectangle" x="1027" y="162" width="46" height="17"/>
    </entry>
    <entry id="62" name="hsa:712 hsa:713 hsa:714" type="gene"
        link="https://www.kegg.jp/dbget-bin/www_bget?hsa:712+hsa:713+hsa:714">
        <graphics name="C1QA..." fgcolor="#000000" bgcolor="#BFFFBF"
             type="rectangle" x="1073" y="153" width="46" height="17"/>
    </entry>
    <entry id="63" name="hsa:715" type="gene"
        link="https://www.kegg.jp/dbget-bin/www_bget?hsa:715">
        <graphics name="C1R, EDSPD1" fgcolor="#000000" bgcolor="#BFFFBF"
             type="rectangle" x="1027" y="145" width="46" height="17"/>
    </entry>
    <entry id="64" name="hsa:729" type="gene"
        link="https://www.kegg.jp/dbget-bin/www_bget?hsa:729">
        <graphics name="C6" fgcolor="#000000" bgcolor="#BFFFBF"
             type="rectangle" x="1109" y="386" width="46" height="17"/>
    </entry>
    <entry id="65" name="hsa:730" type="gene"
        link="https://www.kegg.jp/dbget-bin/www_bget?hsa:730">
        <graphics name="C7" fgcolor="#000000" bgcolor="#BFFFBF"
             type="rectangle" x="1158" y="386" width="46" height="17"/>
    </entry>
    <entry id="66" name="hsa:731 hsa:732 hsa:733" type="gene"
        link="https://www.kegg.jp/dbget-bin/www_bget?hsa:731+hsa:732+hsa:733">
        <graphics name="C8A..." fgcolor="#000000" bgcolor="#BFFFBF"
             type="rectangle" x="1109" y="407" width="46" height="17"/>
    </entry>
    <entry id="67" name="hsa:727 hsa:729 hsa:730 hsa:731 hsa:732 hsa:733" type="gene"
        link="https://www.kegg.jp/dbget-bin/www_bget?hsa:727+hsa:729+hsa:730+hsa:731+hsa:732+hsa:733">
        <graphics name="C5, C5D, C5a, C5b, CPAMD4, ECLZB..." fgcolor="#000000" bgcolor="#BFFFBF"
             type="rectangle" x="1250" y="355" width="46" height="17"/>
    </entry>
    <entry id="68" name="hsa:735" type="gene"
        link="https://www.kegg.jp/dbget-bin/www_bget?hsa:735">
        <graphics name="C9, ARMD15, C9D" fgcolor="#000000" bgcolor="#BFFFBF"
             type="rectangle" x="1158" y="407" width="46" height="17"/>
    </entry>
    <entry id="69" name="hsa:7124" type="gene"
        link="https://www.kegg.jp/dbget-bin/www_bget?hsa:7124">
        <graphics name="TNF, DIF, TNF-alpha, TNFA, TNFSF2, TNLG1F" fgcolor="#000000" bgcolor="#BFFFBF"
             type="rectangle" x="550" y="531" width="46" height="17"/>
    </entry>
    <entry id="70" name="hsa:3458" type="gene"
        link="https://www.kegg.jp/dbget-bin/www_bget?hsa:3458">
        <graphics name="IFNG, IFG, IFI, IMD69" fgcolor="#000000" bgcolor="#BFFFBF"
             type="rectangle" x="550" y="558" width="46" height="17"/>
    </entry>
    <entry id="71" name="hsa:3586" type="gene"
        link="https://www.kegg.jp/dbget-bin/www_bget?hsa:3586">
        <graphics name="IL10, CSIF, GVHDS, IL-10, IL10A, TGIF" fgcolor="#000000" bgcolor="#BFFFBF"
             type="rectangle" x="550" y="580" width="46" height="17"/>
    </entry>
    <entry id="72" name="hsa:712 hsa:713 hsa:714" type="gene"
        link="https://www.kegg.jp/dbget-bin/www_bget?hsa:712+hsa:713+hsa:714">
        <graphics name="C1QA..." fgcolor="#000000" bgcolor="#BFFFBF"
             type="rectangle" x="700" y="647" width="46" height="17"/>
    </entry>
    <entry id="73" name="hsa:720 hsa:721" type="gene"
        link="https://www.kegg.jp/dbget-bin/www_bget?hsa:720+hsa:721">
        <graphics name="C4A, C4, C4A2, C4A3, C4A4, C4A6, C4AD, C4S, CO4, CPAMD2, RG..." fgcolor="#000000" bgcolor="#BFFFBF"
             type="rectangle" x="753" y="647" width="46" height="17"/>
    </entry>
    <entry id="74" name="hsa:712 hsa:713 hsa:714" type="gene"
        link="https://www.kegg.jp/dbget-bin/www_bget?hsa:712+hsa:713+hsa:714">
        <graphics name="C1QA..." fgcolor="#000000" bgcolor="#BFFFBF"
             type="rectangle" x="279" y="150" width="46" height="17"/>
    </entry>
    <entry id="75" name="hsa:720 hsa:721" type="gene"
        link="https://www.kegg.jp/dbget-bin/www_bget?hsa:720+hsa:721">
        <graphics name="C4A, C4, C4A2, C4A3, C4A4, C4A6, C4AD, C4S, CO4, CPAMD2, RG..." fgcolor="#000000" bgcolor="#BFFFBF"
             type="rectangle" x="332" y="150" width="46" height="17"/>
    </entry>
    <entry id="76" name="hsa:717" type="gene"
        link="https://www.kegg.jp/dbget-bin/www_bget?hsa:717">
        <graphics name="C2, ARMD14, CO2" fgcolor="#000000" bgcolor="#BFFFBF"
             type="rectangle" x="306" y="127" width="46" height="17"/>
    </entry>
    <entry id="77" name="hsa:717" type="gene"
        link="https://www.kegg.jp/dbget-bin/www_bget?hsa:717">
        <graphics name="C2, ARMD14, CO2" fgcolor="#000000" bgcolor="#BFFFBF"
             type="rectangle" x="726" y="670" width="46" height="17"/>
    </entry>
    <entry id="78" name="hsa:941 hsa:942" type="gene"
        link="https://www.kegg.jp/dbget-bin/www_bget?hsa:941+hsa:942">
        <graphics name="CD80, B7, B7-1, B7.1, BB1, CD28LG, CD28LG1, LAB7..." fgcolor="#000000" bgcolor="#BFFFBF"
             type="rectangle" x="206" y="480" width="46" height="17"/>
    </entry>
    <entry id="79" name="hsa:940" type="gene"
        link="https://www.kegg.jp/dbget-bin/www_bget?hsa:940">
        <graphics name="CD28, Tp44" fgcolor="#000000" bgcolor="#BFFFBF"
             type="rectangle" x="288" y="480" width="46" height="17"/>
    </entry>
    <entry id="80" name="hsa:3108 hsa:3109 hsa:3111 hsa:3112 hsa:3113 hsa:3115 hsa:3117 hsa:3118 hsa:3119 hsa:3122 hsa:3123 hsa:3125 hsa:3126 hsa:3127" type="gene"
        link="https://www.kegg.jp/dbget-bin/www_bget?hsa:3108+hsa:3109+hsa:3111+hsa:3112+hsa:3113+hsa:3115+hsa:3117+hsa:3118+hsa:3119+hsa:3122+hsa:3123+hsa:3125+hsa:3126+hsa:3127">
        <graphics name="HLA-DMA, D6S222E, DMA, HLADM, RING6..." fgcolor="#000000" bgcolor="#BFFFBF"
             type="rectangle" x="206" y="457" width="46" height="17"/>
    </entry>
    <entry id="81" name="ko:K10784 ko:K10785" type="ortholog"
        link="https://www.kegg.jp/dbget-bin/www_bget?K10784+K10785">
        <graphics name="K10784..." fgcolor="#000000" bgcolor="#FFFFFF"
             type="rectangle" x="288" y="457" width="46" height="17"/>
    </entry>
    <entry id="82" name="hsa:3108 hsa:3109 hsa:3111 hsa:3112 hsa:3113 hsa:3115 hsa:3117 hsa:3118 hsa:3119 hsa:3122 hsa:3123 hsa:3125 hsa:3126 hsa:3127" type="gene"
        link="https://www.kegg.jp/dbget-bin/www_bget?hsa:3108+hsa:3109+hsa:3111+hsa:3112+hsa:3113+hsa:3115+hsa:3117+hsa:3118+hsa:3119+hsa:3122+hsa:3123+hsa:3125+hsa:3126+hsa:3127">
        <graphics name="HLA-DMA, D6S222E, DMA, HLADM, RING6..." fgcolor="#000000" bgcolor="#BFFFBF"
             type="rectangle" x="594" y="481" width="46" height="17"/>
    </entry>
    <entry id="83" name="ko:K10784 ko:K10785" type="ortholog"
        link="https://www.kegg.jp/dbget-bin/www_bget?K10784+K10785">
        <graphics name="K10784..." fgcolor="#000000" bgcolor="#FFFFFF"
             type="rectangle" x="513" y="481" width="46" height="17"/>
    </entry>
    <entry id="84" name="hsa:959" type="gene"
        link="https://www.kegg.jp/dbget-bin/www_bget?hsa:959">
        <graphics name="CD40LG, CD154, CD40L, HIGM1, IGM, IMD3, T-BAM, TNFSF5, TRAP, gp39, hCD40L" fgcolor="#000000" bgcolor="#BFFFBF"
             type="rectangle" x="513" y="455" width="46" height="17"/>
    </entry>
    <entry id="85" name="hsa:958" type="gene"
        link="https://www.kegg.jp/dbget-bin/www_bget?hsa:958">
        <graphics name="CD40, Bp50, CDW40, TNFRSF5, p50" fgcolor="#000000" bgcolor="#BFFFBF"
             type="rectangle" x="594" y="455" width="46" height="17"/>
    </entry>
    <entry id="86" name="path:hsa04660" type="map"
        link="https://www.kegg.jp/dbget-bin/www_bget?hsa04660">
        <graphics name="T cell receptor signaling pathway" fgcolor="#000000" bgcolor="#FFFFFF"
             type="roundrectangle" x="343" y="389" width="113" height="34"/>
    </entry>
    <entry id="87" name="path:hsa04514" type="map"
        link="https://www.kegg.jp/dbget-bin/www_bget?hsa04514">
        <graphics name="Cell adhesion molecules" fgcolor="#000000" bgcolor="#FFFFFF"
             type="roundrectangle" x="539" y="388" width="113" height="34"/>
    </entry>
    <entry id="88" name="path:hsa04612" type="map"
        link="https://www.kegg.jp/dbget-bin/www_bget?hsa04612">
        <graphics name="Antigen processing and presentation" fgcolor="#000000" bgcolor="#FFFFFF"
             type="roundrectangle" x="242" y="562" width="113" height="34"/>
    </entry>
    <entry id="89" name="path:hsa04060" type="map"
        link="https://www.kegg.jp/dbget-bin/www_bget?hsa04060">
        <graphics name="Cytokine-cytokine receptor interaction" fgcolor="#000000" bgcolor="#FFFFFF"
             type="roundrectangle" x="394" y="636" width="113" height="34"/>
    </entry>
    <entry id="90" name="path:hsa04630" type="map"
        link="https://www.kegg.jp/dbget-bin/www_bget?hsa04630">
        <graphics name="JAK-STAT signaling pathway" fgcolor="#000000" bgcolor="#FFFFFF"
             type="roundrectangle" x="394" y="703" width="113" height="34"/>
    </entry>
    <entry id="91" name="path:hsa04610" type="map"
        link="https://www.kegg.jp/dbget-bin/www_bget?hsa04610">
        <graphics name="Complement and coagulation cascades" fgcolor="#000000" bgcolor="#FFFFFF"
             type="roundrectangle" x="1068" y="213" width="113" height="34"/>
    </entry>
    <entry id="92" name="path:hsa04670" type="map"
        link="https://www.kegg.jp/dbget-bin/www_bget?hsa04670">
        <graphics name="Leukocyte transendothelial migration" fgcolor="#000000" bgcolor="#FFFFFF"
             type="roundrectangle" x="898" y="655" width="113" height="45"/>
    </entry>
    <entry id="93" name="path:hsa04662" type="map"
        link="https://www.kegg.jp/dbget-bin/www_bget?hsa04662">
        <graphics name="B cell receptor signaling pathway" fgcolor="#000000" bgcolor="#FFFFFF"
             type="roundrectangle" x="703" y="348" width="113" height="34"/>
    </entry>
    <entry id="94" name="cpd:C00434" type="compound"
        link="https://www.kegg.jp/dbget-bin/www_bget?C00434">
        <graphics name="C00434" fgcolor="#000000" bgcolor="#FFFFFF"
             type="circle" x="457" y="139" width="8" height="8"/>
    </entry>
    <entry id="95" name="cpd:C02737" type="compound"
        link="https://www.kegg.jp/dbget-bin/www_bget?C02737">
        <graphics name="C02737" fgcolor="#000000" bgcolor="#FFFFFF"
             type="circle" x="474" y="208" width="8" height="8"/>
    </entry>
    <entry id="96" name="hsa:221613 hsa:3012 hsa:3013 hsa:3014 hsa:3015 hsa:317772 hsa:474381 hsa:474382 hsa:55506 hsa:55766 hsa:723790 hsa:8329 hsa:8330 hsa:8331 hsa:8332 hsa:8334 hsa:8335 hsa:8336 hsa:8337 hsa:8338 hsa:83740 hsa:85235 hsa:8969 hsa:92815 hsa:94239 hsa:9555" type="gene"
        link="https://www.kegg.jp/dbget-bin/www_bget?hsa:221613+hsa:3012+hsa:3013+hsa:3014+hsa:3015+hsa:317772+hsa:474381+hsa:474382+hsa:55506+hsa:55766+hsa:723790+hsa:8329+hsa:8330+hsa:8331+hsa:8332+hsa:8334+hsa:8335+hsa:8336+hsa:8337+hsa:8338+hsa:83740+hsa:85235+hsa:8969+hsa:92815+hsa:94239+hsa:9555">
        <graphics name="H2AC1, H2AA, H2AFR, HIST1H2AA, HISTH2AA, TH2A, bA317E16.2..." fgcolor="#000000" bgcolor="#BFFFBF"
             type="rectangle" x="519" y="149" width="46" height="17"/>
    </entry>
    <entry id="97" name="hsa:102724334 hsa:114483833 hsa:128312 hsa:158983 hsa:255626 hsa:286436 hsa:3017 hsa:3018 hsa:440689 hsa:54145 hsa:8339 hsa:8340 hsa:8341 hsa:8342 hsa:8343 hsa:8344 hsa:8345 hsa:8346 hsa:8347 hsa:8348 hsa:8349 hsa:85236 hsa:8970" type="gene"
        link="https://www.kegg.jp/dbget-bin/www_bget?hsa:102724334+hsa:114483833+hsa:128312+hsa:158983+hsa:255626+hsa:286436+hsa:3017+hsa:3018+hsa:440689+hsa:54145+hsa:8339+hsa:8340+hsa:8341+hsa:8342+hsa:8343+hsa:8344+hsa:8345+hsa:8346+hsa:8347+hsa:8348+hsa:8349+hsa:85236+hsa:8970">
        <graphics name="102724334..." fgcolor="#000000" bgcolor="#BFFFBF"
             type="rectangle" x="571" y="149" width="46" height="17"/>
    </entry>
    <entry id="98" name="hsa:126961 hsa:3020 hsa:3021 hsa:333932 hsa:440093 hsa:653604 hsa:8290 hsa:8350 hsa:8351 hsa:8352 hsa:8353 hsa:8354 hsa:8355 hsa:8356 hsa:8357 hsa:8358 hsa:8968" type="gene"
        link="https://www.kegg.jp/dbget-bin/www_bget?hsa:126961+hsa:3020+hsa:3021+hsa:333932+hsa:440093+hsa:653604+hsa:8290+hsa:8350+hsa:8351+hsa:8352+hsa:8353+hsa:8354+hsa:8355+hsa:8356+hsa:8357+hsa:8358+hsa:8968">
        <graphics name="H3C14, H3, H3.2, H3/M, H3C13, H3C15, H3F2, H3FM, H3FN, HIST2H3C..." fgcolor="#000000" bgcolor="#BFFFBF"
             type="rectangle" x="519" y="171" width="46" height="17"/>
    </entry>
    <entry id="99" name="hsa:121504 hsa:554313 hsa:8294 hsa:8359 hsa:8360 hsa:8361 hsa:8362 hsa:8363 hsa:8364 hsa:8365 hsa:8366 hsa:8367 hsa:8368 hsa:8369 hsa:8370" type="gene"
        link="https://www.kegg.jp/dbget-bin/www_bget?hsa:121504+hsa:554313+hsa:8294+hsa:8359+hsa:8360+hsa:8361+hsa:8362+hsa:8363+hsa:8364+hsa:8365+hsa:8366+hsa:8367+hsa:8368+hsa:8369+hsa:8370">
        <graphics name="H4C16, H4-16, H4/p, H4C1, H4C11, H4C12, H4C13, H4C14, H4C15, H4C2, H4C3, H4C4, H4C5, H4C6, H4C8, H4C9, HIST4H4..." fgcolor="#000000" bgcolor="#BFFFBF"
             type="rectangle" x="571" y="171" width="46" height="17"/>
    </entry>
    <entry id="100" name="hsa:6737 hsa:6738" type="gene"
        link="https://www.kegg.jp/dbget-bin/www_bget?hsa:6737+hsa:6738">
        <graphics name="TRIM21, RNF81, RO52, Ro/SSA, SSA, SSA1..." fgcolor="#000000" bgcolor="#BFFFBF"
             type="rectangle" x="542" y="211" width="46" height="17"/>
    </entry>
    <entry id="101" name="hsa:6628" type="gene"
        link="https://www.kegg.jp/dbget-bin/www_bget?hsa:6628">
        <graphics name="SNRPB, CCMS, COD, SNRPB1, Sm-B/B', SmB/B', SmB/SmB', snRNP-B" fgcolor="#000000" bgcolor="#BFFFBF"
             type="rectangle" x="636" y="149" width="46" height="17"/>
    </entry>
    <entry id="102" name="hsa:6632 hsa:6634" type="gene"
        link="https://www.kegg.jp/dbget-bin/www_bget?hsa:6632+hsa:6634">
        <graphics name="SNRPD1, HsT2456, SMD1, SNRPD, Sm-D1..." fgcolor="#000000" bgcolor="#BFFFBF"
             type="rectangle" x="636" y="171" width="46" height="17"/>
    </entry>
    <entry id="103" name="hsa:2903" type="gene"
        link="https://www.kegg.jp/dbget-bin/www_bget?hsa:2903">
        <graphics name="GRIN2A, EPND, FESD, GluN2A, LKS, NMDAR2A, NR2A" fgcolor="#000000" bgcolor="#BFFFBF"
             type="rectangle" x="701" y="149" width="46" height="17"/>
    </entry>
    <entry id="104" name="hsa:81 hsa:87" type="gene"
        link="https://www.kegg.jp/dbget-bin/www_bget?hsa:81+hsa:87">
        <graphics name="ACTN4, ACTININ-4, FSGS, FSGS1..." fgcolor="#000000" bgcolor="#BFFFBF"
             type="rectangle" x="648" y="211" width="46" height="17"/>
    </entry>
    <entry id="105" name="hsa:712 hsa:713 hsa:714" type="gene"
        link="https://www.kegg.jp/dbget-bin/www_bget?hsa:712+hsa:713+hsa:714">
        <graphics name="C1QA..." fgcolor="#000000" bgcolor="#BFFFBF"
             type="rectangle" x="701" y="211" width="46" height="17"/>
    </entry>
    <entry id="106" name="hsa:6741" type="gene"
        link="https://www.kegg.jp/dbget-bin/www_bget?hsa:6741">
        <graphics name="SSB, LARP3, La, La/SSB" fgcolor="#000000" bgcolor="#BFFFBF"
             type="rectangle" x="595" y="211" width="46" height="17"/>
    </entry>
    <entry id="107" name="hsa:2904" type="gene"
        link="https://www.kegg.jp/dbget-bin/www_bget?hsa:2904">
        <graphics name="GRIN2B, DEE27, EIEE27, GluN2B, MRD6, NMDAR2B, NR2B, NR3, hNR3" fgcolor="#000000" bgcolor="#BFFFBF"
             type="rectangle" x="701" y="171" width="46" height="17"/>
    </entry>
    <entry id="221" name="path:hsa05322" type="map"
        link="https://www.kegg.jp/dbget-bin/www_bget?hsa05322">
        <graphics name="TITLE:Systemic lupus erythematosus" fgcolor="#000000" bgcolor="#FFFFFF"
             type="roundrectangle" x="176" y="58" width="272" height="25"/>
    </entry>
    <entry id="222" name="undefined" type="group">
        <graphics fgcolor="#000000" bgcolor="#FFFFFF"
             type="rectangle" x="943" y="201" width="46" height="38"/>
        <component id="58"/>
        <component id="60"/>
    </entry>
    <entry id="223" name="undefined" type="group">
        <graphics fgcolor="#000000" bgcolor="#FFFFFF"
             type="rectangle" x="1050" y="153" width="92" height="34"/>
        <component id="61"/>
        <component id="62"/>
        <component id="63"/>
    </entry>
    <relation entry1="78" entry2="79" type="PPrel">
        <subtype name="activation" value="--&gt;"/>
    </relation>
    <relation entry1="84" entry2="85" type="PPrel">
        <subtype name="activation" value="--&gt;"/>
    </relation>
    <relation entry1="222" entry2="59" type="PPrel">
        <subtype name="activation" value="--&gt;"/>
    </relation>
    <relation entry1="223" entry2="222" type="PPrel">
        <subtype name="activation" value="--&gt;"/>
    </relation>
    <relation entry1="53" entry2="223" type="PPrel">
        <subtype name="activation" value="--&gt;"/>
    </relation>
    <relation entry1="51" entry2="49" type="PPrel">
        <subtype name="activation" value="--&gt;"/>
    </relation>
    <relation entry1="50" entry2="48" type="PPrel">
        <subtype name="activation" value="--&gt;"/>
    </relation>
</pathway>
