<?xml version="1.0"?>
<!DOCTYPE pathway SYSTEM "https://www.kegg.jp/kegg/xml/KGML_v0.7.2_.dtd">
<!-- Creation date: Jul 9, 2019 15:37:48 +0900 (GMT+9) -->
<pathway name="path:hsa05110" org="hsa" number="05110"
         title="Vibrio cholerae infection"
         image="https://www.kegg.jp/kegg/pathway/hsa/hsa05110.png"
         link="https://www.kegg.jp/kegg-bin/show_pathway?hsa05110">
    <entry id="29" name="ko:K10935" type="ortholog"
        link="https://www.kegg.jp/dbget-bin/www_bget?K10935">
        <graphics name="K10935" fgcolor="#000000" bgcolor="#FFFFFF"
             type="rectangle" x="199" y="666" width="46" height="17"/>
    </entry>
    <entry id="30" name="ko:K10934" type="ortholog"
        link="https://www.kegg.jp/dbget-bin/www_bget?K10934">
        <graphics name="K10934" fgcolor="#000000" bgcolor="#FFFFFF"
             type="rectangle" x="151" y="666" width="46" height="17"/>
    </entry>
    <entry id="31" name="ko:K10933" type="ortholog"
        link="https://www.kegg.jp/dbget-bin/www_bget?K10933">
        <graphics name="K10933" fgcolor="#000000" bgcolor="#FFFFFF"
             type="rectangle" x="199" y="646" width="46" height="17"/>
    </entry>
    <entry id="32" name="ko:K10932" type="ortholog"
        link="https://www.kegg.jp/dbget-bin/www_bget?K10932">
        <graphics name="K10932" fgcolor="#000000" bgcolor="#FFFFFF"
             type="rectangle" x="151" y="646" width="46" height="17"/>
    </entry>
    <entry id="33" name="ko:K10931" type="ortholog"
        link="https://www.kegg.jp/dbget-bin/www_bget?K10931">
        <graphics name="K10931" fgcolor="#000000" bgcolor="#FFFFFF"
             type="rectangle" x="199" y="626" width="46" height="17"/>
    </entry>
    <entry id="34" name="ko:K10930" type="ortholog"
        link="https://www.kegg.jp/dbget-bin/www_bget?K10930">
        <graphics name="K10930" fgcolor="#000000" bgcolor="#FFFFFF"
             type="rectangle" x="151" y="626" width="46" height="17"/>
    </entry>
    <entry id="35" name="ko:K08604" type="ortholog"
        link="https://www.kegg.jp/dbget-bin/www_bget?K08604">
        <graphics name="K08604" fgcolor="#000000" bgcolor="#FFFFFF"
             type="rectangle" x="151" y="756" width="46" height="17"/>
    </entry>
    <entry id="36" name="ko:K10952" type="ortholog"
        link="https://www.kegg.jp/dbget-bin/www_bget?K10952">
        <graphics name="K10952" fgcolor="#000000" bgcolor="#FFFFFF"
             type="rectangle" x="151" y="483" width="46" height="17"/>
    </entry>
    <entry id="37" name="ko:K23550" type="ortholog"
        link="https://www.kegg.jp/dbget-bin/www_bget?K23550">
        <graphics name="K23550" fgcolor="#000000" bgcolor="#FFFFFF"
             type="rectangle" x="151" y="368" width="46" height="17"/>
    </entry>
    <entry id="38" name="cpd:C00014" type="compound"
        link="https://www.kegg.jp/dbget-bin/www_bget?C00014">
        <graphics name="C00014" fgcolor="#000000" bgcolor="#FFFFFF"
             type="circle" x="496" y="180" width="8" height="8"/>
    </entry>
    <entry id="39" name="cpd:C00080" type="compound"
        link="https://www.kegg.jp/dbget-bin/www_bget?C00080">
        <graphics name="C00080" fgcolor="#000000" bgcolor="#FFFFFF"
             type="circle" x="524" y="152" width="8" height="8"/>
    </entry>
    <entry id="40" name="cpd:C00238" type="compound"
        link="https://www.kegg.jp/dbget-bin/www_bget?C00238">
        <graphics name="C00238" fgcolor="#000000" bgcolor="#FFFFFF"
             type="circle" x="806" y="352" width="8" height="8"/>
    </entry>
    <entry id="41" name="cpd:C00238" type="compound"
        link="https://www.kegg.jp/dbget-bin/www_bget?C00238">
        <graphics name="C00238" fgcolor="#000000" bgcolor="#FFFFFF"
             type="circle" x="798" y="389" width="8" height="8"/>
    </entry>
    <entry id="42" name="cpd:C01330" type="compound"
        link="https://www.kegg.jp/dbget-bin/www_bget?C01330">
        <graphics name="C01330" fgcolor="#000000" bgcolor="#FFFFFF"
             type="circle" x="798" y="402" width="8" height="8"/>
    </entry>
    <entry id="43" name="cpd:C00698" type="compound"
        link="https://www.kegg.jp/dbget-bin/www_bget?C00698">
        <graphics name="C00698" fgcolor="#000000" bgcolor="#FFFFFF"
             type="circle" x="798" y="415" width="8" height="8"/>
    </entry>
    <entry id="44" name="cpd:C00698" type="compound"
        link="https://www.kegg.jp/dbget-bin/www_bget?C00698">
        <graphics name="C00698" fgcolor="#000000" bgcolor="#FFFFFF"
             type="circle" x="248" y="440" width="8" height="8"/>
    </entry>
    <entry id="45" name="cpd:C04911" type="compound"
        link="https://www.kegg.jp/dbget-bin/www_bget?C04911">
        <graphics name="C04911" fgcolor="#000000" bgcolor="#FFFFFF"
             type="circle" x="306" y="323" width="8" height="8"/>
    </entry>
    <entry id="46" name="path:hsa04530" type="map"
        link="https://www.kegg.jp/dbget-bin/www_bget?hsa04530">
        <graphics name="Tight junction" fgcolor="#000000" bgcolor="#FFFFFF"
             type="roundrectangle" x="633" y="680" width="98" height="25"/>
    </entry>
    <entry id="47" name="ko:K10954" type="ortholog"
        link="https://www.kegg.jp/dbget-bin/www_bget?K10954">
        <graphics name="K10954" fgcolor="#000000" bgcolor="#FFFFFF"
             type="rectangle" x="404" y="574" width="46" height="17"/>
    </entry>
    <entry id="48" name="ko:K10953" type="ortholog"
        link="https://www.kegg.jp/dbget-bin/www_bget?K10953">
        <graphics name="K10953" fgcolor="#000000" bgcolor="#FFFFFF"
             type="rectangle" x="404" y="527" width="46" height="17"/>
    </entry>
    <entry id="49" name="ko:K10928" type="ortholog"
        link="https://www.kegg.jp/dbget-bin/www_bget?K10928">
        <graphics name="K10928" fgcolor="#000000" bgcolor="#FFFFFF"
             type="rectangle" x="519" y="287" width="46" height="17"/>
    </entry>
    <entry id="50" name="ko:K10928" type="ortholog"
        link="https://www.kegg.jp/dbget-bin/www_bget?K10928">
        <graphics name="K10928" fgcolor="#000000" bgcolor="#FFFFFF"
             type="rectangle" x="444" y="287" width="46" height="17"/>
    </entry>
    <entry id="51" name="ko:K10929" type="ortholog"
        link="https://www.kegg.jp/dbget-bin/www_bget?K10929">
        <graphics name="K10929" fgcolor="#000000" bgcolor="#FFFFFF"
             type="rectangle" x="444" y="324" width="46" height="17"/>
    </entry>
    <entry id="52" name="ko:K10948" type="ortholog"
        link="https://www.kegg.jp/dbget-bin/www_bget?K10948">
        <graphics name="K10948" fgcolor="#000000" bgcolor="#FFFFFF"
             type="rectangle" x="444" y="152" width="46" height="17"/>
    </entry>
    <entry id="53" name="path:map05111" type="map"
        link="https://www.kegg.jp/dbget-bin/www_bget?map05111">
        <graphics name="Biofilm formation - Vibrio cholerae" fgcolor="#000000" bgcolor="#FFFFFF"
             type="roundrectangle" x="96" y="116" width="119" height="34"/>
    </entry>
    <entry id="54" name="cpd:C00165" type="compound"
        link="https://www.kegg.jp/dbget-bin/www_bget?C00165">
        <graphics name="C00165" fgcolor="#000000" bgcolor="#FFFFFF"
             type="circle" x="464" y="635" width="8" height="8"/>
    </entry>
    <entry id="55" name="cpd:C01245" type="compound"
        link="https://www.kegg.jp/dbget-bin/www_bget?C01245">
        <graphics name="C01245" fgcolor="#000000" bgcolor="#FFFFFF"
             type="circle" x="464" y="599" width="8" height="8"/>
    </entry>
    <entry id="56" name="hsa:375" type="gene"
        link="https://www.kegg.jp/dbget-bin/www_bget?hsa:375">
        <graphics name="ARF1, PVNH8" fgcolor="#000000" bgcolor="#BFFFBF"
             type="rectangle" x="598" y="245" width="46" height="17"/>
    </entry>
    <entry id="57" name="path:map03070" type="map"
        link="https://www.kegg.jp/dbget-bin/www_bget?map03070">
        <graphics name="Bacterial secretion system" fgcolor="#000000" bgcolor="#FFFFFF"
             type="roundrectangle" x="247" y="248" width="149" height="25"/>
    </entry>
    <entry id="58" name="hsa:10312 hsa:127124 hsa:155066 hsa:23545 hsa:245972 hsa:245973 hsa:50617 hsa:51382 hsa:51606 hsa:523 hsa:525 hsa:526 hsa:527 hsa:528 hsa:529 hsa:533 hsa:534 hsa:535 hsa:537 hsa:8992 hsa:90423 hsa:9114 hsa:9296 hsa:9550" type="gene"
        link="https://www.kegg.jp/dbget-bin/www_bget?hsa:10312+hsa:127124+hsa:155066+hsa:23545+hsa:245972+hsa:245973+hsa:50617+hsa:51382+hsa:51606+hsa:523+hsa:525+hsa:526+hsa:527+hsa:528+hsa:529+hsa:533+hsa:534+hsa:535+hsa:537+hsa:8992+hsa:90423+hsa:9114+hsa:9296+hsa:9550">
        <graphics name="TCIRG1, ATP6N1C, ATP6V0A3, Atp6i, OC-116kDa, OC116, OPTB1, Stv1, TIRC7, Vph1, a3..." fgcolor="#000000" bgcolor="#BFFFBF"
             type="rectangle" x="524" y="116" width="46" height="17"/>
    </entry>
    <entry id="59" name="ko:K10948" type="ortholog"
        link="https://www.kegg.jp/dbget-bin/www_bget?K10948">
        <graphics name="K10948" fgcolor="#000000" bgcolor="#FFFFFF"
             type="rectangle" x="151" y="152" width="46" height="17"/>
    </entry>
    <entry id="60" name="hsa:30001" type="gene"
        link="https://www.kegg.jp/dbget-bin/www_bget?hsa:30001">
        <graphics name="ERO1A, ERO1-L, ERO1-L-alpha, ERO1-alpha, ERO1L, ERO1LA, Ero1alpha" fgcolor="#000000" bgcolor="#BFFFBF"
             type="rectangle" x="542" y="223" width="46" height="17"/>
    </entry>
    <entry id="61" name="ko:K10929" type="ortholog"
        link="https://www.kegg.jp/dbget-bin/www_bget?K10929">
        <graphics name="K10929" fgcolor="#000000" bgcolor="#FFFFFF"
             type="rectangle" x="151" y="324" width="46" height="17"/>
    </entry>
    <entry id="62" name="hsa:1080" type="gene"
        link="https://www.kegg.jp/dbget-bin/www_bget?hsa:1080">
        <graphics name="CFTR, ABC35, ABCC7, CF, CFTR/MRP, MRP7, TNR-CFTR, dJ760C5.1" fgcolor="#000000" bgcolor="#BFFFBF"
             type="rectangle" x="307" y="441" width="46" height="17"/>
    </entry>
    <entry id="63" name="ko:K10928" type="ortholog"
        link="https://www.kegg.jp/dbget-bin/www_bget?K10928">
        <graphics name="K10928" fgcolor="#000000" bgcolor="#FFFFFF"
             type="rectangle" x="151" y="307" width="46" height="17"/>
    </entry>
    <entry id="64" name="ko:K10954" type="ortholog"
        link="https://www.kegg.jp/dbget-bin/www_bget?K10954">
        <graphics name="K10954" fgcolor="#000000" bgcolor="#FFFFFF"
             type="rectangle" x="151" y="574" width="46" height="17"/>
    </entry>
    <entry id="65" name="hsa:9414" type="gene"
        link="https://www.kegg.jp/dbget-bin/www_bget?hsa:9414">
        <graphics name="TJP2, C9DUPq21.11, DFNA51, DUP9q21.11, FHCA1, PFIC4, X104, ZO2" fgcolor="#000000" bgcolor="#BFFFBF"
             type="rectangle" x="659" y="648" width="46" height="17"/>
    </entry>
    <entry id="66" name="hsa:7082" type="gene"
        link="https://www.kegg.jp/dbget-bin/www_bget?hsa:7082">
        <graphics name="TJP1, ZO-1" fgcolor="#000000" bgcolor="#BFFFBF"
             type="rectangle" x="610" y="648" width="46" height="17"/>
    </entry>
    <entry id="67" name="cpd:C00575" type="compound"
        link="https://www.kegg.jp/dbget-bin/www_bget?C00575">
        <graphics name="C00575" fgcolor="#000000" bgcolor="#FFFFFF"
             type="circle" x="632" y="375" width="8" height="8"/>
    </entry>
    <entry id="68" name="path:hsa00190" type="map"
        link="https://www.kegg.jp/dbget-bin/www_bget?hsa00190">
        <graphics name="Oxidative phosphorylation" fgcolor="#000000" bgcolor="#FFFFFF"
             type="roundrectangle" x="633" y="115" width="153" height="25"/>
    </entry>
    <entry id="69" name="hsa:2778" type="gene"
        link="https://www.kegg.jp/dbget-bin/www_bget?hsa:2778">
        <graphics name="GNAS, AHO, C20orf45, GNAS1, GPSA, GSA, GSP, NESP, PITA3, POH, SCG6, SgVI" fgcolor="#000000" bgcolor="#BFFFBF"
             type="rectangle" x="668" y="287" width="46" height="17"/>
    </entry>
    <entry id="70" name="hsa:3784" type="gene"
        link="https://www.kegg.jp/dbget-bin/www_bget?hsa:3784">
        <graphics name="KCNQ1, ATFB1, ATFB3, JLNS1, KCNA8, KCNA9, KVLQT1, Kv1.9, Kv7.1, LQT, LQT1, RWS, SQT2, WRS" fgcolor="#000000" bgcolor="#BFFFBF"
             type="rectangle" x="746" y="353" width="46" height="17"/>
    </entry>
    <entry id="71" name="hsa:5578" type="gene"
        link="https://www.kegg.jp/dbget-bin/www_bget?hsa:5578">
        <graphics name="PRKCA, AAG6, PKC-alpha, PKCA, PKCI+/-, PKCalpha, PRKACA" fgcolor="#000000" bgcolor="#BFFFBF"
             type="rectangle" x="525" y="621" width="46" height="17"/>
    </entry>
    <entry id="72" name="hsa:6558" type="gene"
        link="https://www.kegg.jp/dbget-bin/www_bget?hsa:6558">
        <graphics name="SLC12A2, BSC, BSC-2, BSC2, CCC1, KILQS, NKCC1, PPP1R141" fgcolor="#000000" bgcolor="#BFFFBF"
             type="rectangle" x="746" y="403" width="46" height="17"/>
    </entry>
    <entry id="73" name="hsa:5335 hsa:5336" type="gene"
        link="https://www.kegg.jp/dbget-bin/www_bget?hsa:5335+hsa:5336">
        <graphics name="PLCG1, NCKAP3, PLC-II, PLC1, PLC148, PLCgamma1..." fgcolor="#000000" bgcolor="#BFFFBF"
             type="rectangle" x="404" y="621" width="46" height="17"/>
    </entry>
    <entry id="74" name="hsa:5566 hsa:5567 hsa:5568" type="gene"
        link="https://www.kegg.jp/dbget-bin/www_bget?hsa:5566+hsa:5567+hsa:5568">
        <graphics name="PRKACA, CAFD1, PKACA, PPNAD4..." fgcolor="#000000" bgcolor="#BFFFBF"
             type="rectangle" x="517" y="395" width="46" height="17"/>
    </entry>
    <entry id="75" name="ko:K10953" type="ortholog"
        link="https://www.kegg.jp/dbget-bin/www_bget?K10953">
        <graphics name="K10953" fgcolor="#000000" bgcolor="#FFFFFF"
             type="rectangle" x="151" y="527" width="46" height="17"/>
    </entry>
    <entry id="76" name="hsa:10952 hsa:23480 hsa:29927 hsa:55176" type="gene"
        link="https://www.kegg.jp/dbget-bin/www_bget?hsa:10952+hsa:23480+hsa:29927+hsa:55176">
        <graphics name="SEC61B..." fgcolor="#000000" bgcolor="#BFFFBF"
             type="rectangle" x="585" y="287" width="46" height="17"/>
    </entry>
    <entry id="77" name="hsa:60 hsa:71" type="gene"
        link="https://www.kegg.jp/dbget-bin/www_bget?hsa:60+hsa:71">
        <graphics name="ACTB, BRWS1, PS1TP5BP1..." fgcolor="#000000" bgcolor="#BFFFBF"
             type="rectangle" x="642" y="574" width="46" height="17"/>
    </entry>
    <entry id="78" name="hsa:9601" type="gene"
        link="https://www.kegg.jp/dbget-bin/www_bget?hsa:9601">
        <graphics name="PDIA4, ERP70, ERP72, ERp-72" fgcolor="#000000" bgcolor="#BFFFBF"
             type="rectangle" x="482" y="245" width="46" height="17"/>
    </entry>
    <entry id="79" name="hsa:109 hsa:115" type="gene"
        link="https://www.kegg.jp/dbget-bin/www_bget?hsa:109+hsa:115">
        <graphics name="ADCY3, AC-III, AC3, BMIQ19..." fgcolor="#000000" bgcolor="#BFFFBF"
             type="rectangle" x="746" y="287" width="46" height="17"/>
    </entry>
    <entry id="80" name="cpd:C00698" type="compound"
        link="https://www.kegg.jp/dbget-bin/www_bget?C00698">
        <graphics name="C00698" fgcolor="#000000" bgcolor="#FFFFFF"
             type="circle" x="496" y="152" width="8" height="8"/>
    </entry>
    <entry id="81" name="hsa:10945 hsa:11014 hsa:11015" type="gene"
        link="https://www.kegg.jp/dbget-bin/www_bget?hsa:10945+hsa:11014+hsa:11015">
        <graphics name="KDELR1, ERD2, ERD2.1, HDEL, PM23..." fgcolor="#000000" bgcolor="#BFFFBF"
             type="rectangle" x="382" y="245" width="46" height="17"/>
    </entry>
    <entry id="82" name="path:hsa05110" type="map"
        link="https://www.kegg.jp/dbget-bin/www_bget?hsa05110">
        <graphics name="TITLE:Vibrio cholerae infection" fgcolor="#000000" bgcolor="#FFFFFF"
             type="roundrectangle" x="158" y="43" width="235" height="25"/>
    </entry>
    <entry id="167" name="ko:K21712" type="ortholog"
        link="https://www.kegg.jp/dbget-bin/www_bget?K21712">
        <graphics name="K21712" fgcolor="#000000" bgcolor="#FFFFFF"
             type="rectangle" x="151" y="709" width="46" height="17"/>
    </entry>
    <relation entry1="58" entry2="39" type="PCrel">
        <subtype name="activation" value="--&gt;"/>
        <subtype name="phosphorylation" value="+p"/>
    </relation>
    <relation entry1="70" entry2="40" type="PCrel">
        <subtype name="activation" value="--&gt;"/>
        <subtype name="phosphorylation" value="+p"/>
    </relation>
    <relation entry1="72" entry2="41" type="PCrel">
        <subtype name="activation" value="--&gt;"/>
        <subtype name="phosphorylation" value="+p"/>
    </relation>
    <relation entry1="72" entry2="42" type="PCrel">
        <subtype name="activation" value="--&gt;"/>
        <subtype name="phosphorylation" value="+p"/>
    </relation>
    <relation entry1="72" entry2="43" type="PCrel">
        <subtype name="activation" value="--&gt;"/>
        <subtype name="phosphorylation" value="+p"/>
    </relation>
    <relation entry1="62" entry2="44" type="PCrel">
        <subtype name="activation" value="--&gt;"/>
        <subtype name="phosphorylation" value="+p"/>
    </relation>
    <relation entry1="72" entry2="74" type="PPrel">
        <subtype name="compound" value="67"/>
        <subtype name="activation" value="--&gt;"/>
        <subtype name="phosphorylation" value="+p"/>
    </relation>
    <relation entry1="70" entry2="74" type="PPrel">
        <subtype name="compound" value="67"/>
        <subtype name="activation" value="--&gt;"/>
        <subtype name="phosphorylation" value="+p"/>
    </relation>
    <relation entry1="74" entry2="79" type="PPrel">
        <subtype name="compound" value="67"/>
        <subtype name="activation" value="--&gt;"/>
        <subtype name="phosphorylation" value="+p"/>
    </relation>
    <relation entry1="70" entry2="72" type="PPrel">
        <subtype name="compound" value="67"/>
        <subtype name="activation" value="--&gt;"/>
        <subtype name="phosphorylation" value="+p"/>
    </relation>
    <relation entry1="72" entry2="79" type="PPrel">
        <subtype name="compound" value="67"/>
        <subtype name="activation" value="--&gt;"/>
        <subtype name="phosphorylation" value="+p"/>
    </relation>
    <relation entry1="70" entry2="79" type="PPrel">
        <subtype name="compound" value="67"/>
        <subtype name="activation" value="--&gt;"/>
        <subtype name="phosphorylation" value="+p"/>
    </relation>
    <relation entry1="71" entry2="73" type="PPrel">
        <subtype name="compound" value="54"/>
        <subtype name="activation" value="--&gt;"/>
        <subtype name="phosphorylation" value="+p"/>
    </relation>
    <relation entry1="71" entry2="73" type="PPrel">
        <subtype name="compound" value="55"/>
        <subtype name="activation" value="--&gt;"/>
        <subtype name="phosphorylation" value="+p"/>
    </relation>
    <relation entry1="60" entry2="78" type="PPrel">
        <subtype name="activation" value="--&gt;"/>
    </relation>
    <relation entry1="69" entry2="79" type="PPrel">
        <subtype name="activation" value="--&gt;"/>
    </relation>
    <relation entry1="74" entry2="62" type="PPrel">
        <subtype name="activation" value="--&gt;"/>
        <subtype name="phosphorylation" value="+p"/>
    </relation>
    <relation entry1="71" entry2="77" type="PPrel">
        <subtype name="activation" value="--&gt;"/>
        <subtype name="phosphorylation" value="+p"/>
    </relation>
</pathway>
