<?xml version="1.0"?>
<!DOCTYPE pathway SYSTEM "https://www.kegg.jp/kegg/xml/KGML_v0.7.2_.dtd">
<!-- Creation date: Oct 2, 2020 15:52:14 +0900 (GMT+9) -->
<pathway name="path:hsa05130" org="hsa" number="05130"
         title="Pathogenic Escherichia coli infection"
         image="https://www.kegg.jp/kegg/pathway/hsa/hsa05130.png"
         link="https://www.kegg.jp/kegg-bin/show_pathway?hsa05130">
    <entry id="4" name="path:hsa04810" type="map"
        link="https://www.kegg.jp/dbget-bin/www_bget?hsa04810">
        <graphics name="Regulation of actin cytoskeleton" fgcolor="#000000" bgcolor="#FFFFFF"
             type="roundrectangle" x="1237" y="777" width="119" height="34"/>
    </entry>
    <entry id="29" name="path:map02040" type="map"
        link="https://www.kegg.jp/dbget-bin/www_bget?map02040">
        <graphics name="Flagellar assembly" fgcolor="#000000" bgcolor="#FFFFFF"
             type="roundrectangle" x="210" y="984" width="113" height="25"/>
    </entry>
    <entry id="31" name="path:hsa04530" type="map"
        link="https://www.kegg.jp/dbget-bin/www_bget?hsa04530">
        <graphics name="Tight junction" fgcolor="#000000" bgcolor="#FFFFFF"
             type="roundrectangle" x="1002" y="1902" width="98" height="25"/>
    </entry>
    <entry id="32" name="path:hsa04620" type="map"
        link="https://www.kegg.jp/dbget-bin/www_bget?hsa04620">
        <graphics name="Toll-like receptor signaling pathway" fgcolor="#000000" bgcolor="#FFFFFF"
             type="roundrectangle" x="738" y="1011" width="132" height="34"/>
    </entry>
    <entry id="33" name="path:map03070" type="map"
        link="https://www.kegg.jp/dbget-bin/www_bget?map03070">
        <graphics name="Bacterial secretion system" fgcolor="#000000" bgcolor="#FFFFFF"
             type="roundrectangle" x="400" y="521" width="159" height="34"/>
    </entry>
    <entry id="36" name="ko:K12787" type="ortholog"
        link="https://www.kegg.jp/dbget-bin/www_bget?K12787">
        <graphics name="K12787" fgcolor="#000000" bgcolor="#FFFFFF"
             type="rectangle" x="181" y="346" width="46" height="17"/>
    </entry>
    <entry id="37" name="ko:K12784" type="ortholog"
        link="https://www.kegg.jp/dbget-bin/www_bget?K12784">
        <graphics name="K12784" fgcolor="#000000" bgcolor="#FFFFFF"
             type="rectangle" x="501" y="910" width="46" height="17"/>
    </entry>
    <entry id="38" name="ko:K12790" type="ortholog"
        link="https://www.kegg.jp/dbget-bin/www_bget?K12790">
        <graphics name="K12790" fgcolor="#000000" bgcolor="#FFFFFF"
             type="rectangle" x="301" y="910" width="46" height="17"/>
    </entry>
    <entry id="39" name="ko:K12785 ko:K12809" type="ortholog"
        link="https://www.kegg.jp/dbget-bin/www_bget?K12785+K12809">
        <graphics name="K12785..." fgcolor="#000000" bgcolor="#FFFFFF"
             type="rectangle" x="541" y="775" width="46" height="17"/>
    </entry>
    <entry id="40" name="hsa:10376 hsa:112714 hsa:113457 hsa:51807 hsa:7277 hsa:7278 hsa:7846 hsa:79861 hsa:84790" type="gene"
        link="https://www.kegg.jp/dbget-bin/www_bget?hsa:10376+hsa:112714+hsa:113457+hsa:51807+hsa:7277+hsa:7278+hsa:7846+hsa:79861+hsa:84790">
        <graphics name="TUBA1B, K-ALPHA-1..." fgcolor="#000000" bgcolor="#BFFFBF"
             type="rectangle" x="634" y="745" width="46" height="17"/>
    </entry>
    <entry id="41" name="ko:K12786" type="ortholog"
        link="https://www.kegg.jp/dbget-bin/www_bget?K12786">
        <graphics name="K12786" fgcolor="#000000" bgcolor="#FFFFFF"
             type="rectangle" x="851" y="1883" width="46" height="17"/>
    </entry>
    <entry id="46" name="ko:K12785" type="ortholog"
        link="https://www.kegg.jp/dbget-bin/www_bget?K12785">
        <graphics name="K12785" fgcolor="#000000" bgcolor="#FFFFFF"
             type="rectangle" x="181" y="406" width="46" height="17"/>
    </entry>
    <entry id="47" name="cpd:C00350" type="compound"
        link="https://www.kegg.jp/dbget-bin/www_bget?C00350">
        <graphics name="C00350" fgcolor="#000000" bgcolor="#FFFFFF"
             type="circle" x="501" y="983" width="8" height="8"/>
    </entry>
    <entry id="52" name="hsa:2017 hsa:3059" type="gene"
        link="https://www.kegg.jp/dbget-bin/www_bget?hsa:2017+hsa:3059">
        <graphics name="CTTN, EMS1..." fgcolor="#000000" bgcolor="#BFFFBF"
             type="rectangle" x="939" y="950" width="46" height="17"/>
    </entry>
    <entry id="53" name="hsa:6093 hsa:9475" type="gene"
        link="https://www.kegg.jp/dbget-bin/www_bget?hsa:6093+hsa:9475">
        <graphics name="ROCK1, P160ROCK, ROCK-I..." fgcolor="#000000" bgcolor="#BFFFBF"
             type="rectangle" x="938" y="709" width="46" height="17"/>
    </entry>
    <entry id="55" name="hsa:100506658" type="gene"
        link="https://www.kegg.jp/dbget-bin/www_bget?hsa:100506658">
        <graphics name="OCLN, BLCPMG, PPP1R115, PTORCH1" fgcolor="#000000" bgcolor="#BFFFBF"
             type="rectangle" x="951" y="1872" width="46" height="17"/>
    </entry>
    <entry id="57" name="hsa:998" type="gene"
        link="https://www.kegg.jp/dbget-bin/www_bget?hsa:998">
        <graphics name="CDC42, CDC42Hs, G25K, TKS" fgcolor="#000000" bgcolor="#BFFFBF"
             type="rectangle" x="805" y="618" width="46" height="17"/>
    </entry>
    <entry id="59" name="ko:K12786" type="ortholog"
        link="https://www.kegg.jp/dbget-bin/www_bget?K12786">
        <graphics name="K12786" fgcolor="#000000" bgcolor="#FFFFFF"
             type="rectangle" x="181" y="386" width="46" height="17"/>
    </entry>
    <entry id="60" name="hsa:25 hsa:2534" type="gene"
        link="https://www.kegg.jp/dbget-bin/www_bget?hsa:25+hsa:2534">
        <graphics name="ABL1, ABL, BCR-ABL, CHDSKM, JTK7, bcr/abl, c-ABL, c-ABL1, p150, v-abl..." fgcolor="#000000" bgcolor="#BFFFBF"
             type="rectangle" x="552" y="857" width="46" height="17"/>
    </entry>
    <entry id="62" name="hsa:8976" type="gene"
        link="https://www.kegg.jp/dbget-bin/www_bget?hsa:8976">
        <graphics name="WASL, N-WASP, NWASP, WASPB" fgcolor="#000000" bgcolor="#BFFFBF"
             type="rectangle" x="938" y="910" width="46" height="17"/>
    </entry>
    <entry id="63" name="ko:K12789" type="ortholog"
        link="https://www.kegg.jp/dbget-bin/www_bget?K12789">
        <graphics name="K12789" fgcolor="#000000" bgcolor="#FFFFFF"
             type="rectangle" x="765" y="877" width="46" height="17"/>
    </entry>
    <entry id="64" name="hsa:100132463 hsa:100288814 hsa:10686 hsa:1364 hsa:1365 hsa:1366 hsa:137075 hsa:149461 hsa:23562 hsa:24146 hsa:26285 hsa:49861 hsa:5010 hsa:51208 hsa:53842 hsa:644672 hsa:7122 hsa:9071 hsa:9073 hsa:9074 hsa:9075 hsa:9076 hsa:9080" type="gene"
        link="https://www.kegg.jp/dbget-bin/www_bget?hsa:100132463+hsa:100288814+hsa:10686+hsa:1364+hsa:1365+hsa:1366+hsa:137075+hsa:149461+hsa:23562+hsa:24146+hsa:26285+hsa:49861+hsa:5010+hsa:51208+hsa:53842+hsa:644672+hsa:7122+hsa:9071+hsa:9073+hsa:9074+hsa:9075+hsa:9076+hsa:9080">
        <graphics name="CLDN24, CLDN21..." fgcolor="#000000" bgcolor="#BFFFBF"
             type="rectangle" x="1002" y="1872" width="46" height="17"/>
    </entry>
    <entry id="65" name="hsa:3688" type="gene"
        link="https://www.kegg.jp/dbget-bin/www_bget?hsa:3688">
        <graphics name="ITGB1, CD29, FNRB, GPIIA, MDF2, MSK12, VLA-BETA, VLAB" fgcolor="#000000" bgcolor="#BFFFBF"
             type="rectangle" x="501" y="961" width="46" height="17"/>
    </entry>
    <entry id="66" name="hsa:4690 hsa:8440" type="gene"
        link="https://www.kegg.jp/dbget-bin/www_bget?hsa:4690+hsa:8440">
        <graphics name="NCK1, NCK, NCKalpha, nck-1..." fgcolor="#000000" bgcolor="#BFFFBF"
             type="rectangle" x="656" y="944" width="46" height="17"/>
    </entry>
    <entry id="67" name="hsa:9181" type="gene"
        link="https://www.kegg.jp/dbget-bin/www_bget?hsa:9181">
        <graphics name="ARHGEF2, GEF, GEF-H1, GEFH1, LFP40, Lfc, NEDMHM, P40" fgcolor="#000000" bgcolor="#BFFFBF"
             type="rectangle" x="720" y="754" width="46" height="17"/>
    </entry>
    <entry id="68" name="ko:K12789" type="ortholog"
        link="https://www.kegg.jp/dbget-bin/www_bget?K12789">
        <graphics name="K12789" fgcolor="#000000" bgcolor="#FFFFFF"
             type="rectangle" x="181" y="648" width="46" height="17"/>
    </entry>
    <entry id="69" name="hsa:387" type="gene"
        link="https://www.kegg.jp/dbget-bin/www_bget?hsa:387">
        <graphics name="RHOA, ARH12, ARHA, EDFAOB, RHO12, RHOH12" fgcolor="#000000" bgcolor="#BFFFBF"
             type="rectangle" x="805" y="709" width="46" height="17"/>
    </entry>
    <entry id="70" name="hsa:4691" type="gene"
        link="https://www.kegg.jp/dbget-bin/www_bget?hsa:4691">
        <graphics name="NCL, C23, Nsr1" fgcolor="#000000" bgcolor="#BFFFBF"
             type="rectangle" x="501" y="939" width="46" height="17"/>
    </entry>
    <entry id="71" name="ko:K12784" type="ortholog"
        link="https://www.kegg.jp/dbget-bin/www_bget?K12784">
        <graphics name="K12784" fgcolor="#000000" bgcolor="#FFFFFF"
             type="rectangle" x="181" y="326" width="46" height="17"/>
    </entry>
    <entry id="72" name="hsa:10381 hsa:10382 hsa:10383 hsa:203068 hsa:347688 hsa:347733 hsa:7280 hsa:81027 hsa:84617" type="gene"
        link="https://www.kegg.jp/dbget-bin/www_bget?hsa:10381+hsa:10382+hsa:10383+hsa:203068+hsa:347688+hsa:347733+hsa:7280+hsa:81027+hsa:84617">
        <graphics name="TUBB3, CDCBM, CDCBM1, CFEOM3, CFEOM3A, FEOM3, TUBB4, beta-4..." fgcolor="#000000" bgcolor="#BFFFBF"
             type="rectangle" x="634" y="765" width="46" height="17"/>
    </entry>
    <entry id="73" name="ko:K12788" type="ortholog"
        link="https://www.kegg.jp/dbget-bin/www_bget?K12788">
        <graphics name="K12788" fgcolor="#000000" bgcolor="#FFFFFF"
             type="rectangle" x="181" y="426" width="46" height="17"/>
    </entry>
    <entry id="74" name="ko:K11006" type="ortholog"
        link="https://www.kegg.jp/dbget-bin/www_bget?K11006">
        <graphics name="K11006" fgcolor="#000000" bgcolor="#FFFFFF"
             type="rectangle" x="501" y="142" width="46" height="17"/>
    </entry>
    <entry id="75" name="path:hsa05130" type="map"
        link="https://www.kegg.jp/dbget-bin/www_bget?hsa05130">
        <graphics name="TITLE:Pathogenic Escherichia coli infection" fgcolor="#000000" bgcolor="#FFFFFF"
             type="roundrectangle" x="210" y="58" width="339" height="25"/>
    </entry>
    <entry id="76" name="ko:K12809" type="ortholog"
        link="https://www.kegg.jp/dbget-bin/www_bget?K12809">
        <graphics name="K12809" fgcolor="#000000" bgcolor="#FFFFFF"
             type="rectangle" x="181" y="485" width="46" height="17"/>
    </entry>
    <entry id="78" name="ko:K12810" type="ortholog"
        link="https://www.kegg.jp/dbget-bin/www_bget?K12810">
        <graphics name="K12810" fgcolor="#000000" bgcolor="#FFFFFF"
             type="rectangle" x="301" y="984" width="46" height="17"/>
    </entry>
    <entry id="269" name="hsa:10092 hsa:10093 hsa:10094 hsa:10095 hsa:10096 hsa:10097 hsa:10109 hsa:10552 hsa:57180 hsa:653857 hsa:81873" type="gene"
        link="https://www.kegg.jp/dbget-bin/www_bget?hsa:10092+hsa:10093+hsa:10094+hsa:10095+hsa:10096+hsa:10097+hsa:10109+hsa:10552+hsa:57180+hsa:653857+hsa:81873">
        <graphics name="ARPC5, ARC16, dJ127C7.3, p16-Arc..." fgcolor="#000000" bgcolor="#BFFFBF"
             type="rectangle" x="1018" y="910" width="46" height="17"/>
    </entry>
    <entry id="335" name="hsa:60 hsa:71" type="gene"
        link="https://www.kegg.jp/dbget-bin/www_bget?hsa:60+hsa:71">
        <graphics name="ACTB, BRWS1, PS1TP5BP1..." fgcolor="#000000" bgcolor="#BFFFBF"
             type="rectangle" x="1097" y="910" width="46" height="17"/>
    </entry>
    <entry id="336" name="ko:K11007" type="ortholog"
        link="https://www.kegg.jp/dbget-bin/www_bget?K11007">
        <graphics name="K11007" fgcolor="#000000" bgcolor="#FFFFFF"
             type="rectangle" x="501" y="162" width="46" height="17"/>
    </entry>
    <entry id="337" name="ko:K16041" type="ortholog"
        link="https://www.kegg.jp/dbget-bin/www_bget?K16041">
        <graphics name="K16041" fgcolor="#000000" bgcolor="#FFFFFF"
             type="rectangle" x="230" y="485" width="46" height="17"/>
    </entry>
    <entry id="338" name="ko:K16042" type="ortholog"
        link="https://www.kegg.jp/dbget-bin/www_bget?K16042">
        <graphics name="K16042" fgcolor="#000000" bgcolor="#FFFFFF"
             type="rectangle" x="230" y="605" width="46" height="17"/>
    </entry>
    <entry id="352" name="hsa:55971" type="gene"
        link="https://www.kegg.jp/dbget-bin/www_bget?hsa:55971">
        <graphics name="BAIAP2L1, IRTKS" fgcolor="#000000" bgcolor="#BFFFBF"
             type="rectangle" x="656" y="866" width="46" height="17"/>
    </entry>
    <entry id="353" name="hsa:10458" type="gene"
        link="https://www.kegg.jp/dbget-bin/www_bget?hsa:10458">
        <graphics name="BAIAP2, BAP2, FLAF3, IRSP53, WAML" fgcolor="#000000" bgcolor="#BFFFBF"
             type="rectangle" x="656" y="887" width="46" height="17"/>
    </entry>
    <entry id="354" name="hsa:147179 hsa:644150 hsa:7456" type="gene"
        link="https://www.kegg.jp/dbget-bin/www_bget?hsa:147179+hsa:644150+hsa:7456">
        <graphics name="WIPF2, WICH, WIRE..." fgcolor="#000000" bgcolor="#BFFFBF"
             type="rectangle" x="766" y="944" width="46" height="17"/>
    </entry>
    <entry id="356" name="hsa:1902 hsa:2149 hsa:2846 hsa:57121 hsa:9170" type="gene"
        link="https://www.kegg.jp/dbget-bin/www_bget?hsa:1902+hsa:2149+hsa:2846+hsa:57121+hsa:9170">
        <graphics name="LPAR1, EDG2, Gpcr26, LPA1, Mrec1.3, VZG1, edg-2, rec.1.3, vzg-1..." fgcolor="#000000" bgcolor="#BFFFBF"
             type="rectangle" x="501" y="709" width="46" height="17"/>
    </entry>
    <entry id="357" name="hsa:10672 hsa:2768" type="gene"
        link="https://www.kegg.jp/dbget-bin/www_bget?hsa:10672+hsa:2768">
        <graphics name="GNA13, G13, HG1N..." fgcolor="#000000" bgcolor="#BFFFBF"
             type="rectangle" x="591" y="709" width="46" height="17"/>
    </entry>
    <entry id="358" name="hsa:23365 hsa:9138 hsa:9826" type="gene"
        link="https://www.kegg.jp/dbget-bin/www_bget?hsa:23365+hsa:9138+hsa:9826">
        <graphics name="ARHGEF12, LARG, PRO2792..." fgcolor="#000000" bgcolor="#BFFFBF"
             type="rectangle" x="681" y="709" width="46" height="17"/>
    </entry>
    <entry id="362" name="ko:K12788" type="ortholog"
        link="https://www.kegg.jp/dbget-bin/www_bget?K12788">
        <graphics name="K12788" fgcolor="#000000" bgcolor="#FFFFFF"
             type="rectangle" x="630" y="672" width="46" height="17"/>
    </entry>
    <entry id="365" name="hsa:5879" type="gene"
        link="https://www.kegg.jp/dbget-bin/www_bget?hsa:5879">
        <graphics name="RAC1, MIG5, MRD48, Rac-1, TC-25, p21-Rac1" fgcolor="#000000" bgcolor="#BFFFBF"
             type="rectangle" x="805" y="538" width="46" height="17"/>
    </entry>
    <entry id="371" name="ko:K23651" type="ortholog"
        link="https://www.kegg.jp/dbget-bin/www_bget?K23651">
        <graphics name="K23651" fgcolor="#000000" bgcolor="#FFFFFF"
             type="rectangle" x="698" y="516" width="46" height="17"/>
    </entry>
    <entry id="372" name="ko:K23652" type="ortholog"
        link="https://www.kegg.jp/dbget-bin/www_bget?K23652">
        <graphics name="K23652" fgcolor="#000000" bgcolor="#FFFFFF"
             type="rectangle" x="698" y="536" width="46" height="17"/>
    </entry>
    <entry id="375" name="ko:K23653" type="ortholog"
        link="https://www.kegg.jp/dbget-bin/www_bget?K23653">
        <graphics name="K23653" fgcolor="#000000" bgcolor="#FFFFFF"
             type="rectangle" x="782" y="647" width="46" height="17"/>
    </entry>
    <entry id="377" name="ko:K12787" type="ortholog"
        link="https://www.kegg.jp/dbget-bin/www_bget?K12787">
        <graphics name="K12787" fgcolor="#000000" bgcolor="#FFFFFF"
             type="rectangle" x="598" y="575" width="46" height="17"/>
    </entry>
    <entry id="380" name="hsa:9368" type="gene"
        link="https://www.kegg.jp/dbget-bin/www_bget?hsa:9368">
        <graphics name="NHERF1, EBP50, NHE-RF, NHERF, NHERF-1, NPHLOP2, SLC9A3R1" fgcolor="#000000" bgcolor="#BFFFBF"
             type="rectangle" x="616" y="642" width="46" height="17"/>
    </entry>
    <entry id="382" name="hsa:10163" type="gene"
        link="https://www.kegg.jp/dbget-bin/www_bget?hsa:10163">
        <graphics name="WASF2, IMD2, SCAR2, WASF4, WAVE2, dJ393P12.2" fgcolor="#000000" bgcolor="#BFFFBF"
             type="rectangle" x="938" y="538" width="46" height="17"/>
    </entry>
    <entry id="386" name="hsa:147945" type="gene"
        link="https://www.kegg.jp/dbget-bin/www_bget?hsa:147945">
        <graphics name="NLRP4, CLR19.5, CT58, NALP4, PAN2, PYPAF4, RNH2" fgcolor="#000000" bgcolor="#BFFFBF"
             type="rectangle" x="847" y="1790" width="46" height="17"/>
    </entry>
    <entry id="387" name="hsa:29108" type="gene"
        link="https://www.kegg.jp/dbget-bin/www_bget?hsa:29108">
        <graphics name="PYCARD, ASC, CARD5, TMS, TMS-1, TMS1" fgcolor="#000000" bgcolor="#BFFFBF"
             type="rectangle" x="946" y="1762" width="46" height="17"/>
    </entry>
    <entry id="388" name="hsa:834" type="gene"
        link="https://www.kegg.jp/dbget-bin/www_bget?hsa:834">
        <graphics name="CASP1, ICE, IL1BC, P45" fgcolor="#000000" bgcolor="#BFFFBF"
             type="rectangle" x="992" y="1762" width="46" height="17"/>
    </entry>
    <entry id="390" name="hsa:3606" type="gene"
        link="https://www.kegg.jp/dbget-bin/www_bget?hsa:3606">
        <graphics name="IL18, IGIF, IL-18, IL-1g, IL1F4" fgcolor="#000000" bgcolor="#BFFFBF"
             type="rectangle" x="1143" y="1751" width="46" height="17"/>
    </entry>
    <entry id="391" name="hsa:3553" type="gene"
        link="https://www.kegg.jp/dbget-bin/www_bget?hsa:3553">
        <graphics name="IL1B, IL-1, IL1-BETA, IL1F2, IL1beta" fgcolor="#000000" bgcolor="#BFFFBF"
             type="rectangle" x="1143" y="1772" width="46" height="17"/>
    </entry>
    <entry id="394" name="hsa:114548" type="gene"
        link="https://www.kegg.jp/dbget-bin/www_bget?hsa:114548">
        <graphics name="NLRP3, AGTAVPRL, AII, AVP, C1orf7, CIAS1, CLR1.1, DFNA34, FCAS, FCAS1, FCU, KEFH, MWS, NALP3, PYPAF1" fgcolor="#000000" bgcolor="#BFFFBF"
             type="rectangle" x="847" y="1743" width="46" height="17"/>
    </entry>
    <entry id="397" name="ko:K16041" type="ortholog"
        link="https://www.kegg.jp/dbget-bin/www_bget?K16041">
        <graphics name="K16041" fgcolor="#000000" bgcolor="#FFFFFF"
             type="rectangle" x="794" y="1695" width="46" height="17"/>
    </entry>
    <entry id="399" name="hsa:4671" type="gene"
        link="https://www.kegg.jp/dbget-bin/www_bget?hsa:4671">
        <graphics name="NAIP, BIRC1, NLRB1, psiNAIP" fgcolor="#000000" bgcolor="#BFFFBF"
             type="rectangle" x="767" y="1790" width="46" height="17"/>
    </entry>
    <entry id="401" name="ko:K22487" type="ortholog"
        link="https://www.kegg.jp/dbget-bin/www_bget?K22487">
        <graphics name="K22487" fgcolor="#000000" bgcolor="#FFFFFF"
             type="rectangle" x="501" y="1779" width="46" height="17"/>
    </entry>
    <entry id="402" name="ko:K03221" type="ortholog"
        link="https://www.kegg.jp/dbget-bin/www_bget?K03221">
        <graphics name="K03221" fgcolor="#000000" bgcolor="#FFFFFF"
             type="rectangle" x="452" y="1779" width="46" height="17"/>
    </entry>
    <entry id="404" name="path:hsa04621" type="map"
        link="https://www.kegg.jp/dbget-bin/www_bget?hsa04621">
        <graphics name="NOD-like receptor signaling pathway" fgcolor="#000000" bgcolor="#FFFFFF"
             type="roundrectangle" x="1248" y="1760" width="115" height="34"/>
    </entry>
    <entry id="405" name="hsa:7132" type="gene"
        link="https://www.kegg.jp/dbget-bin/www_bget?hsa:7132">
        <graphics name="TNFRSF1A, CD120a, FPF, TBP1, TNF-R, TNF-R-I, TNF-R55, TNFAR, TNFR1, TNFR55, TNFR60, p55, p55-R, p60" fgcolor="#000000" bgcolor="#BFFFBF"
             type="rectangle" x="501" y="1242" width="46" height="17"/>
    </entry>
    <entry id="406" name="hsa:7124" type="gene"
        link="https://www.kegg.jp/dbget-bin/www_bget?hsa:7124">
        <graphics name="TNF, DIF, TNF-alpha, TNFA, TNFSF2, TNLG1F" fgcolor="#000000" bgcolor="#BFFFBF"
             type="rectangle" x="384" y="1242" width="46" height="17"/>
    </entry>
    <entry id="409" name="hsa:7430" type="gene"
        link="https://www.kegg.jp/dbget-bin/www_bget?hsa:7430">
        <graphics name="EZR, CVIL, CVL, HEL-S-105, VIL2" fgcolor="#000000" bgcolor="#BFFFBF"
             type="rectangle" x="698" y="642" width="46" height="17"/>
    </entry>
    <entry id="411" name="hsa:5970" type="gene"
        link="https://www.kegg.jp/dbget-bin/www_bget?hsa:5970">
        <graphics name="RELA, CMCU, NFKB3, p65" fgcolor="#000000" bgcolor="#BFFFBF"
             type="rectangle" x="1008" y="1182" width="46" height="17"/>
    </entry>
    <entry id="412" name="hsa:4792 hsa:4793" type="gene"
        link="https://www.kegg.jp/dbget-bin/www_bget?hsa:4792+hsa:4793">
        <graphics name="NFKBIA, EDAID2, IKBA, MAD-3, NFKBI..." fgcolor="#000000" bgcolor="#BFFFBF"
             type="rectangle" x="1008" y="1126" width="46" height="17"/>
    </entry>
    <entry id="413" name="hsa:3551" type="gene"
        link="https://www.kegg.jp/dbget-bin/www_bget?hsa:3551">
        <graphics name="IKBKB, IKK-beta, IKK2, IKKB, IMD15, IMD15A, IMD15B, NFKBIKB" fgcolor="#000000" bgcolor="#BFFFBF"
             type="rectangle" x="918" y="1126" width="46" height="17"/>
    </entry>
    <entry id="414" name="hsa:7186" type="gene"
        link="https://www.kegg.jp/dbget-bin/www_bget?hsa:7186">
        <graphics name="TRAF2, MGC:45012, RNF117, TRAP, TRAP3" fgcolor="#000000" bgcolor="#BFFFBF"
             type="rectangle" x="673" y="1170" width="46" height="17"/>
    </entry>
    <entry id="415" name="hsa:8737" type="gene"
        link="https://www.kegg.jp/dbget-bin/www_bget?hsa:8737">
        <graphics name="RIPK1, AIEFL, IMD57, RIP, RIP-1, RIP1" fgcolor="#000000" bgcolor="#BFFFBF"
             type="rectangle" x="752" y="1170" width="46" height="17"/>
    </entry>
    <entry id="416" name="hsa:8717" type="gene"
        link="https://www.kegg.jp/dbget-bin/www_bget?hsa:8717">
        <graphics name="TRADD, Hs.89862" fgcolor="#000000" bgcolor="#BFFFBF"
             type="rectangle" x="596" y="1170" width="46" height="17"/>
    </entry>
    <entry id="420" name="path:hsa04064" type="map"
        link="https://www.kegg.jp/dbget-bin/www_bget?hsa04064">
        <graphics name="NF-kappa B signaling pathway" fgcolor="#000000" bgcolor="#FFFFFF"
             type="roundrectangle" x="902" y="1011" width="132" height="34"/>
    </entry>
    <entry id="422" name="hsa:3654 hsa:51135" type="gene"
        link="https://www.kegg.jp/dbget-bin/www_bget?hsa:3654+hsa:51135">
        <graphics name="IRAK1, IRAK, pelle..." fgcolor="#000000" bgcolor="#BFFFBF"
             type="rectangle" x="661" y="1082" width="46" height="17"/>
    </entry>
    <entry id="423" name="hsa:4615" type="gene"
        link="https://www.kegg.jp/dbget-bin/www_bget?hsa:4615">
        <graphics name="MYD88, IMD68, MYD88D" fgcolor="#000000" bgcolor="#BFFFBF"
             type="rectangle" x="581" y="1082" width="46" height="17"/>
    </entry>
    <entry id="424" name="hsa:3554" type="gene"
        link="https://www.kegg.jp/dbget-bin/www_bget?hsa:3554">
        <graphics name="IL1R1, CD121A, D2S1473, IL-1R-alpha, IL-1RT1, IL1R, IL1RA, P80" fgcolor="#000000" bgcolor="#BFFFBF"
             type="rectangle" x="501" y="1047" width="46" height="17"/>
    </entry>
    <entry id="425" name="hsa:3553" type="gene"
        link="https://www.kegg.jp/dbget-bin/www_bget?hsa:3553">
        <graphics name="IL1B, IL-1, IL1-BETA, IL1F2, IL1beta" fgcolor="#000000" bgcolor="#BFFFBF"
             type="rectangle" x="385" y="1047" width="46" height="17"/>
    </entry>
    <entry id="428" name="hsa:7189" type="gene"
        link="https://www.kegg.jp/dbget-bin/www_bget?hsa:7189">
        <graphics name="TRAF6, MGC:3310, RNF85" fgcolor="#000000" bgcolor="#BFFFBF"
             type="rectangle" x="740" y="1082" width="46" height="17"/>
    </entry>
    <entry id="430" name="hsa:7099" type="gene"
        link="https://www.kegg.jp/dbget-bin/www_bget?hsa:7099">
        <graphics name="TLR4, ARMD10, CD284, TLR-4, TOLL" fgcolor="#000000" bgcolor="#BFFFBF"
             type="rectangle" x="501" y="1082" width="46" height="17"/>
    </entry>
    <entry id="432" name="hsa:2597" type="gene"
        link="https://www.kegg.jp/dbget-bin/www_bget?hsa:2597">
        <graphics name="GAPDH, G3PD, GAPD, HEL-S-162eP" fgcolor="#000000" bgcolor="#BFFFBF"
             type="rectangle" x="596" y="1202" width="46" height="17"/>
    </entry>
    <entry id="434" name="ko:K23654" type="ortholog"
        link="https://www.kegg.jp/dbget-bin/www_bget?K23654">
        <graphics name="K23654" fgcolor="#000000" bgcolor="#FFFFFF"
             type="rectangle" x="818" y="1190" width="46" height="17"/>
    </entry>
    <entry id="438" name="hsa:6188" type="gene"
        link="https://www.kegg.jp/dbget-bin/www_bget?hsa:6188">
        <graphics name="RPS3, S3" fgcolor="#000000" bgcolor="#BFFFBF"
             type="rectangle" x="1018" y="1102" width="46" height="17"/>
    </entry>
    <entry id="439" name="ko:K16042" type="ortholog"
        link="https://www.kegg.jp/dbget-bin/www_bget?K16042">
        <graphics name="K16042" fgcolor="#000000" bgcolor="#FFFFFF"
             type="rectangle" x="976" y="1046" width="46" height="17"/>
    </entry>
    <entry id="446" name="hsa:10454 hsa:23118 hsa:257397" type="gene"
        link="https://www.kegg.jp/dbget-bin/www_bget?hsa:10454+hsa:23118+hsa:257397">
        <graphics name="TAB1, 3'-Tab1, MAP3K7IP1..." fgcolor="#000000" bgcolor="#BFFFBF"
             type="rectangle" x="833" y="1134" width="46" height="17"/>
    </entry>
    <entry id="447" name="hsa:6885" type="gene"
        link="https://www.kegg.jp/dbget-bin/www_bget?hsa:6885">
        <graphics name="MAP3K7, CSCF, FMD2, MEKK7, TAK1, TGF1a" fgcolor="#000000" bgcolor="#BFFFBF"
             type="rectangle" x="833" y="1117" width="46" height="17"/>
    </entry>
    <entry id="449" name="hsa:5599 hsa:5601 hsa:5602" type="gene"
        link="https://www.kegg.jp/dbget-bin/www_bget?hsa:5599+hsa:5601+hsa:5602">
        <graphics name="MAPK8, JNK, JNK-46, JNK1, JNK1A2, JNK21B1/2, PRKM8, SAPK1, SAPK1c..." fgcolor="#000000" bgcolor="#BFFFBF"
             type="rectangle" x="1008" y="1248" width="46" height="17"/>
    </entry>
    <entry id="450" name="hsa:1432 hsa:5600 hsa:5603 hsa:6300" type="gene"
        link="https://www.kegg.jp/dbget-bin/www_bget?hsa:1432+hsa:5600+hsa:5603+hsa:6300">
        <graphics name="MAPK14, CSBP, CSBP1, CSBP2, CSPB1, EXIP, Mxi2, PRKM14, PRKM15, RK, SAPK2A, p38, p38ALPHA..." fgcolor="#000000" bgcolor="#BFFFBF"
             type="rectangle" x="1009" y="1278" width="46" height="17"/>
    </entry>
    <entry id="451" name="hsa:5594 hsa:5595" type="gene"
        link="https://www.kegg.jp/dbget-bin/www_bget?hsa:5594+hsa:5595">
        <graphics name="MAPK1, ERK, ERK-2, ERK2, ERT1, MAPK2, NS13, P42MAPK, PRKM1, PRKM2, p38, p40, p41, p41mapk, p42-MAPK..." fgcolor="#000000" bgcolor="#BFFFBF"
             type="rectangle" x="1008" y="1219" width="46" height="17"/>
    </entry>
    <entry id="452" name="hsa:2353 hsa:3725" type="gene"
        link="https://www.kegg.jp/dbget-bin/www_bget?hsa:2353+hsa:3725">
        <graphics name="FOS, AP-1, C-FOS, p55..." fgcolor="#000000" bgcolor="#BFFFBF"
             type="rectangle" x="1085" y="1248" width="46" height="17"/>
    </entry>
    <entry id="459" name="ko:K23655" type="ortholog"
        link="https://www.kegg.jp/dbget-bin/www_bget?K23655">
        <graphics name="K23655" fgcolor="#000000" bgcolor="#FFFFFF"
             type="rectangle" x="876" y="1198" width="46" height="17"/>
    </entry>
    <entry id="464" name="hsa:5777 hsa:5781" type="gene"
        link="https://www.kegg.jp/dbget-bin/www_bget?hsa:5777+hsa:5781">
        <graphics name="PTPN6, HCP, HCPH, HPTP1C, PTP-1C, SH-PTP1, SHP-1, SHP-1L, SHP1..." fgcolor="#000000" bgcolor="#BFFFBF"
             type="rectangle" x="601" y="1021" width="46" height="17"/>
    </entry>
    <entry id="471" name="hsa:4790" type="gene"
        link="https://www.kegg.jp/dbget-bin/www_bget?hsa:4790">
        <graphics name="NFKB1, CVID12, EBP-1, KBF1, NF-kB, NF-kB1, NF-kappa-B1, NF-kappaB, NF-kappabeta, NFKB-p105, NFKB-p50, NFkappaB" fgcolor="#000000" bgcolor="#BFFFBF"
             type="rectangle" x="1008" y="1165" width="46" height="17"/>
    </entry>
    <entry id="472" name="hsa:10092 hsa:10093 hsa:10094 hsa:10095 hsa:10096 hsa:10097 hsa:10109 hsa:10552 hsa:57180 hsa:653857 hsa:81873" type="gene"
        link="https://www.kegg.jp/dbget-bin/www_bget?hsa:10092+hsa:10093+hsa:10094+hsa:10095+hsa:10096+hsa:10097+hsa:10109+hsa:10552+hsa:57180+hsa:653857+hsa:81873">
        <graphics name="ARPC5, ARC16, dJ127C7.3, p16-Arc..." fgcolor="#000000" bgcolor="#BFFFBF"
             type="rectangle" x="1018" y="538" width="46" height="17"/>
    </entry>
    <entry id="473" name="hsa:60 hsa:71" type="gene"
        link="https://www.kegg.jp/dbget-bin/www_bget?hsa:60+hsa:71">
        <graphics name="ACTB, BRWS1, PS1TP5BP1..." fgcolor="#000000" bgcolor="#BFFFBF"
             type="rectangle" x="1097" y="538" width="46" height="17"/>
    </entry>
    <entry id="474" name="hsa:27128 hsa:9265 hsa:9266 hsa:9267" type="gene"
        link="https://www.kegg.jp/dbget-bin/www_bget?hsa:27128+hsa:9265+hsa:9266+hsa:9267">
        <graphics name="CYTH4, CYT4, DJ63G5.1, PSCD4, cytohesin-4..." fgcolor="#000000" bgcolor="#BFFFBF"
             type="rectangle" x="642" y="367" width="46" height="17"/>
    </entry>
    <entry id="475" name="hsa:382" type="gene"
        link="https://www.kegg.jp/dbget-bin/www_bget?hsa:382">
        <graphics name="ARF6" fgcolor="#000000" bgcolor="#BFFFBF"
             type="rectangle" x="734" y="367" width="46" height="17"/>
    </entry>
    <entry id="476" name="hsa:375" type="gene"
        link="https://www.kegg.jp/dbget-bin/www_bget?hsa:375">
        <graphics name="ARF1, PVNH8" fgcolor="#000000" bgcolor="#BFFFBF"
             type="rectangle" x="826" y="367" width="46" height="17"/>
    </entry>
    <entry id="477" name="hsa:5879" type="gene"
        link="https://www.kegg.jp/dbget-bin/www_bget?hsa:5879">
        <graphics name="RAC1, MIG5, MRD48, Rac-1, TC-25, p21-Rac1" fgcolor="#000000" bgcolor="#BFFFBF"
             type="rectangle" x="806" y="285" width="46" height="17"/>
    </entry>
    <entry id="480" name="hsa:10163 hsa:10810 hsa:8936" type="gene"
        link="https://www.kegg.jp/dbget-bin/www_bget?hsa:10163+hsa:10810+hsa:8936">
        <graphics name="WASF2, IMD2, SCAR2, WASF4, WAVE2, dJ393P12.2..." fgcolor="#000000" bgcolor="#BFFFBF"
             type="rectangle" x="938" y="322" width="46" height="17"/>
    </entry>
    <entry id="483" name="hsa:10092 hsa:10093 hsa:10094 hsa:10095 hsa:10096 hsa:10097 hsa:10109 hsa:10552 hsa:57180 hsa:653857 hsa:81873" type="gene"
        link="https://www.kegg.jp/dbget-bin/www_bget?hsa:10092+hsa:10093+hsa:10094+hsa:10095+hsa:10096+hsa:10097+hsa:10109+hsa:10552+hsa:57180+hsa:653857+hsa:81873">
        <graphics name="ARPC5, ARC16, dJ127C7.3, p16-Arc..." fgcolor="#000000" bgcolor="#BFFFBF"
             type="rectangle" x="1018" y="322" width="46" height="17"/>
    </entry>
    <entry id="484" name="hsa:60 hsa:71" type="gene"
        link="https://www.kegg.jp/dbget-bin/www_bget?hsa:60+hsa:71">
        <graphics name="ACTB, BRWS1, PS1TP5BP1..." fgcolor="#000000" bgcolor="#BFFFBF"
             type="rectangle" x="1097" y="322" width="46" height="17"/>
    </entry>
    <entry id="488" name="ko:K12785 ko:K12809" type="ortholog"
        link="https://www.kegg.jp/dbget-bin/www_bget?K12785+K12809">
        <graphics name="K12785..." fgcolor="#000000" bgcolor="#FFFFFF"
             type="rectangle" x="753" y="311" width="46" height="17"/>
    </entry>
    <entry id="493" name="hsa:387" type="gene"
        link="https://www.kegg.jp/dbget-bin/www_bget?hsa:387">
        <graphics name="RHOA, ARH12, ARHA, EDFAOB, RHO12, RHOH12" fgcolor="#000000" bgcolor="#BFFFBF"
             type="rectangle" x="806" y="401" width="46" height="17"/>
    </entry>
    <entry id="494" name="hsa:9138" type="gene"
        link="https://www.kegg.jp/dbget-bin/www_bget?hsa:9138">
        <graphics name="ARHGEF1, GEF1, IMD62, LBCL2, LSC, P115-RHOGEF, SUB1.5" fgcolor="#000000" bgcolor="#BFFFBF"
             type="rectangle" x="704" y="412" width="46" height="17"/>
    </entry>
    <entry id="495" name="ko:K12788" type="ortholog"
        link="https://www.kegg.jp/dbget-bin/www_bget?K12788">
        <graphics name="K12788" fgcolor="#000000" bgcolor="#FFFFFF"
             type="rectangle" x="670" y="460" width="46" height="17"/>
    </entry>
    <entry id="500" name="ko:K23648" type="ortholog"
        link="https://www.kegg.jp/dbget-bin/www_bget?K23648">
        <graphics name="K23648" fgcolor="#000000" bgcolor="#FFFFFF"
             type="rectangle" x="582" y="811" width="46" height="17"/>
    </entry>
    <entry id="503" name="hsa:2212" type="gene"
        link="https://www.kegg.jp/dbget-bin/www_bget?hsa:2212">
        <graphics name="FCGR2A, CD32, CD32A, CDw32, FCG2, FCGR2, FCGR2A1, FcGR, FcgammaRIIa, IGFR2" fgcolor="#000000" bgcolor="#BFFFBF"
             type="rectangle" x="503" y="285" width="46" height="17"/>
    </entry>
    <entry id="504" name="hsa:102723407" type="gene"
        link="https://www.kegg.jp/dbget-bin/www_bget?hsa:102723407">
        <graphics name="IGH, IGH@, IGHV4, IGHV4-30, IGHV4-38-2, IGHV4-b, IGVH, IGVH4-39, IGVH4-b, IGVH4b, IgA, IgT, ighv" fgcolor="#000000" bgcolor="#BFFFBF"
             type="rectangle" x="387" y="285" width="46" height="17"/>
    </entry>
    <entry id="506" name="hsa:6714" type="gene"
        link="https://www.kegg.jp/dbget-bin/www_bget?hsa:6714">
        <graphics name="SRC, ASV, SRC1, THC6, c-SRC, p60-Src" fgcolor="#000000" bgcolor="#BFFFBF"
             type="rectangle" x="541" y="238" width="46" height="17"/>
    </entry>
    <entry id="508" name="ko:K23648" type="ortholog"
        link="https://www.kegg.jp/dbget-bin/www_bget?K23648">
        <graphics name="K23648" fgcolor="#000000" bgcolor="#FFFFFF"
             type="rectangle" x="577" y="192" width="46" height="17"/>
    </entry>
    <entry id="511" name="ko:K23650" type="ortholog"
        link="https://www.kegg.jp/dbget-bin/www_bget?K23650">
        <graphics name="K23650" fgcolor="#000000" bgcolor="#FFFFFF"
             type="rectangle" x="181" y="366" width="46" height="17"/>
    </entry>
    <entry id="512" name="ko:K23655" type="ortholog"
        link="https://www.kegg.jp/dbget-bin/www_bget?K23655">
        <graphics name="K23655" fgcolor="#000000" bgcolor="#FFFFFF"
             type="rectangle" x="230" y="525" width="46" height="17"/>
    </entry>
    <entry id="513" name="ko:K23648" type="ortholog"
        link="https://www.kegg.jp/dbget-bin/www_bget?K23648">
        <graphics name="K23648" fgcolor="#000000" bgcolor="#FFFFFF"
             type="rectangle" x="181" y="505" width="46" height="17"/>
    </entry>
    <entry id="514" name="ko:K23657" type="ortholog"
        link="https://www.kegg.jp/dbget-bin/www_bget?K23657">
        <graphics name="K23657" fgcolor="#000000" bgcolor="#FFFFFF"
             type="rectangle" x="230" y="505" width="46" height="17"/>
    </entry>
    <entry id="515" name="ko:K23656" type="ortholog"
        link="https://www.kegg.jp/dbget-bin/www_bget?K23656">
        <graphics name="K23656" fgcolor="#000000" bgcolor="#FFFFFF"
             type="rectangle" x="230" y="545" width="46" height="17"/>
    </entry>
    <entry id="516" name="ko:K23654" type="ortholog"
        link="https://www.kegg.jp/dbget-bin/www_bget?K23654">
        <graphics name="K23654" fgcolor="#000000" bgcolor="#FFFFFF"
             type="rectangle" x="230" y="565" width="46" height="17"/>
    </entry>
    <entry id="517" name="ko:K23658" type="ortholog"
        link="https://www.kegg.jp/dbget-bin/www_bget?K23658">
        <graphics name="K23658" fgcolor="#000000" bgcolor="#FFFFFF"
             type="rectangle" x="230" y="585" width="46" height="17"/>
    </entry>
    <entry id="518" name="ko:K23651" type="ortholog"
        link="https://www.kegg.jp/dbget-bin/www_bget?K23651">
        <graphics name="K23651" fgcolor="#000000" bgcolor="#FFFFFF"
             type="rectangle" x="181" y="545" width="46" height="17"/>
    </entry>
    <entry id="519" name="ko:K23652" type="ortholog"
        link="https://www.kegg.jp/dbget-bin/www_bget?K23652">
        <graphics name="K23652" fgcolor="#000000" bgcolor="#FFFFFF"
             type="rectangle" x="181" y="565" width="46" height="17"/>
    </entry>
    <entry id="523" name="ko:K23656" type="ortholog"
        link="https://www.kegg.jp/dbget-bin/www_bget?K23656">
        <graphics name="K23656" fgcolor="#000000" bgcolor="#FFFFFF"
             type="rectangle" x="885" y="1219" width="46" height="17"/>
    </entry>
    <entry id="524" name="hsa:7100" type="gene"
        link="https://www.kegg.jp/dbget-bin/www_bget?hsa:7100">
        <graphics name="TLR5, MELIOS, SLE1, SLEB1, TIL3" fgcolor="#000000" bgcolor="#BFFFBF"
             type="rectangle" x="501" y="1118" width="46" height="17"/>
    </entry>
    <entry id="525" name="hsa:114609" type="gene"
        link="https://www.kegg.jp/dbget-bin/www_bget?hsa:114609">
        <graphics name="TIRAP, BACTS1, Mal, MyD88-2, wyatt" fgcolor="#000000" bgcolor="#BFFFBF"
             type="rectangle" x="581" y="1065" width="46" height="17"/>
    </entry>
    <entry id="526" name="hsa:4615" type="gene"
        link="https://www.kegg.jp/dbget-bin/www_bget?hsa:4615">
        <graphics name="MYD88, IMD68, MYD88D" fgcolor="#000000" bgcolor="#BFFFBF"
             type="rectangle" x="581" y="1118" width="46" height="17"/>
    </entry>
    <entry id="530" name="hsa:10006" type="gene"
        link="https://www.kegg.jp/dbget-bin/www_bget?hsa:10006">
        <graphics name="ABI1, ABI-1, ABLBP4, E3B1, NAP1BP, SSH3BP, SSH3BP1" fgcolor="#000000" bgcolor="#BFFFBF"
             type="rectangle" x="915" y="305" width="46" height="17"/>
    </entry>
    <entry id="531" name="hsa:10787 hsa:3071" type="gene"
        link="https://www.kegg.jp/dbget-bin/www_bget?hsa:10787+hsa:3071">
        <graphics name="NCKAP1, HEM2, NAP1, NAP125, p125Nap1..." fgcolor="#000000" bgcolor="#BFFFBF"
             type="rectangle" x="915" y="288" width="46" height="17"/>
    </entry>
    <entry id="532" name="hsa:23191 hsa:26999" type="gene"
        link="https://www.kegg.jp/dbget-bin/www_bget?hsa:23191+hsa:26999">
        <graphics name="CYFIP1, P140SRA-1, SHYC, SRA-1, SRA1..." fgcolor="#000000" bgcolor="#BFFFBF"
             type="rectangle" x="961" y="289" width="46" height="19"/>
    </entry>
    <entry id="533" name="path:hsa04666" type="map"
        link="https://www.kegg.jp/dbget-bin/www_bget?hsa04666">
        <graphics name="Fc gamma R-mediated phagocytosis" fgcolor="#000000" bgcolor="#FFFFFF"
             type="roundrectangle" x="501" y="319" width="150" height="34"/>
    </entry>
    <entry id="534" name="hsa:7082" type="gene"
        link="https://www.kegg.jp/dbget-bin/www_bget?hsa:7082">
        <graphics name="TJP1, ZO-1" fgcolor="#000000" bgcolor="#BFFFBF"
             type="rectangle" x="1054" y="1872" width="46" height="17"/>
    </entry>
    <entry id="535" name="ko:K12787" type="ortholog"
        link="https://www.kegg.jp/dbget-bin/www_bget?K12787">
        <graphics name="K12787" fgcolor="#000000" bgcolor="#FFFFFF"
             type="rectangle" x="851" y="1860" width="46" height="17"/>
    </entry>
    <entry id="540" name="hsa:8976" type="gene"
        link="https://www.kegg.jp/dbget-bin/www_bget?hsa:8976">
        <graphics name="WASL, N-WASP, NWASP, WASPB" fgcolor="#000000" bgcolor="#BFFFBF"
             type="rectangle" x="938" y="618" width="46" height="17"/>
    </entry>
    <entry id="541" name="hsa:10092 hsa:10093 hsa:10094 hsa:10095 hsa:10096 hsa:10097 hsa:10109 hsa:10552 hsa:57180 hsa:653857 hsa:81873" type="gene"
        link="https://www.kegg.jp/dbget-bin/www_bget?hsa:10092+hsa:10093+hsa:10094+hsa:10095+hsa:10096+hsa:10097+hsa:10109+hsa:10552+hsa:57180+hsa:653857+hsa:81873">
        <graphics name="ARPC5, ARC16, dJ127C7.3, p16-Arc..." fgcolor="#000000" bgcolor="#BFFFBF"
             type="rectangle" x="1018" y="618" width="46" height="17"/>
    </entry>
    <entry id="543" name="hsa:60 hsa:71" type="gene"
        link="https://www.kegg.jp/dbget-bin/www_bget?hsa:60+hsa:71">
        <graphics name="ACTB, BRWS1, PS1TP5BP1..." fgcolor="#000000" bgcolor="#BFFFBF"
             type="rectangle" x="1097" y="618" width="46" height="17"/>
    </entry>
    <entry id="547" name="ko:K23650" type="ortholog"
        link="https://www.kegg.jp/dbget-bin/www_bget?K23650">
        <graphics name="K23650" fgcolor="#000000" bgcolor="#FFFFFF"
             type="rectangle" x="1026" y="466" width="46" height="17"/>
    </entry>
    <entry id="548" name="hsa:283446 hsa:4430 hsa:4542 hsa:4627 hsa:4628 hsa:4629 hsa:4640 hsa:4641 hsa:4642 hsa:4643 hsa:4644 hsa:4645 hsa:4646 hsa:4651 hsa:55930 hsa:64005 hsa:79784" type="gene"
        link="https://www.kegg.jp/dbget-bin/www_bget?hsa:283446+hsa:4430+hsa:4542+hsa:4627+hsa:4628+hsa:4629+hsa:4640+hsa:4641+hsa:4642+hsa:4643+hsa:4644+hsa:4645+hsa:4646+hsa:4651+hsa:55930+hsa:64005+hsa:79784">
        <graphics name="MYO1H, CCHS2..." fgcolor="#000000" bgcolor="#BFFFBF"
             type="rectangle" x="1097" y="425" width="46" height="17"/>
    </entry>
    <entry id="549" name="hsa:60 hsa:71" type="gene"
        link="https://www.kegg.jp/dbget-bin/www_bget?hsa:60+hsa:71">
        <graphics name="ACTB, BRWS1, PS1TP5BP1..." fgcolor="#000000" bgcolor="#BFFFBF"
             type="rectangle" x="1095" y="468" width="46" height="17"/>
    </entry>
    <entry id="554" name="hsa:998" type="gene"
        link="https://www.kegg.jp/dbget-bin/www_bget?hsa:998">
        <graphics name="CDC42, CDC42Hs, G25K, TKS" fgcolor="#000000" bgcolor="#BFFFBF"
             type="rectangle" x="806" y="423" width="46" height="17"/>
    </entry>
    <entry id="555" name="ko:K23659" type="ortholog"
        link="https://www.kegg.jp/dbget-bin/www_bget?K23659">
        <graphics name="K23659" fgcolor="#000000" bgcolor="#FFFFFF"
             type="rectangle" x="181" y="446" width="46" height="17"/>
    </entry>
    <entry id="556" name="hsa:8772" type="gene"
        link="https://www.kegg.jp/dbget-bin/www_bget?hsa:8772">
        <graphics name="FADD, GIG3, IMD90, MORT1" fgcolor="#000000" bgcolor="#BFFFBF"
             type="rectangle" x="596" y="1322" width="46" height="17"/>
    </entry>
    <entry id="557" name="hsa:8717" type="gene"
        link="https://www.kegg.jp/dbget-bin/www_bget?hsa:8717">
        <graphics name="TRADD, Hs.89862" fgcolor="#000000" bgcolor="#BFFFBF"
             type="rectangle" x="596" y="1305" width="46" height="17"/>
    </entry>
    <entry id="559" name="hsa:8772" type="gene"
        link="https://www.kegg.jp/dbget-bin/www_bget?hsa:8772">
        <graphics name="FADD, GIG3, IMD90, MORT1" fgcolor="#000000" bgcolor="#BFFFBF"
             type="rectangle" x="596" y="1454" width="46" height="17"/>
    </entry>
    <entry id="560" name="hsa:8795 hsa:8797" type="gene"
        link="https://www.kegg.jp/dbget-bin/www_bget?hsa:8795+hsa:8797">
        <graphics name="TNFRSF10B, CD262, DR5, KILLER, KILLER/DR5, TRAIL-R2, TRAILR2, TRICK2, TRICK2A, TRICK2B, TRICKB, ZTNFR9..." fgcolor="#000000" bgcolor="#BFFFBF"
             type="rectangle" x="501" y="1436" width="46" height="17"/>
    </entry>
    <entry id="561" name="hsa:355" type="gene"
        link="https://www.kegg.jp/dbget-bin/www_bget?hsa:355">
        <graphics name="FAS, ALPS1A, APO-1, APT1, CD95, FAS1, FASTM, TNFRSF6" fgcolor="#000000" bgcolor="#BFFFBF"
             type="rectangle" x="501" y="1469" width="46" height="17"/>
    </entry>
    <entry id="562" name="hsa:8743" type="gene"
        link="https://www.kegg.jp/dbget-bin/www_bget?hsa:8743">
        <graphics name="TNFSF10, APO2L, Apo-2L, CD253, TL2, TNLG6A, TRAIL" fgcolor="#000000" bgcolor="#BFFFBF"
             type="rectangle" x="384" y="1436" width="46" height="17"/>
    </entry>
    <entry id="563" name="hsa:356" type="gene"
        link="https://www.kegg.jp/dbget-bin/www_bget?hsa:356">
        <graphics name="FASLG, ALPS1B, APT1LG1, APTL, CD178, CD95-L, CD95L, FASL, TNFSF6, TNLG1A" fgcolor="#000000" bgcolor="#BFFFBF"
             type="rectangle" x="384" y="1469" width="46" height="17"/>
    </entry>
    <entry id="570" name="path:hsa04210" type="map"
        link="https://www.kegg.jp/dbget-bin/www_bget?hsa04210">
        <graphics name="Apoptosis" fgcolor="#000000" bgcolor="#FFFFFF"
             type="roundrectangle" x="1062" y="1572" width="73" height="25"/>
    </entry>
    <entry id="571" name="ko:K12787" type="ortholog"
        link="https://www.kegg.jp/dbget-bin/www_bget?K12787">
        <graphics name="K12787" fgcolor="#000000" bgcolor="#FFFFFF"
             type="rectangle" x="733" y="1633" width="46" height="17"/>
    </entry>
    <entry id="572" name="hsa:842" type="gene"
        link="https://www.kegg.jp/dbget-bin/www_bget?hsa:842">
        <graphics name="CASP9, APAF-3, APAF3, ICE-LAP6, MCH6, PPP1R56" fgcolor="#000000" bgcolor="#BFFFBF"
             type="rectangle" x="949" y="1576" width="46" height="17"/>
    </entry>
    <entry id="573" name="hsa:840" type="gene"
        link="https://www.kegg.jp/dbget-bin/www_bget?hsa:840">
        <graphics name="CASP7, CASP-7, CMH-1, ICE-LAP3, LICE2, MCH3" fgcolor="#000000" bgcolor="#BFFFBF"
             type="rectangle" x="1061" y="1536" width="46" height="17"/>
    </entry>
    <entry id="574" name="hsa:836" type="gene"
        link="https://www.kegg.jp/dbget-bin/www_bget?hsa:836">
        <graphics name="CASP3, CPP32, CPP32B, SCA-1" fgcolor="#000000" bgcolor="#BFFFBF"
             type="rectangle" x="1061" y="1516" width="46" height="17"/>
    </entry>
    <entry id="575" name="hsa:841" type="gene"
        link="https://www.kegg.jp/dbget-bin/www_bget?hsa:841">
        <graphics name="CASP8, ALPS2B, CAP4, Casp-8, FLICE, MACH, MCH5" fgcolor="#000000" bgcolor="#BFFFBF"
             type="rectangle" x="949" y="1454" width="46" height="17"/>
    </entry>
    <entry id="578" name="hsa:581" type="gene"
        link="https://www.kegg.jp/dbget-bin/www_bget?hsa:581">
        <graphics name="BAX, BCL2L4" fgcolor="#000000" bgcolor="#BFFFBF"
             type="rectangle" x="669" y="1586" width="46" height="17"/>
    </entry>
    <entry id="579" name="hsa:578" type="gene"
        link="https://www.kegg.jp/dbget-bin/www_bget?hsa:578">
        <graphics name="BAK1, BAK, BAK-LIKE, BCL2L7, CDN1" fgcolor="#000000" bgcolor="#BFFFBF"
             type="rectangle" x="669" y="1566" width="46" height="17"/>
    </entry>
    <entry id="580" name="hsa:7009" type="gene"
        link="https://www.kegg.jp/dbget-bin/www_bget?hsa:7009">
        <graphics name="TMBIM6, BAXI1, BI-1, TEGT" fgcolor="#000000" bgcolor="#BFFFBF"
             type="rectangle" x="583" y="1576" width="46" height="17"/>
    </entry>
    <entry id="586" name="hsa:837" type="gene"
        link="https://www.kegg.jp/dbget-bin/www_bget?hsa:837">
        <graphics name="CASP4, ICE(rel)II, ICEREL-II, ICH-2, Mih1, Mih1/TX, TX" fgcolor="#000000" bgcolor="#BFFFBF"
             type="rectangle" x="1066" y="1717" width="46" height="17"/>
    </entry>
    <entry id="588" name="ko:K16042" type="ortholog"
        link="https://www.kegg.jp/dbget-bin/www_bget?K16042">
        <graphics name="K16042" fgcolor="#000000" bgcolor="#FFFFFF"
             type="rectangle" x="681" y="1512" width="46" height="17"/>
    </entry>
    <entry id="589" name="ko:K12786" type="ortholog"
        link="https://www.kegg.jp/dbget-bin/www_bget?K12786">
        <graphics name="K12786" fgcolor="#000000" bgcolor="#FFFFFF"
             type="rectangle" x="733" y="1654" width="46" height="17"/>
    </entry>
    <entry id="590" name="hsa:10061" type="gene"
        link="https://www.kegg.jp/dbget-bin/www_bget?hsa:10061">
        <graphics name="ABCF2, ABC28, EST133090, HUSSY-18, HUSSY18" fgcolor="#000000" bgcolor="#BFFFBF"
             type="rectangle" x="854" y="1637" width="46" height="17"/>
    </entry>
    <entry id="595" name="hsa:54205" type="gene"
        link="https://www.kegg.jp/dbget-bin/www_bget?hsa:54205">
        <graphics name="CYCS, CYC, HCS, THC4" fgcolor="#000000" bgcolor="#BFFFBF"
             type="rectangle" x="867" y="1576" width="46" height="17"/>
    </entry>
    <entry id="597" name="ko:K23659" type="ortholog"
        link="https://www.kegg.jp/dbget-bin/www_bget?K23659">
        <graphics name="K23659" fgcolor="#000000" bgcolor="#FFFFFF"
             type="rectangle" x="733" y="1512" width="46" height="17"/>
    </entry>
    <entry id="602" name="ko:K23657" type="ortholog"
        link="https://www.kegg.jp/dbget-bin/www_bget?K23657">
        <graphics name="K23657" fgcolor="#000000" bgcolor="#FFFFFF"
             type="rectangle" x="681" y="1490" width="46" height="17"/>
    </entry>
    <entry id="607" name="ko:K23658" type="ortholog"
        link="https://www.kegg.jp/dbget-bin/www_bget?K23658">
        <graphics name="K23658" fgcolor="#000000" bgcolor="#FFFFFF"
             type="rectangle" x="733" y="1490" width="46" height="17"/>
    </entry>
    <entry id="611" name="ko:K23657" type="ortholog"
        link="https://www.kegg.jp/dbget-bin/www_bget?K23657">
        <graphics name="K23657" fgcolor="#000000" bgcolor="#FFFFFF"
             type="rectangle" x="641" y="1255" width="46" height="17"/>
    </entry>
    <entry id="612" name="ko:K12788" type="ortholog"
        link="https://www.kegg.jp/dbget-bin/www_bget?K12788">
        <graphics name="K12788" fgcolor="#000000" bgcolor="#FFFFFF"
             type="rectangle" x="681" y="1633" width="46" height="17"/>
    </entry>
    <entry id="613" name="ko:K23660" type="ortholog"
        link="https://www.kegg.jp/dbget-bin/www_bget?K23660">
        <graphics name="K23660" fgcolor="#000000" bgcolor="#FFFFFF"
             type="rectangle" x="681" y="1654" width="46" height="17"/>
    </entry>
    <entry id="617" name="ko:K16041" type="ortholog"
        link="https://www.kegg.jp/dbget-bin/www_bget?K16041">
        <graphics name="K16041" fgcolor="#000000" bgcolor="#FFFFFF"
             type="rectangle" x="800" y="1860" width="46" height="17"/>
    </entry>
    <entry id="618" name="ko:K12789" type="ortholog"
        link="https://www.kegg.jp/dbget-bin/www_bget?K12789">
        <graphics name="K12789" fgcolor="#000000" bgcolor="#FFFFFF"
             type="rectangle" x="800" y="1883" width="46" height="17"/>
    </entry>
    <entry id="619" name="hsa:7124" type="gene"
        link="https://www.kegg.jp/dbget-bin/www_bget?hsa:7124">
        <graphics name="TNF, DIF, TNF-alpha, TNFA, TNFSF2, TNLG1F" fgcolor="#000000" bgcolor="#BFFFBF"
             type="rectangle" x="1197" y="1180" width="46" height="17"/>
    </entry>
    <entry id="620" name="hsa:3569" type="gene"
        link="https://www.kegg.jp/dbget-bin/www_bget?hsa:3569">
        <graphics name="IL6, BSF-2, BSF2, CDF, HGF, HSF, IFN-beta-2, IFNB2, IL-6" fgcolor="#000000" bgcolor="#BFFFBF"
             type="rectangle" x="1197" y="1222" width="46" height="17"/>
    </entry>
    <entry id="621" name="hsa:3576" type="gene"
        link="https://www.kegg.jp/dbget-bin/www_bget?hsa:3576">
        <graphics name="CXCL8, GCP-1, GCP1, IL8, LECT, LUCT, LYNAP, MDNCF, MONAP, NAF, NAP-1, NAP1, SCYB8" fgcolor="#000000" bgcolor="#BFFFBF"
             type="rectangle" x="1197" y="1243" width="46" height="17"/>
    </entry>
    <entry id="624" name="ko:K23660" type="ortholog"
        link="https://www.kegg.jp/dbget-bin/www_bget?K23660">
        <graphics name="K23660" fgcolor="#000000" bgcolor="#FFFFFF"
             type="rectangle" x="181" y="585" width="46" height="17"/>
    </entry>
    <entry id="625" name="ko:K23653" type="ortholog"
        link="https://www.kegg.jp/dbget-bin/www_bget?K23653">
        <graphics name="K23653" fgcolor="#000000" bgcolor="#FFFFFF"
             type="rectangle" x="181" y="526" width="46" height="17"/>
    </entry>
    <entry id="626" name="ko:K23653" type="ortholog"
        link="https://www.kegg.jp/dbget-bin/www_bget?K23653">
        <graphics name="K23653" fgcolor="#000000" bgcolor="#FFFFFF"
             type="rectangle" x="827" y="1839" width="46" height="17"/>
    </entry>
    <entry id="627" name="hsa:55845" type="gene"
        link="https://www.kegg.jp/dbget-bin/www_bget?hsa:55845">
        <graphics name="BRK1, C3orf10, HSPC300, MDS027, hHBrk1" fgcolor="#000000" bgcolor="#BFFFBF"
             type="rectangle" x="961" y="305" width="46" height="17"/>
    </entry>
    <entry id="628" name="hsa:3553" type="gene"
        link="https://www.kegg.jp/dbget-bin/www_bget?hsa:3553">
        <graphics name="IL1B, IL-1, IL1-BETA, IL1F2, IL1beta" fgcolor="#000000" bgcolor="#BFFFBF"
             type="rectangle" x="1197" y="1201" width="46" height="17"/>
    </entry>
    <entry id="629" name="hsa:1147" type="gene"
        link="https://www.kegg.jp/dbget-bin/www_bget?hsa:1147">
        <graphics name="CHUK, BPS2, IKBKA, IKK-alpha, IKK1, IKKA, NFKBIKA, TCF16" fgcolor="#000000" bgcolor="#BFFFBF"
             type="rectangle" x="918" y="1109" width="46" height="17"/>
    </entry>
    <entry id="630" name="hsa:8517" type="gene"
        link="https://www.kegg.jp/dbget-bin/www_bget?hsa:8517">
        <graphics name="IKBKG, AMCBX1, EDAID1, FIP-3, FIP3, Fip3p, IKK-gamma, IKKAP1, IKKG, IMD33, IP, IP1, IP2, IPD2, NEMO, SAIDX, ZC2HC9" fgcolor="#000000" bgcolor="#BFFFBF"
             type="rectangle" x="918" y="1092" width="46" height="17"/>
    </entry>
    <entry id="631" name="cpd:C00681" type="compound"
        link="https://www.kegg.jp/dbget-bin/www_bget?C00681">
        <graphics name="C00681" fgcolor="#000000" bgcolor="#FFFFFF"
             type="circle" x="400" y="670" width="8" height="8"/>
    </entry>
    <entry id="632" name="hsa:2147" type="gene"
        link="https://www.kegg.jp/dbget-bin/www_bget?hsa:2147">
        <graphics name="F2, PT, RPRGL2, THPH1" fgcolor="#000000" bgcolor="#BFFFBF"
             type="rectangle" x="385" y="709" width="46" height="17"/>
    </entry>
    <entry id="636" name="cpd:C00338" type="compound"
        link="https://www.kegg.jp/dbget-bin/www_bget?C00338">
        <graphics name="C00338" fgcolor="#000000" bgcolor="#FFFFFF"
             type="circle" x="400" y="1082" width="8" height="8"/>
    </entry>
    <entry id="637" name="hsa:10427 hsa:10802 hsa:9632 hsa:9871" type="gene"
        link="https://www.kegg.jp/dbget-bin/www_bget?hsa:10427+hsa:10802+hsa:9632+hsa:9871">
        <graphics name="SEC24B, SEC24..." fgcolor="#000000" bgcolor="#BFFFBF"
             type="rectangle" x="1189" y="1329" width="46" height="17"/>
    </entry>
    <entry id="638" name="hsa:10972" type="gene"
        link="https://www.kegg.jp/dbget-bin/www_bget?hsa:10972">
        <graphics name="TMED10, P24(DELTA), S31I125, S31III125, TMP21, Tmp-21-I, p23, p24d1" fgcolor="#000000" bgcolor="#BFFFBF"
             type="rectangle" x="1190" y="1424" width="46" height="17"/>
    </entry>
    <entry id="639" name="ko:K23658" type="ortholog"
        link="https://www.kegg.jp/dbget-bin/www_bget?K23658">
        <graphics name="K23658" fgcolor="#000000" bgcolor="#FFFFFF"
             type="rectangle" x="1189" y="1394" width="46" height="17"/>
    </entry>
    <entry id="640" name="ko:K16041" type="ortholog"
        link="https://www.kegg.jp/dbget-bin/www_bget?K16041">
        <graphics name="K16041" fgcolor="#000000" bgcolor="#FFFFFF"
             type="rectangle" x="1189" y="1360" width="46" height="17"/>
    </entry>
    <entry id="641" name="ko:K12785 ko:K12809" type="ortholog"
        link="https://www.kegg.jp/dbget-bin/www_bget?K12785+K12809">
        <graphics name="K12785..." fgcolor="#000000" bgcolor="#FFFFFF"
             type="rectangle" x="1081" y="1394" width="46" height="17"/>
    </entry>
    <entry id="642" name="hsa:5861" type="gene"
        link="https://www.kegg.jp/dbget-bin/www_bget?hsa:5861">
        <graphics name="RAB1A, RAB1, YPT1" fgcolor="#000000" bgcolor="#BFFFBF"
             type="rectangle" x="1107" y="1354" width="46" height="17"/>
    </entry>
    <entry id="645" name="hsa:375 hsa:382" type="gene"
        link="https://www.kegg.jp/dbget-bin/www_bget?hsa:375+hsa:382">
        <graphics name="ARF1, PVNH8..." fgcolor="#000000" bgcolor="#BFFFBF"
             type="rectangle" x="1081" y="1424" width="46" height="17"/>
    </entry>
    <entry id="650" name="hsa:5058 hsa:5062 hsa:5063" type="gene"
        link="https://www.kegg.jp/dbget-bin/www_bget?hsa:5058+hsa:5062+hsa:5063">
        <graphics name="PAK1, IDDMSSD, PAKalpha, alpha-PAK, p65-PAK..." fgcolor="#000000" bgcolor="#BFFFBF"
             type="rectangle" x="1055" y="1354" width="46" height="17"/>
    </entry>
    <entry id="658" name="ko:K23658" type="ortholog"
        link="https://www.kegg.jp/dbget-bin/www_bget?K23658">
        <graphics name="K23658" fgcolor="#000000" bgcolor="#FFFFFF"
             type="rectangle" x="1042" y="1670" width="46" height="17"/>
    </entry>
    <entry id="662" name="cpd:C00338" type="compound"
        link="https://www.kegg.jp/dbget-bin/www_bget?C00338">
        <graphics name="C00338" fgcolor="#000000" bgcolor="#FFFFFF"
             type="circle" x="997" y="1715" width="8" height="8"/>
    </entry>
    <entry id="664" name="hsa:834" type="gene"
        link="https://www.kegg.jp/dbget-bin/www_bget?hsa:834">
        <graphics name="CASP1, ICE, IL1BC, P45" fgcolor="#000000" bgcolor="#BFFFBF"
             type="rectangle" x="1066" y="1762" width="46" height="17"/>
    </entry>
    <entry id="667" name="ko:K23661" type="ortholog"
        link="https://www.kegg.jp/dbget-bin/www_bget?K23661">
        <graphics name="K23661" fgcolor="#000000" bgcolor="#FFFFFF"
             type="rectangle" x="501" y="1799" width="46" height="17"/>
    </entry>
    <entry id="668" name="undefined" type="group">
        <graphics fgcolor="#000000" bgcolor="#FFFFFF"
             type="rectangle" x="938" y="305" width="92" height="51"/>
        <component id="480"/>
        <component id="530"/>
        <component id="531"/>
        <component id="532"/>
        <component id="627"/>
    </entry>
    <entry id="669" name="undefined" type="group">
        <graphics fgcolor="#000000" bgcolor="#FFFFFF"
             type="rectangle" x="581" y="1073" width="46" height="34"/>
        <component id="423"/>
        <component id="525"/>
    </entry>
    <entry id="670" name="undefined" type="group">
        <graphics fgcolor="#000000" bgcolor="#FFFFFF"
             type="rectangle" x="833" y="1125" width="46" height="34"/>
        <component id="446"/>
        <component id="447"/>
    </entry>
    <entry id="671" name="undefined" type="group">
        <graphics fgcolor="#000000" bgcolor="#FFFFFF"
             type="rectangle" x="918" y="1109" width="46" height="51"/>
        <component id="413"/>
        <component id="629"/>
        <component id="630"/>
    </entry>
    <entry id="672" name="undefined" type="group">
        <graphics fgcolor="#000000" bgcolor="#FFFFFF"
             type="rectangle" x="1008" y="1173" width="46" height="34"/>
        <component id="411"/>
        <component id="471"/>
    </entry>
    <entry id="673" name="undefined" type="group">
        <graphics fgcolor="#000000" bgcolor="#FFFFFF"
             type="rectangle" x="596" y="1313" width="46" height="34"/>
        <component id="556"/>
        <component id="557"/>
    </entry>
    <entry id="674" name="undefined" type="group">
        <graphics fgcolor="#000000" bgcolor="#FFFFFF"
             type="rectangle" x="969" y="1762" width="92" height="17"/>
        <component id="387"/>
        <component id="388"/>
    </entry>
    <relation entry1="504" entry2="503" type="PPrel">
        <subtype name="activation" value="--&gt;"/>
    </relation>
    <relation entry1="474" entry2="475" type="PPrel">
        <subtype name="activation" value="--&gt;"/>
    </relation>
    <relation entry1="475" entry2="476" type="PPrel">
        <subtype name="activation" value="--&gt;"/>
    </relation>
    <relation entry1="476" entry2="668" type="PPrel">
        <subtype name="activation" value="--&gt;"/>
    </relation>
    <relation entry1="477" entry2="668" type="PPrel">
        <subtype name="activation" value="--&gt;"/>
    </relation>
    <relation entry1="480" entry2="483" type="PPrel">
        <subtype name="activation" value="--&gt;"/>
    </relation>
    <relation entry1="483" entry2="484" type="PPrel">
        <subtype name="activation" value="--&gt;"/>
    </relation>
    <relation entry1="506" entry2="503" type="PPrel">
        <subtype name="activation" value="--&gt;"/>
        <subtype name="phosphorylation" value="+p"/>
    </relation>
    <relation entry1="494" entry2="493" type="PPrel">
        <subtype name="activation" value="--&gt;"/>
    </relation>
    <relation entry1="494" entry2="554" type="PPrel">
        <subtype name="activation" value="--&gt;"/>
    </relation>
    <relation entry1="548" entry2="549" type="PPrel">
        <subtype name="binding/association" value="---"/>
    </relation>
    <relation entry1="365" entry2="382" type="PPrel">
        <subtype name="activation" value="--&gt;"/>
    </relation>
    <relation entry1="382" entry2="472" type="PPrel">
        <subtype name="activation" value="--&gt;"/>
    </relation>
    <relation entry1="472" entry2="473" type="PPrel">
        <subtype name="activation" value="--&gt;"/>
    </relation>
    <relation entry1="57" entry2="540" type="PPrel">
        <subtype name="activation" value="--&gt;"/>
    </relation>
    <relation entry1="540" entry2="541" type="PPrel">
        <subtype name="activation" value="--&gt;"/>
    </relation>
    <relation entry1="541" entry2="543" type="PPrel">
        <subtype name="activation" value="--&gt;"/>
    </relation>
    <relation entry1="380" entry2="409" type="PPrel">
        <subtype name="activation" value="--&gt;"/>
    </relation>
    <relation entry1="409" entry2="69" type="PPrel">
        <subtype name="activation" value="--&gt;"/>
        <subtype name="indirect effect" value="..&gt;"/>
    </relation>
    <relation entry1="631" entry2="356" type="PCrel">
        <subtype name="activation" value="--&gt;"/>
    </relation>
    <relation entry1="632" entry2="356" type="PPrel">
        <subtype name="activation" value="--&gt;"/>
    </relation>
    <relation entry1="356" entry2="357" type="PPrel">
        <subtype name="activation" value="--&gt;"/>
    </relation>
    <relation entry1="357" entry2="358" type="PPrel">
        <subtype name="activation" value="--&gt;"/>
    </relation>
    <relation entry1="358" entry2="69" type="PPrel">
        <subtype name="activation" value="--&gt;"/>
    </relation>
    <relation entry1="69" entry2="53" type="PPrel">
        <subtype name="activation" value="--&gt;"/>
    </relation>
    <relation entry1="40" entry2="67" type="PPrel">
        <subtype name="inhibition" value="--|"/>
    </relation>
    <relation entry1="72" entry2="67" type="PPrel">
        <subtype name="inhibition" value="--|"/>
    </relation>
    <relation entry1="67" entry2="69" type="PPrel">
        <subtype name="activation" value="--&gt;"/>
    </relation>
    <relation entry1="66" entry2="354" type="PPrel">
        <subtype name="activation" value="--&gt;"/>
    </relation>
    <relation entry1="354" entry2="62" type="PPrel">
        <subtype name="activation" value="--&gt;"/>
    </relation>
    <relation entry1="62" entry2="269" type="PPrel">
        <subtype name="activation" value="--&gt;"/>
    </relation>
    <relation entry1="269" entry2="335" type="PPrel">
        <subtype name="activation" value="--&gt;"/>
    </relation>
    <relation entry1="464" entry2="428" type="PPrel">
        <subtype name="inhibition" value="--|"/>
    </relation>
    <relation entry1="425" entry2="424" type="PPrel">
        <subtype name="activation" value="--&gt;"/>
    </relation>
    <relation entry1="424" entry2="669" type="PPrel">
        <subtype name="activation" value="--&gt;"/>
    </relation>
    <relation entry1="430" entry2="669" type="PPrel">
        <subtype name="activation" value="--&gt;"/>
    </relation>
    <relation entry1="636" entry2="430" type="PCrel">
        <subtype name="activation" value="--&gt;"/>
    </relation>
    <relation entry1="423" entry2="422" type="PPrel">
        <subtype name="activation" value="--&gt;"/>
    </relation>
    <relation entry1="524" entry2="526" type="PPrel">
        <subtype name="activation" value="--&gt;"/>
    </relation>
    <relation entry1="526" entry2="422" type="PPrel">
        <subtype name="activation" value="--&gt;"/>
    </relation>
    <relation entry1="422" entry2="428" type="PPrel">
        <subtype name="activation" value="--&gt;"/>
    </relation>
    <relation entry1="428" entry2="670" type="PPrel">
        <subtype name="activation" value="--&gt;"/>
    </relation>
    <relation entry1="406" entry2="405" type="PPrel">
        <subtype name="activation" value="--&gt;"/>
    </relation>
    <relation entry1="405" entry2="416" type="PPrel">
        <subtype name="activation" value="--&gt;"/>
    </relation>
    <relation entry1="416" entry2="414" type="PPrel">
        <subtype name="activation" value="--&gt;"/>
    </relation>
    <relation entry1="414" entry2="415" type="PPrel">
        <subtype name="activation" value="--&gt;"/>
    </relation>
    <relation entry1="415" entry2="670" type="PPrel">
        <subtype name="activation" value="--&gt;"/>
    </relation>
    <relation entry1="432" entry2="414" type="PPrel">
        <subtype name="activation" value="--&gt;"/>
    </relation>
    <relation entry1="670" entry2="671" type="PPrel">
        <subtype name="activation" value="--&gt;"/>
        <subtype name="phosphorylation" value="+p"/>
    </relation>
    <relation entry1="671" entry2="412" type="PPrel">
        <subtype name="activation" value="--&gt;"/>
        <subtype name="phosphorylation" value="+p"/>
    </relation>
    <relation entry1="412" entry2="672" type="PPrel">
        <subtype name="dissociation" value="-+-"/>
    </relation>
    <relation entry1="670" entry2="451" type="PPrel">
        <subtype name="activation" value="--&gt;"/>
        <subtype name="indirect effect" value="..&gt;"/>
    </relation>
    <relation entry1="670" entry2="449" type="PPrel">
        <subtype name="activation" value="--&gt;"/>
        <subtype name="indirect effect" value="..&gt;"/>
    </relation>
    <relation entry1="670" entry2="450" type="PPrel">
        <subtype name="activation" value="--&gt;"/>
        <subtype name="indirect effect" value="..&gt;"/>
    </relation>
    <relation entry1="451" entry2="452" type="PPrel">
        <subtype name="activation" value="--&gt;"/>
        <subtype name="phosphorylation" value="+p"/>
    </relation>
    <relation entry1="449" entry2="452" type="PPrel">
        <subtype name="activation" value="--&gt;"/>
        <subtype name="phosphorylation" value="+p"/>
    </relation>
    <relation entry1="450" entry2="452" type="PPrel">
        <subtype name="activation" value="--&gt;"/>
        <subtype name="phosphorylation" value="+p"/>
    </relation>
    <relation entry1="672" entry2="619" type="GErel">
        <subtype name="expression" value="--&gt;"/>
    </relation>
    <relation entry1="672" entry2="628" type="GErel">
        <subtype name="expression" value="--&gt;"/>
    </relation>
    <relation entry1="672" entry2="620" type="GErel">
        <subtype name="expression" value="--&gt;"/>
    </relation>
    <relation entry1="672" entry2="621" type="GErel">
        <subtype name="expression" value="--&gt;"/>
    </relation>
    <relation entry1="452" entry2="619" type="GErel">
        <subtype name="expression" value="--&gt;"/>
    </relation>
    <relation entry1="452" entry2="628" type="GErel">
        <subtype name="expression" value="--&gt;"/>
    </relation>
    <relation entry1="452" entry2="620" type="GErel">
        <subtype name="expression" value="--&gt;"/>
    </relation>
    <relation entry1="452" entry2="621" type="GErel">
        <subtype name="expression" value="--&gt;"/>
    </relation>
    <relation entry1="405" entry2="673" type="PPrel">
        <subtype name="activation" value="--&gt;"/>
    </relation>
    <relation entry1="673" entry2="575" type="PPrel">
        <subtype name="activation" value="--&gt;"/>
    </relation>
    <relation entry1="562" entry2="560" type="PPrel">
        <subtype name="activation" value="--&gt;"/>
    </relation>
    <relation entry1="560" entry2="559" type="PPrel">
        <subtype name="activation" value="--&gt;"/>
    </relation>
    <relation entry1="563" entry2="561" type="PPrel">
        <subtype name="activation" value="--&gt;"/>
    </relation>
    <relation entry1="561" entry2="559" type="PPrel">
        <subtype name="activation" value="--&gt;"/>
    </relation>
    <relation entry1="559" entry2="575" type="PPrel">
        <subtype name="activation" value="--&gt;"/>
    </relation>
    <relation entry1="580" entry2="579" type="PPrel">
        <subtype name="inhibition" value="--|"/>
    </relation>
    <relation entry1="580" entry2="578" type="PPrel">
        <subtype name="inhibition" value="--|"/>
    </relation>
    <relation entry1="579" entry2="595" type="PPrel">
        <subtype name="activation" value="--&gt;"/>
        <subtype name="indirect effect" value="..&gt;"/>
    </relation>
    <relation entry1="578" entry2="595" type="PPrel">
        <subtype name="activation" value="--&gt;"/>
        <subtype name="indirect effect" value="..&gt;"/>
    </relation>
    <relation entry1="595" entry2="572" type="PPrel">
        <subtype name="activation" value="--&gt;"/>
    </relation>
    <relation entry1="575" entry2="574" type="PPrel">
        <subtype name="activation" value="--&gt;"/>
    </relation>
    <relation entry1="575" entry2="573" type="PPrel">
        <subtype name="activation" value="--&gt;"/>
    </relation>
    <relation entry1="572" entry2="574" type="PPrel">
        <subtype name="activation" value="--&gt;"/>
    </relation>
    <relation entry1="572" entry2="573" type="PPrel">
        <subtype name="activation" value="--&gt;"/>
    </relation>
    <relation entry1="590" entry2="572" type="PPrel">
        <subtype name="inhibition" value="--|"/>
        <subtype name="indirect effect" value="..&gt;"/>
    </relation>
    <relation entry1="399" entry2="386" type="PPrel">
        <subtype name="activation" value="--&gt;"/>
    </relation>
    <relation entry1="394" entry2="674" type="PPrel">
        <subtype name="activation" value="--&gt;"/>
    </relation>
    <relation entry1="386" entry2="674" type="PPrel">
        <subtype name="activation" value="--&gt;"/>
    </relation>
    <relation entry1="438" entry2="411" type="PPrel">
        <subtype name="activation" value="--&gt;"/>
    </relation>
    <relation entry1="586" entry2="664" type="PPrel">
        <subtype name="activation" value="--&gt;"/>
    </relation>
    <relation entry1="664" entry2="390" type="PPrel">
        <subtype name="activation" value="--&gt;"/>
    </relation>
    <relation entry1="664" entry2="391" type="PPrel">
        <subtype name="activation" value="--&gt;"/>
    </relation>
    <relation entry1="662" entry2="586" type="PCrel">
        <subtype name="activation" value="--&gt;"/>
    </relation>
    <relation entry1="493" entry2="484" type="PPrel">
        <subtype name="activation" value="--&gt;"/>
        <subtype name="indirect effect" value="..&gt;"/>
    </relation>
    <relation entry1="554" entry2="484" type="PPrel">
        <subtype name="activation" value="--&gt;"/>
        <subtype name="indirect effect" value="..&gt;"/>
    </relation>
    <relation entry1="503" entry2="477" type="PPrel">
        <subtype name="activation" value="--&gt;"/>
        <subtype name="indirect effect" value="..&gt;"/>
    </relation>
</pathway>
