<?xml version="1.0"?>
<!DOCTYPE pathway SYSTEM "https://www.kegg.jp/kegg/xml/KGML_v0.7.2_.dtd">
<!-- Creation date: Aug 5, 2021 16:09:08 +0900 (GMT+9) -->
<pathway name="path:hsa04931" org="hsa" number="04931"
         title="Insulin resistance"
         image="https://www.kegg.jp/kegg/pathway/hsa/hsa04931.png"
         link="https://www.kegg.jp/kegg-bin/show_pathway?hsa04931">
    <entry id="8" name="hsa:5599 hsa:5601 hsa:5602" type="gene"
        link="https://www.kegg.jp/dbget-bin/www_bget?hsa:5599+hsa:5601+hsa:5602">
        <graphics name="MAPK8, JNK, JNK-46, JNK1, JNK1A2, JNK21B1/2, PRKM8, SAPK1, SAPK1c..." fgcolor="#000000" bgcolor="#BFFFBF"
             type="rectangle" x="526" y="305" width="46" height="17"/>
    </entry>
    <entry id="9" name="hsa:7124" type="gene"
        link="https://www.kegg.jp/dbget-bin/www_bget?hsa:7124">
        <graphics name="TNF, DIF, TNF-alpha, TNFA, TNFSF2, TNLG1F" fgcolor="#000000" bgcolor="#BFFFBF"
             type="rectangle" x="235" y="316" width="46" height="17"/>
    </entry>
    <entry id="10" name="cpd:C00162" type="compound"
        link="https://www.kegg.jp/dbget-bin/www_bget?C00162">
        <graphics name="C00162" fgcolor="#000000" bgcolor="#FFFFFF"
             type="circle" x="254" y="597" width="8" height="8"/>
    </entry>
    <entry id="12" name="hsa:7132" type="gene"
        link="https://www.kegg.jp/dbget-bin/www_bget?hsa:7132">
        <graphics name="TNFRSF1A, CD120a, FPF, TBP1, TNF-R, TNF-R-I, TNF-R55, TNFAR, TNFR1, TNFR55, TNFR60, p55, p55-R, p60" fgcolor="#000000" bgcolor="#BFFFBF"
             type="rectangle" x="321" y="316" width="46" height="17"/>
    </entry>
    <entry id="15" name="hsa:10998 hsa:10999 hsa:11000 hsa:11001 hsa:28965 hsa:376497" type="gene"
        link="https://www.kegg.jp/dbget-bin/www_bget?hsa:10998+hsa:10999+hsa:11000+hsa:11001+hsa:28965+hsa:376497">
        <graphics name="SLC27A5, ACSB, ACSVL6, BACS, BAL, FACVL3, FATP-5, FATP5, VLACSR, VLCS-H2, VLCSH2..." fgcolor="#000000" bgcolor="#BFFFBF"
             type="rectangle" x="321" y="586" width="46" height="17"/>
    </entry>
    <entry id="16" name="cpd:C00162" type="compound"
        link="https://www.kegg.jp/dbget-bin/www_bget?C00162">
        <graphics name="C00162" fgcolor="#000000" bgcolor="#FFFFFF"
             type="circle" x="423" y="598" width="8" height="8"/>
    </entry>
    <entry id="19" name="hsa:3551" type="gene"
        link="https://www.kegg.jp/dbget-bin/www_bget?hsa:3551">
        <graphics name="IKBKB, IKK-beta, IKK2, IKKB, IMD15, IMD15A, IMD15B, NFKBIKB" fgcolor="#000000" bgcolor="#BFFFBF"
             type="rectangle" x="526" y="329" width="46" height="17"/>
    </entry>
    <entry id="21" name="hsa:2475" type="gene"
        link="https://www.kegg.jp/dbget-bin/www_bget?hsa:2475">
        <graphics name="MTOR, FRAP, FRAP1, FRAP2, RAFT1, RAPT1, SKS" fgcolor="#000000" bgcolor="#BFFFBF"
             type="rectangle" x="1043" y="174" width="46" height="17"/>
    </entry>
    <entry id="23" name="hsa:6198 hsa:6199" type="gene"
        link="https://www.kegg.jp/dbget-bin/www_bget?hsa:6198+hsa:6199">
        <graphics name="RPS6KB1, PS6K, S6K, S6K-beta-1, S6K1, STK14A, p70_S6KA, p70(S6K)-alpha, p70-S6K, p70-alpha..." fgcolor="#000000" bgcolor="#BFFFBF"
             type="rectangle" x="927" y="141" width="46" height="17"/>
    </entry>
    <entry id="25" name="hsa:3643" type="gene"
        link="https://www.kegg.jp/dbget-bin/www_bget?hsa:3643">
        <graphics name="INSR, CD220, HHF5" fgcolor="#000000" bgcolor="#BFFFBF"
             type="rectangle" x="321" y="174" width="46" height="17"/>
    </entry>
    <entry id="26" name="hsa:3667" type="gene"
        link="https://www.kegg.jp/dbget-bin/www_bget?hsa:3667">
        <graphics name="IRS1, HIRS-1" fgcolor="#000000" bgcolor="#BFFFBF"
             type="rectangle" x="716" y="174" width="46" height="17"/>
    </entry>
    <entry id="29" name="hsa:5290 hsa:5291 hsa:5293 hsa:5295 hsa:5296 hsa:8503" type="gene"
        link="https://www.kegg.jp/dbget-bin/www_bget?hsa:5290+hsa:5291+hsa:5293+hsa:5295+hsa:5296+hsa:8503">
        <graphics name="PIK3CA, CCM4, CLAPO, CLOVE, CWS5, MCAP, MCM, MCMTC, PI3K, PI3K-alpha, p110-alpha..." fgcolor="#000000" bgcolor="#BFFFBF"
             type="rectangle" x="813" y="174" width="46" height="17"/>
    </entry>
    <entry id="31" name="hsa:10000 hsa:207 hsa:208" type="gene"
        link="https://www.kegg.jp/dbget-bin/www_bget?hsa:10000+hsa:207+hsa:208">
        <graphics name="AKT3, MPPH, MPPH2, PKB-GAMMA, PKBG, PRKBG, RAC-PK-gamma, RAC-gamma, STK-2..." fgcolor="#000000" bgcolor="#BFFFBF"
             type="rectangle" x="927" y="174" width="46" height="17"/>
    </entry>
    <entry id="34" name="hsa:2932" type="gene"
        link="https://www.kegg.jp/dbget-bin/www_bget?hsa:2932">
        <graphics name="GSK3B" fgcolor="#000000" bgcolor="#BFFFBF"
             type="rectangle" x="1043" y="219" width="46" height="17"/>
    </entry>
    <entry id="41" name="cpd:C02843" type="compound"
        link="https://www.kegg.jp/dbget-bin/www_bget?C02843">
        <graphics name="C02843" fgcolor="#000000" bgcolor="#FFFFFF"
             type="circle" x="536" y="597" width="8" height="8"/>
    </entry>
    <entry id="42" name="cpd:C00165" type="compound"
        link="https://www.kegg.jp/dbget-bin/www_bget?C00165">
        <graphics name="C00165" fgcolor="#000000" bgcolor="#FFFFFF"
             type="circle" x="616" y="599" width="8" height="8"/>
    </entry>
    <entry id="44" name="hsa:5579 hsa:5580 hsa:5588" type="gene"
        link="https://www.kegg.jp/dbget-bin/www_bget?hsa:5579+hsa:5580+hsa:5588">
        <graphics name="PRKCB, PKC-beta, PKCB, PKCI(2), PKCbeta, PRKCB1, PRKCB2..." fgcolor="#000000" bgcolor="#BFFFBF"
             type="rectangle" x="716" y="598" width="46" height="17"/>
    </entry>
    <entry id="49" name="hsa:948" type="gene"
        link="https://www.kegg.jp/dbget-bin/www_bget?hsa:948">
        <graphics name="CD36, BDPLT10, CHDS7, FAT, GP3B, GP4, GPIV, PASIV, SCARB3" fgcolor="#000000" bgcolor="#BFFFBF"
             type="rectangle" x="321" y="609" width="46" height="17"/>
    </entry>
    <entry id="57" name="cpd:C00031" type="compound"
        link="https://www.kegg.jp/dbget-bin/www_bget?C00031">
        <graphics name="C00031" fgcolor="#000000" bgcolor="#FFFFFF"
             type="circle" x="1339" y="311" width="8" height="8"/>
    </entry>
    <entry id="58" name="hsa:6517" type="gene"
        link="https://www.kegg.jp/dbget-bin/www_bget?hsa:6517">
        <graphics name="SLC2A4, GLUT4" fgcolor="#000000" bgcolor="#BFFFBF"
             type="rectangle" x="1285" y="307" width="46" height="17"/>
    </entry>
    <entry id="60" name="hsa:9882" type="gene"
        link="https://www.kegg.jp/dbget-bin/www_bget?hsa:9882">
        <graphics name="TBC1D4, AS160, NIDDM5" fgcolor="#000000" bgcolor="#BFFFBF"
             type="rectangle" x="1043" y="301" width="46" height="17"/>
    </entry>
    <entry id="61" name="hsa:3630" type="gene"
        link="https://www.kegg.jp/dbget-bin/www_bget?hsa:3630">
        <graphics name="INS, IDDM, IDDM1, IDDM2, ILPR, IRDN, MODY10, PNDM4" fgcolor="#000000" bgcolor="#BFFFBF"
             type="rectangle" x="237" y="174" width="46" height="17"/>
    </entry>
    <entry id="62" name="cpd:C00195" type="compound"
        link="https://www.kegg.jp/dbget-bin/www_bget?C00195">
        <graphics name="C00195" fgcolor="#000000" bgcolor="#FFFFFF"
             type="circle" x="617" y="645" width="8" height="8"/>
    </entry>
    <entry id="65" name="hsa:5524" type="gene"
        link="https://www.kegg.jp/dbget-bin/www_bget?hsa:5524">
        <graphics name="PTPA, PP2A, PPP2R4, PR53" fgcolor="#000000" bgcolor="#BFFFBF"
             type="rectangle" x="716" y="646" width="46" height="17"/>
    </entry>
    <entry id="69" name="hsa:3569" type="gene"
        link="https://www.kegg.jp/dbget-bin/www_bget?hsa:3569">
        <graphics name="IL6, BSF-2, BSF2, CDF, HGF, HSF, IFN-beta-2, IFNB2, IL-6" fgcolor="#000000" bgcolor="#BFFFBF"
             type="rectangle" x="237" y="246" width="46" height="17"/>
    </entry>
    <entry id="71" name="hsa:6774" type="gene"
        link="https://www.kegg.jp/dbget-bin/www_bget?hsa:6774">
        <graphics name="STAT3, ADMIO, ADMIO1, APRF, HIES" fgcolor="#000000" bgcolor="#BFFFBF"
             type="rectangle" x="431" y="246" width="46" height="17"/>
    </entry>
    <entry id="73" name="hsa:9021" type="gene"
        link="https://www.kegg.jp/dbget-bin/www_bget?hsa:9021">
        <graphics name="SOCS3, ATOD4, CIS3, Cish3, SOCS-3, SSI-3, SSI3" fgcolor="#000000" bgcolor="#BFFFBF"
             type="rectangle" x="528" y="246" width="46" height="17"/>
    </entry>
    <entry id="83" name="hsa:1375" type="gene"
        link="https://www.kegg.jp/dbget-bin/www_bget?hsa:1375">
        <graphics name="CPT1B, CPT1-M, CPT1M, CPTI, CPTI-M, M-CPT1, MCCPT1, MCPT1" fgcolor="#000000" bgcolor="#BFFFBF"
             type="rectangle" x="572" y="522" width="46" height="17"/>
    </entry>
    <entry id="84" name="path:hsa04931" type="map"
        link="https://www.kegg.jp/dbget-bin/www_bget?hsa04931">
        <graphics name="TITLE:Insulin resistance" fgcolor="#000000" bgcolor="#FFFFFF"
             type="roundrectangle" x="129" y="58" width="177" height="25"/>
    </entry>
    <entry id="86" name="hsa:4792" type="gene"
        link="https://www.kegg.jp/dbget-bin/www_bget?hsa:4792">
        <graphics name="NFKBIA, EDAID2, IKBA, MAD-3, NFKBI" fgcolor="#000000" bgcolor="#BFFFBF"
             type="rectangle" x="630" y="329" width="46" height="17"/>
    </entry>
    <entry id="87" name="hsa:4790 hsa:5970" type="gene"
        link="https://www.kegg.jp/dbget-bin/www_bget?hsa:4790+hsa:5970">
        <graphics name="NFKB1, CVID12, EBP-1, KBF1, NF-kB, NF-kB1, NF-kappa-B1, NF-kappaB, NF-kappabeta, NFKB-p105, NFKB-p50, NFkappaB..." fgcolor="#000000" bgcolor="#BFFFBF"
             type="rectangle" x="631" y="365" width="46" height="17"/>
    </entry>
    <entry id="91" name="hsa:5579" type="gene"
        link="https://www.kegg.jp/dbget-bin/www_bget?hsa:5579">
        <graphics name="PRKCB, PKC-beta, PKCB, PKCI(2), PKCbeta, PRKCB1, PRKCB2" fgcolor="#000000" bgcolor="#BFFFBF"
             type="rectangle" x="525" y="206" width="46" height="17"/>
    </entry>
    <entry id="96" name="hsa:5499 hsa:5500 hsa:5501 hsa:5506 hsa:5507 hsa:5509 hsa:79660 hsa:90673" type="gene"
        link="https://www.kegg.jp/dbget-bin/www_bget?hsa:5499+hsa:5500+hsa:5501+hsa:5506+hsa:5507+hsa:5509+hsa:79660+hsa:90673">
        <graphics name="PPP1CA, PP-1A, PP1A, PP1alpha, PPP1A..." fgcolor="#000000" bgcolor="#BFFFBF"
             type="rectangle" x="1043" y="109" width="46" height="17"/>
    </entry>
    <entry id="97" name="cpd:C00369" type="compound"
        link="https://www.kegg.jp/dbget-bin/www_bget?C00369">
        <graphics name="C00369" fgcolor="#000000" bgcolor="#FFFFFF"
             type="circle" x="1227" y="218" width="8" height="8"/>
    </entry>
    <entry id="98" name="hsa:2997 hsa:2998" type="gene"
        link="https://www.kegg.jp/dbget-bin/www_bget?hsa:2997+hsa:2998">
        <graphics name="GYS1, GSY, GYS..." fgcolor="#000000" bgcolor="#BFFFBF"
             type="rectangle" x="1146" y="219" width="46" height="17"/>
    </entry>
    <entry id="101" name="hsa:4846" type="gene"
        link="https://www.kegg.jp/dbget-bin/www_bget?hsa:4846">
        <graphics name="NOS3, ECNOS, eNOS" fgcolor="#000000" bgcolor="#BFFFBF"
             type="rectangle" x="716" y="365" width="46" height="17"/>
    </entry>
    <entry id="103" name="cpd:C00533" type="compound"
        link="https://www.kegg.jp/dbget-bin/www_bget?C00533">
        <graphics name="C00533" fgcolor="#000000" bgcolor="#FFFFFF"
             type="circle" x="716" y="296" width="8" height="8"/>
    </entry>
    <entry id="106" name="hsa:5770 hsa:5781 hsa:5792" type="gene"
        link="https://www.kegg.jp/dbget-bin/www_bget?hsa:5770+hsa:5781+hsa:5792">
        <graphics name="PTPN1, PTP1B..." fgcolor="#000000" bgcolor="#BFFFBF"
             type="rectangle" x="431" y="141" width="46" height="17"/>
    </entry>
    <entry id="111" name="hsa:5590" type="gene"
        link="https://www.kegg.jp/dbget-bin/www_bget?hsa:5590">
        <graphics name="PRKCZ, PKC-ZETA, PKC2" fgcolor="#000000" bgcolor="#BFFFBF"
             type="rectangle" x="813" y="320" width="46" height="17"/>
    </entry>
    <entry id="114" name="hsa:27330 hsa:6195 hsa:6196 hsa:6197" type="gene"
        link="https://www.kegg.jp/dbget-bin/www_bget?hsa:27330+hsa:6195+hsa:6196+hsa:6197">
        <graphics name="RPS6KA6, PP90RSK4, RSK-4, RSK4, S6K-alpha-6, p90RSK6..." fgcolor="#000000" bgcolor="#BFFFBF"
             type="rectangle" x="927" y="109" width="46" height="17"/>
    </entry>
    <entry id="117" name="path:hsa04151" type="map"
        link="https://www.kegg.jp/dbget-bin/www_bget?hsa04151">
        <graphics name="PI3K-Akt signaling pathway" fgcolor="#000000" bgcolor="#FFFFFF"
             type="roundrectangle" x="869" y="212" width="97" height="34"/>
    </entry>
    <entry id="119" name="cpd:C00422" type="compound"
        link="https://www.kegg.jp/dbget-bin/www_bget?C00422">
        <graphics name="C00422" fgcolor="#000000" bgcolor="#FFFFFF"
             type="circle" x="617" y="553" width="8" height="8"/>
    </entry>
    <entry id="122" name="hsa:3643" type="gene"
        link="https://www.kegg.jp/dbget-bin/www_bget?hsa:3643">
        <graphics name="INSR, CD220, HHF5" fgcolor="#000000" bgcolor="#BFFFBF"
             type="rectangle" x="321" y="850" width="46" height="17"/>
    </entry>
    <entry id="123" name="hsa:8660" type="gene"
        link="https://www.kegg.jp/dbget-bin/www_bget?hsa:8660">
        <graphics name="IRS2, IRS-2" fgcolor="#000000" bgcolor="#BFFFBF"
             type="rectangle" x="716" y="851" width="46" height="17"/>
    </entry>
    <entry id="126" name="hsa:5290 hsa:5291 hsa:5293 hsa:5295 hsa:5296 hsa:8503" type="gene"
        link="https://www.kegg.jp/dbget-bin/www_bget?hsa:5290+hsa:5291+hsa:5293+hsa:5295+hsa:5296+hsa:8503">
        <graphics name="PIK3CA, CCM4, CLAPO, CLOVE, CWS5, MCAP, MCM, MCMTC, PI3K, PI3K-alpha, p110-alpha..." fgcolor="#000000" bgcolor="#BFFFBF"
             type="rectangle" x="813" y="850" width="46" height="17"/>
    </entry>
    <entry id="127" name="hsa:10000 hsa:207 hsa:208" type="gene"
        link="https://www.kegg.jp/dbget-bin/www_bget?hsa:10000+hsa:207+hsa:208">
        <graphics name="AKT3, MPPH, MPPH2, PKB-GAMMA, PKBG, PRKBG, RAC-PK-gamma, RAC-gamma, STK-2..." fgcolor="#000000" bgcolor="#BFFFBF"
             type="rectangle" x="927" y="851" width="46" height="17"/>
    </entry>
    <entry id="129" name="hsa:2932" type="gene"
        link="https://www.kegg.jp/dbget-bin/www_bget?hsa:2932">
        <graphics name="GSK3B" fgcolor="#000000" bgcolor="#BFFFBF"
             type="rectangle" x="1043" y="850" width="46" height="17"/>
    </entry>
    <entry id="132" name="hsa:3630" type="gene"
        link="https://www.kegg.jp/dbget-bin/www_bget?hsa:3630">
        <graphics name="INS, IDDM, IDDM1, IDDM2, ILPR, IRDN, MODY10, PNDM4" fgcolor="#000000" bgcolor="#BFFFBF"
             type="rectangle" x="236" y="851" width="46" height="17"/>
    </entry>
    <entry id="134" name="hsa:3667" type="gene"
        link="https://www.kegg.jp/dbget-bin/www_bget?hsa:3667">
        <graphics name="IRS1, HIRS-1" fgcolor="#000000" bgcolor="#BFFFBF"
             type="rectangle" x="716" y="830" width="46" height="17"/>
    </entry>
    <entry id="140" name="hsa:3569" type="gene"
        link="https://www.kegg.jp/dbget-bin/www_bget?hsa:3569">
        <graphics name="IL6, BSF-2, BSF2, CDF, HGF, HSF, IFN-beta-2, IFNB2, IL-6" fgcolor="#000000" bgcolor="#BFFFBF"
             type="rectangle" x="234" y="729" width="46" height="17"/>
    </entry>
    <entry id="142" name="hsa:6774" type="gene"
        link="https://www.kegg.jp/dbget-bin/www_bget?hsa:6774">
        <graphics name="STAT3, ADMIO, ADMIO1, APRF, HIES" fgcolor="#000000" bgcolor="#BFFFBF"
             type="rectangle" x="431" y="729" width="46" height="17"/>
    </entry>
    <entry id="144" name="hsa:9021" type="gene"
        link="https://www.kegg.jp/dbget-bin/www_bget?hsa:9021">
        <graphics name="SOCS3, ATOD4, CIS3, Cish3, SOCS-3, SSI-3, SSI3" fgcolor="#000000" bgcolor="#BFFFBF"
             type="rectangle" x="622" y="729" width="46" height="17"/>
    </entry>
    <entry id="146" name="hsa:5599 hsa:5601 hsa:5602" type="gene"
        link="https://www.kegg.jp/dbget-bin/www_bget?hsa:5599+hsa:5601+hsa:5602">
        <graphics name="MAPK8, JNK, JNK-46, JNK1, JNK1A2, JNK21B1/2, PRKM8, SAPK1, SAPK1c..." fgcolor="#000000" bgcolor="#BFFFBF"
             type="rectangle" x="527" y="757" width="46" height="17"/>
    </entry>
    <entry id="147" name="hsa:7124" type="gene"
        link="https://www.kegg.jp/dbget-bin/www_bget?hsa:7124">
        <graphics name="TNF, DIF, TNF-alpha, TNFA, TNFSF2, TNLG1F" fgcolor="#000000" bgcolor="#BFFFBF"
             type="rectangle" x="234" y="767" width="46" height="17"/>
    </entry>
    <entry id="148" name="hsa:7132" type="gene"
        link="https://www.kegg.jp/dbget-bin/www_bget?hsa:7132">
        <graphics name="TNFRSF1A, CD120a, FPF, TBP1, TNF-R, TNF-R-I, TNF-R55, TNFAR, TNFR1, TNFR55, TNFR60, p55, p55-R, p60" fgcolor="#000000" bgcolor="#BFFFBF"
             type="rectangle" x="321" y="767" width="46" height="17"/>
    </entry>
    <entry id="153" name="hsa:3551" type="gene"
        link="https://www.kegg.jp/dbget-bin/www_bget?hsa:3551">
        <graphics name="IKBKB, IKK-beta, IKK2, IKKB, IMD15, IMD15A, IMD15B, NFKBIKB" fgcolor="#000000" bgcolor="#BFFFBF"
             type="rectangle" x="527" y="780" width="46" height="17"/>
    </entry>
    <entry id="155" name="hsa:4792" type="gene"
        link="https://www.kegg.jp/dbget-bin/www_bget?hsa:4792">
        <graphics name="NFKBIA, EDAID2, IKBA, MAD-3, NFKBI" fgcolor="#000000" bgcolor="#BFFFBF"
             type="rectangle" x="622" y="780" width="46" height="17"/>
    </entry>
    <entry id="156" name="hsa:4790 hsa:5970" type="gene"
        link="https://www.kegg.jp/dbget-bin/www_bget?hsa:4790+hsa:5970">
        <graphics name="NFKB1, CVID12, EBP-1, KBF1, NF-kB, NF-kB1, NF-kappa-B1, NF-kappaB, NF-kappabeta, NFKB-p105, NFKB-p50, NFkappaB..." fgcolor="#000000" bgcolor="#BFFFBF"
             type="rectangle" x="622" y="813" width="46" height="17"/>
    </entry>
    <entry id="161" name="hsa:5581" type="gene"
        link="https://www.kegg.jp/dbget-bin/www_bget?hsa:5581">
        <graphics name="PRKCE, PKCE, nPKC-epsilon" fgcolor="#000000" bgcolor="#BFFFBF"
             type="rectangle" x="631" y="1267" width="46" height="17"/>
    </entry>
    <entry id="162" name="hsa:32" type="gene"
        link="https://www.kegg.jp/dbget-bin/www_bget?hsa:32">
        <graphics name="ACACB, ACACbeta, ACC-beta, ACC2, ACCB, ACCbeta, HACC275" fgcolor="#000000" bgcolor="#BFFFBF"
             type="rectangle" x="577" y="1119" width="46" height="17"/>
    </entry>
    <entry id="163" name="cpd:C00083" type="compound"
        link="https://www.kegg.jp/dbget-bin/www_bget?C00083">
        <graphics name="C00083" fgcolor="#000000" bgcolor="#FFFFFF"
             type="circle" x="532" y="1134" width="8" height="8"/>
    </entry>
    <entry id="165" name="hsa:5599 hsa:5601 hsa:5602" type="gene"
        link="https://www.kegg.jp/dbget-bin/www_bget?hsa:5599+hsa:5601+hsa:5602">
        <graphics name="MAPK8, JNK, JNK-46, JNK1, JNK1A2, JNK21B1/2, PRKM8, SAPK1, SAPK1c..." fgcolor="#000000" bgcolor="#BFFFBF"
             type="rectangle" x="716" y="1280" width="46" height="17"/>
    </entry>
    <entry id="166" name="cpd:C00162" type="compound"
        link="https://www.kegg.jp/dbget-bin/www_bget?C00162">
        <graphics name="C00162" fgcolor="#000000" bgcolor="#FFFFFF"
             type="circle" x="253" y="1228" width="8" height="8"/>
    </entry>
    <entry id="168" name="hsa:10998" type="gene"
        link="https://www.kegg.jp/dbget-bin/www_bget?hsa:10998">
        <graphics name="SLC27A5, ACSB, ACSVL6, BACS, BAL, FACVL3, FATP-5, FATP5, VLACSR, VLCS-H2, VLCSH2" fgcolor="#000000" bgcolor="#BFFFBF"
             type="rectangle" x="321" y="1228" width="46" height="17"/>
    </entry>
    <entry id="169" name="cpd:C00162" type="compound"
        link="https://www.kegg.jp/dbget-bin/www_bget?C00162">
        <graphics name="C00162" fgcolor="#000000" bgcolor="#FFFFFF"
             type="circle" x="424" y="1228" width="8" height="8"/>
    </entry>
    <entry id="171" name="hsa:3551" type="gene"
        link="https://www.kegg.jp/dbget-bin/www_bget?hsa:3551">
        <graphics name="IKBKB, IKK-beta, IKK2, IKKB, IMD15, IMD15A, IMD15B, NFKBIKB" fgcolor="#000000" bgcolor="#BFFFBF"
             type="rectangle" x="631" y="1296" width="46" height="17"/>
    </entry>
    <entry id="172" name="cpd:C02843" type="compound"
        link="https://www.kegg.jp/dbget-bin/www_bget?C02843">
        <graphics name="C02843" fgcolor="#000000" bgcolor="#FFFFFF"
             type="circle" x="479" y="1228" width="8" height="8"/>
    </entry>
    <entry id="176" name="cpd:C00165" type="compound"
        link="https://www.kegg.jp/dbget-bin/www_bget?C00165">
        <graphics name="C00165" fgcolor="#000000" bgcolor="#FFFFFF"
             type="circle" x="532" y="1280" width="8" height="8"/>
    </entry>
    <entry id="177" name="cpd:C00195" type="compound"
        link="https://www.kegg.jp/dbget-bin/www_bget?C00195">
        <graphics name="C00195" fgcolor="#000000" bgcolor="#FFFFFF"
             type="circle" x="532" y="1324" width="8" height="8"/>
    </entry>
    <entry id="180" name="hsa:5524" type="gene"
        link="https://www.kegg.jp/dbget-bin/www_bget?hsa:5524">
        <graphics name="PTPA, PP2A, PPP2R4, PR53" fgcolor="#000000" bgcolor="#BFFFBF"
             type="rectangle" x="716" y="1325" width="46" height="17"/>
    </entry>
    <entry id="185" name="cpd:C00031" type="compound"
        link="https://www.kegg.jp/dbget-bin/www_bget?C00031">
        <graphics name="C00031" fgcolor="#000000" bgcolor="#FFFFFF"
             type="circle" x="254" y="1024" width="8" height="8"/>
    </entry>
    <entry id="186" name="cpd:C00024" type="compound"
        link="https://www.kegg.jp/dbget-bin/www_bget?C00024">
        <graphics name="C00024" fgcolor="#000000" bgcolor="#FFFFFF"
             type="circle" x="553" y="1025" width="8" height="8"/>
    </entry>
    <entry id="187" name="cpd:C00022" type="compound"
        link="https://www.kegg.jp/dbget-bin/www_bget?C00022">
        <graphics name="C00022" fgcolor="#000000" bgcolor="#FFFFFF"
             type="circle" x="479" y="1025" width="8" height="8"/>
    </entry>
    <entry id="190" name="cpd:C00024" type="compound"
        link="https://www.kegg.jp/dbget-bin/www_bget?C00024">
        <graphics name="C00024" fgcolor="#000000" bgcolor="#FFFFFF"
             type="circle" x="617" y="1134" width="8" height="8"/>
    </entry>
    <entry id="192" name="cpd:C02571" type="compound"
        link="https://www.kegg.jp/dbget-bin/www_bget?C02571">
        <graphics name="C02571" fgcolor="#000000" bgcolor="#FFFFFF"
             type="circle" x="479" y="1073" width="8" height="8"/>
    </entry>
    <entry id="198" name="hsa:5524" type="gene"
        link="https://www.kegg.jp/dbget-bin/www_bget?hsa:5524">
        <graphics name="PTPA, PP2A, PPP2R4, PR53" fgcolor="#000000" bgcolor="#BFFFBF"
             type="rectangle" x="431" y="985" width="46" height="17"/>
    </entry>
    <entry id="200" name="hsa:22877 hsa:51085 hsa:6945" type="gene"
        link="https://www.kegg.jp/dbget-bin/www_bget?hsa:22877+hsa:51085+hsa:6945">
        <graphics name="MLXIP, MIR, MONDOA, bHLHe36..." fgcolor="#000000" bgcolor="#BFFFBF"
             type="rectangle" x="536" y="983" width="46" height="17"/>
    </entry>
    <entry id="205" name="cpd:C00095" type="compound"
        link="https://www.kegg.jp/dbget-bin/www_bget?C00095">
        <graphics name="C00095" fgcolor="#000000" bgcolor="#FFFFFF"
             type="circle" x="254" y="942" width="8" height="8"/>
    </entry>
    <entry id="206" name="hsa:133522" type="gene"
        link="https://www.kegg.jp/dbget-bin/www_bget?hsa:133522">
        <graphics name="PPARGC1B, ERRL1, PERC, PGC-1(beta), PGC1B" fgcolor="#000000" bgcolor="#BFFFBF"
             type="rectangle" x="431" y="944" width="46" height="17"/>
    </entry>
    <entry id="208" name="hsa:6720" type="gene"
        link="https://www.kegg.jp/dbget-bin/www_bget?hsa:6720">
        <graphics name="SREBF1, HMD, IFAP2, SREBP1, bHLHd1" fgcolor="#000000" bgcolor="#BFFFBF"
             type="rectangle" x="536" y="943" width="46" height="17"/>
    </entry>
    <entry id="210" name="hsa:6514" type="gene"
        link="https://www.kegg.jp/dbget-bin/www_bget?hsa:6514">
        <graphics name="SLC2A2, GLUT2" fgcolor="#000000" bgcolor="#BFFFBF"
             type="rectangle" x="321" y="943" width="46" height="17"/>
    </entry>
    <entry id="211" name="hsa:6514" type="gene"
        link="https://www.kegg.jp/dbget-bin/www_bget?hsa:6514">
        <graphics name="SLC2A2, GLUT2" fgcolor="#000000" bgcolor="#BFFFBF"
             type="rectangle" x="321" y="1025" width="46" height="17"/>
    </entry>
    <entry id="217" name="hsa:2308" type="gene"
        link="https://www.kegg.jp/dbget-bin/www_bget?hsa:2308">
        <graphics name="FOXO1, FKH1, FKHR, FOXO1A" fgcolor="#000000" bgcolor="#BFFFBF"
             type="rectangle" x="1043" y="983" width="46" height="17"/>
    </entry>
    <entry id="219" name="hsa:6514" type="gene"
        link="https://www.kegg.jp/dbget-bin/www_bget?hsa:6514">
        <graphics name="SLC2A2, GLUT2" fgcolor="#000000" bgcolor="#BFFFBF"
             type="rectangle" x="1285" y="985" width="46" height="17"/>
    </entry>
    <entry id="220" name="cpd:C00031" type="compound"
        link="https://www.kegg.jp/dbget-bin/www_bget?C00031">
        <graphics name="C00031" fgcolor="#000000" bgcolor="#FFFFFF"
             type="circle" x="1339" y="985" width="8" height="8"/>
    </entry>
    <entry id="222" name="hsa:5105 hsa:5106" type="gene"
        link="https://www.kegg.jp/dbget-bin/www_bget?hsa:5105+hsa:5106">
        <graphics name="PCK1, PCKDC, PEPCK-C, PEPCK1, PEPCKC..." fgcolor="#000000" bgcolor="#BFFFBF"
             type="rectangle" x="1192" y="973" width="46" height="17"/>
    </entry>
    <entry id="223" name="hsa:2538 hsa:57818 hsa:92579" type="gene"
        link="https://www.kegg.jp/dbget-bin/www_bget?hsa:2538+hsa:57818+hsa:92579">
        <graphics name="G6PC1, G6PC, G6PT, G6Pase, GSD1, GSD1a..." fgcolor="#000000" bgcolor="#BFFFBF"
             type="rectangle" x="1192" y="996" width="46" height="17"/>
    </entry>
    <entry id="225" name="path:hsa04151" type="map"
        link="https://www.kegg.jp/dbget-bin/www_bget?hsa04151">
        <graphics name="PI3K-Akt signaling pathway" fgcolor="#000000" bgcolor="#FFFFFF"
             type="roundrectangle" x="893" y="813" width="98" height="34"/>
    </entry>
    <entry id="227" name="cpd:C00162" type="compound"
        link="https://www.kegg.jp/dbget-bin/www_bget?C00162">
        <graphics name="C00162" fgcolor="#000000" bgcolor="#FFFFFF"
             type="circle" x="532" y="1228" width="8" height="8"/>
    </entry>
    <entry id="229" name="hsa:10891" type="gene"
        link="https://www.kegg.jp/dbget-bin/www_bget?hsa:10891">
        <graphics name="PPARGC1A, LEM6, PGC-1(alpha), PGC-1alpha, PGC-1v, PGC1, PGC1A, PPARGC1" fgcolor="#000000" bgcolor="#BFFFBF"
             type="rectangle" x="813" y="983" width="46" height="17"/>
    </entry>
    <entry id="230" name="hsa:5465" type="gene"
        link="https://www.kegg.jp/dbget-bin/www_bget?hsa:5465">
        <graphics name="PPARA, NR1C1, PPAR, PPAR-alpha, PPARalpha, hPPAR" fgcolor="#000000" bgcolor="#BFFFBF"
             type="rectangle" x="813" y="943" width="46" height="17"/>
    </entry>
    <entry id="232" name="hsa:57761" type="gene"
        link="https://www.kegg.jp/dbget-bin/www_bget?hsa:57761">
        <graphics name="TRIB3, C20orf97, NIPK, SINK, SKIP3, TRB3" fgcolor="#000000" bgcolor="#BFFFBF"
             type="rectangle" x="813" y="897" width="46" height="17"/>
    </entry>
    <entry id="240" name="ko:K11533" type="ortholog"
        link="https://www.kegg.jp/dbget-bin/www_bget?K11533">
        <graphics name="K11533" fgcolor="#000000" bgcolor="#FFFFFF"
             type="rectangle" x="559" y="1164" width="46" height="17"/>
    </entry>
    <entry id="242" name="path:hsa00061" type="map"
        link="https://www.kegg.jp/dbget-bin/www_bget?hsa00061">
        <graphics name="Fatty acid biosynthesis" fgcolor="#000000" bgcolor="#FFFFFF"
             type="roundrectangle" x="583" y="1195" width="92" height="34"/>
    </entry>
    <entry id="243" name="hsa:10062 hsa:7376" type="gene"
        link="https://www.kegg.jp/dbget-bin/www_bget?hsa:10062+hsa:7376">
        <graphics name="NR1H3, LXR-a, LXRA, RLD-1..." fgcolor="#000000" bgcolor="#BFFFBF"
             type="rectangle" x="431" y="897" width="46" height="17"/>
    </entry>
    <entry id="247" name="cpd:C00083" type="compound"
        link="https://www.kegg.jp/dbget-bin/www_bget?C00083">
        <graphics name="C00083" fgcolor="#000000" bgcolor="#FFFFFF"
             type="circle" x="508" y="491" width="8" height="8"/>
    </entry>
    <entry id="250" name="cpd:C00422" type="compound"
        link="https://www.kegg.jp/dbget-bin/www_bget?C00422">
        <graphics name="C00422" fgcolor="#000000" bgcolor="#FFFFFF"
             type="circle" x="617" y="1228" width="8" height="8"/>
    </entry>
    <entry id="257" name="hsa:6720" type="gene"
        link="https://www.kegg.jp/dbget-bin/www_bget?hsa:6720">
        <graphics name="SREBF1, HMD, IFAP2, SREBP1, bHLHd1" fgcolor="#000000" bgcolor="#BFFFBF"
             type="rectangle" x="813" y="729" width="46" height="17"/>
    </entry>
    <entry id="261" name="hsa:5499 hsa:5500 hsa:5501 hsa:5506 hsa:5507 hsa:5509 hsa:79660 hsa:90673" type="gene"
        link="https://www.kegg.jp/dbget-bin/www_bget?hsa:5499+hsa:5500+hsa:5501+hsa:5506+hsa:5507+hsa:5509+hsa:79660+hsa:90673">
        <graphics name="PPP1CA, PP-1A, PP1A, PP1alpha, PPP1A..." fgcolor="#000000" bgcolor="#BFFFBF"
             type="rectangle" x="1043" y="896" width="46" height="17"/>
    </entry>
    <entry id="262" name="cpd:C00369" type="compound"
        link="https://www.kegg.jp/dbget-bin/www_bget?C00369">
        <graphics name="C00369" fgcolor="#000000" bgcolor="#FFFFFF"
             type="circle" x="1227" y="850" width="8" height="8"/>
    </entry>
    <entry id="263" name="hsa:2997 hsa:2998" type="gene"
        link="https://www.kegg.jp/dbget-bin/www_bget?hsa:2997+hsa:2998">
        <graphics name="GYS1, GSY, GYS..." fgcolor="#000000" bgcolor="#BFFFBF"
             type="rectangle" x="1146" y="850" width="46" height="17"/>
    </entry>
    <entry id="267" name="hsa:5834 hsa:5836 hsa:5837" type="gene"
        link="https://www.kegg.jp/dbget-bin/www_bget?hsa:5834+hsa:5836+hsa:5837">
        <graphics name="PYGB, GPBB..." fgcolor="#000000" bgcolor="#BFFFBF"
             type="rectangle" x="1146" y="896" width="46" height="17"/>
    </entry>
    <entry id="280" name="hsa:6513 hsa:6514" type="gene"
        link="https://www.kegg.jp/dbget-bin/www_bget?hsa:6513+hsa:6514">
        <graphics name="SLC2A1, CSE, DYT17, DYT18, DYT9, EIG12, GLUT, GLUT-1, GLUT1, GLUT1DS, HTLVR, PED, SDCHCN..." fgcolor="#000000" bgcolor="#BFFFBF"
             type="rectangle" x="319" y="1691" width="46" height="17"/>
    </entry>
    <entry id="281" name="cpd:C00031" type="compound"
        link="https://www.kegg.jp/dbget-bin/www_bget?C00031">
        <graphics name="C00031" fgcolor="#000000" bgcolor="#FFFFFF"
             type="circle" x="254" y="1690" width="8" height="8"/>
    </entry>
    <entry id="282" name="cpd:C00031" type="compound"
        link="https://www.kegg.jp/dbget-bin/www_bget?C00031">
        <graphics name="C00031" fgcolor="#000000" bgcolor="#FFFFFF"
             type="circle" x="424" y="1690" width="8" height="8"/>
    </entry>
    <entry id="283" name="cpd:C00043" type="compound"
        link="https://www.kegg.jp/dbget-bin/www_bget?C00043">
        <graphics name="C00043" fgcolor="#000000" bgcolor="#FFFFFF"
             type="circle" x="821" y="1691" width="8" height="8"/>
    </entry>
    <entry id="284" name="cpd:C00092" type="compound"
        link="https://www.kegg.jp/dbget-bin/www_bget?C00092">
        <graphics name="C00092" fgcolor="#000000" bgcolor="#FFFFFF"
             type="circle" x="496" y="1690" width="8" height="8"/>
    </entry>
    <entry id="287" name="cpd:C00085" type="compound"
        link="https://www.kegg.jp/dbget-bin/www_bget?C00085">
        <graphics name="C00085" fgcolor="#000000" bgcolor="#FFFFFF"
             type="circle" x="562" y="1690" width="8" height="8"/>
    </entry>
    <entry id="289" name="hsa:2673 hsa:9945" type="gene"
        link="https://www.kegg.jp/dbget-bin/www_bget?hsa:2673+hsa:9945">
        <graphics name="GFPT1, CMS12, CMSTA1, GFA, GFAT, GFAT_1, GFAT1, GFAT1m, GFPT, GFPT1L, MSLG..." fgcolor="#000000" bgcolor="#BFFFBF"
             type="rectangle" x="603" y="1678" width="46" height="17"/>
    </entry>
    <entry id="290" name="cpd:C00352" type="compound"
        link="https://www.kegg.jp/dbget-bin/www_bget?C00352">
        <graphics name="C00352" fgcolor="#000000" bgcolor="#FFFFFF"
             type="circle" x="650" y="1690" width="8" height="8"/>
    </entry>
    <entry id="292" name="cpd:C06156" type="compound"
        link="https://www.kegg.jp/dbget-bin/www_bget?C06156">
        <graphics name="C06156" fgcolor="#000000" bgcolor="#FFFFFF"
             type="circle" x="730" y="1690" width="8" height="8"/>
    </entry>
    <entry id="294" name="hsa:3643" type="gene"
        link="https://www.kegg.jp/dbget-bin/www_bget?hsa:3643">
        <graphics name="INSR, CD220, HHF5" fgcolor="#000000" bgcolor="#BFFFBF"
             type="rectangle" x="319" y="1454" width="46" height="17"/>
    </entry>
    <entry id="295" name="hsa:3630" type="gene"
        link="https://www.kegg.jp/dbget-bin/www_bget?hsa:3630">
        <graphics name="INS, IDDM, IDDM1, IDDM2, ILPR, IRDN, MODY10, PNDM4" fgcolor="#000000" bgcolor="#BFFFBF"
             type="rectangle" x="221" y="1454" width="46" height="17"/>
    </entry>
    <entry id="296" name="hsa:3667" type="gene"
        link="https://www.kegg.jp/dbget-bin/www_bget?hsa:3667">
        <graphics name="IRS1, HIRS-1" fgcolor="#000000" bgcolor="#BFFFBF"
             type="rectangle" x="470" y="1454" width="46" height="17"/>
    </entry>
    <entry id="299" name="cpd:C05981" type="compound"
        link="https://www.kegg.jp/dbget-bin/www_bget?C05981">
        <graphics name="C05981" fgcolor="#000000" bgcolor="#FFFFFF"
             type="circle" x="718" y="1453" width="8" height="8"/>
    </entry>
    <entry id="302" name="hsa:5290 hsa:5291 hsa:5293 hsa:5295 hsa:5296 hsa:8503" type="gene"
        link="https://www.kegg.jp/dbget-bin/www_bget?hsa:5290+hsa:5291+hsa:5293+hsa:5295+hsa:5296+hsa:8503">
        <graphics name="PIK3CA, CCM4, CLAPO, CLOVE, CWS5, MCAP, MCM, MCMTC, PI3K, PI3K-alpha, p110-alpha..." fgcolor="#000000" bgcolor="#BFFFBF"
             type="rectangle" x="603" y="1454" width="46" height="17"/>
    </entry>
    <entry id="304" name="hsa:5170" type="gene"
        link="https://www.kegg.jp/dbget-bin/www_bget?hsa:5170">
        <graphics name="PDPK1, PDK1, PDPK2, PDPK2P, PRO0461" fgcolor="#000000" bgcolor="#BFFFBF"
             type="rectangle" x="813" y="1454" width="46" height="17"/>
    </entry>
    <entry id="306" name="hsa:10000 hsa:207 hsa:208" type="gene"
        link="https://www.kegg.jp/dbget-bin/www_bget?hsa:10000+hsa:207+hsa:208">
        <graphics name="AKT3, MPPH, MPPH2, PKB-GAMMA, PKBG, PRKBG, RAC-PK-gamma, RAC-gamma, STK-2..." fgcolor="#000000" bgcolor="#BFFFBF"
             type="rectangle" x="927" y="1454" width="46" height="17"/>
    </entry>
    <entry id="307" name="hsa:2932" type="gene"
        link="https://www.kegg.jp/dbget-bin/www_bget?hsa:2932">
        <graphics name="GSK3B" fgcolor="#000000" bgcolor="#BFFFBF"
             type="rectangle" x="943" y="1532" width="46" height="17"/>
    </entry>
    <entry id="308" name="hsa:2308" type="gene"
        link="https://www.kegg.jp/dbget-bin/www_bget?hsa:2308">
        <graphics name="FOXO1, FKH1, FKHR, FOXO1A" fgcolor="#000000" bgcolor="#BFFFBF"
             type="rectangle" x="1146" y="1676" width="46" height="17"/>
    </entry>
    <entry id="314" name="hsa:5728" type="gene"
        link="https://www.kegg.jp/dbget-bin/www_bget?hsa:5728">
        <graphics name="PTEN, 10q23del, BZS, CWS1, DEC, GLM2, MHAM, MMAC1, PTEN1, PTENbeta, TEP1" fgcolor="#000000" bgcolor="#BFFFBF"
             type="rectangle" x="717" y="1392" width="46" height="17"/>
    </entry>
    <entry id="318" name="hsa:10724" type="gene"
        link="https://www.kegg.jp/dbget-bin/www_bget?hsa:10724">
        <graphics name="OGA, MEA5, MGEA5, NCOAT" fgcolor="#000000" bgcolor="#BFFFBF"
             type="rectangle" x="602" y="1629" width="46" height="17"/>
    </entry>
    <entry id="324" name="hsa:8473" type="gene"
        link="https://www.kegg.jp/dbget-bin/www_bget?hsa:8473">
        <graphics name="OGT, HINCUT-1, HRNT1, MRX106, O-GLCNAC, OGT1, XLID106" fgcolor="#000000" bgcolor="#BFFFBF"
             type="rectangle" x="778" y="1653" width="46" height="17"/>
    </entry>
    <entry id="329" name="hsa:4846" type="gene"
        link="https://www.kegg.jp/dbget-bin/www_bget?hsa:4846">
        <graphics name="NOS3, ECNOS, eNOS" fgcolor="#000000" bgcolor="#BFFFBF"
             type="rectangle" x="850" y="1534" width="46" height="17"/>
    </entry>
    <entry id="338" name="hsa:10891" type="gene"
        link="https://www.kegg.jp/dbget-bin/www_bget?hsa:10891">
        <graphics name="PPARGC1A, LEM6, PGC-1(alpha), PGC-1alpha, PGC-1v, PGC1, PGC1A, PPARGC1" fgcolor="#000000" bgcolor="#BFFFBF"
             type="rectangle" x="943" y="1705" width="46" height="17"/>
    </entry>
    <entry id="339" name="hsa:8473" type="gene"
        link="https://www.kegg.jp/dbget-bin/www_bget?hsa:8473">
        <graphics name="OGT, HINCUT-1, HRNT1, MRX106, O-GLCNAC, OGT1, XLID106" fgcolor="#000000" bgcolor="#BFFFBF"
             type="rectangle" x="849" y="1716" width="46" height="17"/>
    </entry>
    <entry id="343" name="hsa:200186" type="gene"
        link="https://www.kegg.jp/dbget-bin/www_bget?hsa:200186">
        <graphics name="CRTC2, TORC-2, TORC2" fgcolor="#000000" bgcolor="#BFFFBF"
             type="rectangle" x="943" y="1733" width="46" height="17"/>
    </entry>
    <entry id="346" name="hsa:10488 hsa:1385 hsa:148327 hsa:64764 hsa:84699 hsa:90993 hsa:9586" type="gene"
        link="https://www.kegg.jp/dbget-bin/www_bget?hsa:10488+hsa:1385+hsa:148327+hsa:64764+hsa:84699+hsa:90993+hsa:9586">
        <graphics name="CREB3, LUMAN, LZIP, sLZIP..." fgcolor="#000000" bgcolor="#BFFFBF"
             type="rectangle" x="1146" y="1733" width="46" height="17"/>
    </entry>
    <entry id="347" name="hsa:10062 hsa:7376" type="gene"
        link="https://www.kegg.jp/dbget-bin/www_bget?hsa:10062+hsa:7376">
        <graphics name="NR1H3, LXR-a, LXRA, RLD-1..." fgcolor="#000000" bgcolor="#BFFFBF"
             type="rectangle" x="943" y="1613" width="46" height="17"/>
    </entry>
    <entry id="349" name="hsa:6720" type="gene"
        link="https://www.kegg.jp/dbget-bin/www_bget?hsa:6720">
        <graphics name="SREBF1, HMD, IFAP2, SREBP1, bHLHd1" fgcolor="#000000" bgcolor="#BFFFBF"
             type="rectangle" x="1146" y="1613" width="46" height="17"/>
    </entry>
    <entry id="351" name="hsa:2997 hsa:2998" type="gene"
        link="https://www.kegg.jp/dbget-bin/www_bget?hsa:2997+hsa:2998">
        <graphics name="GYS1, GSY, GYS..." fgcolor="#000000" bgcolor="#BFFFBF"
             type="rectangle" x="1146" y="1532" width="46" height="17"/>
    </entry>
    <entry id="353" name="hsa:22877 hsa:51085 hsa:6945" type="gene"
        link="https://www.kegg.jp/dbget-bin/www_bget?hsa:22877+hsa:51085+hsa:6945">
        <graphics name="MLXIP, MIR, MONDOA, bHLHe36..." fgcolor="#000000" bgcolor="#BFFFBF"
             type="rectangle" x="1146" y="1642" width="46" height="17"/>
    </entry>
    <entry id="360" name="cpd:C00031" type="compound"
        link="https://www.kegg.jp/dbget-bin/www_bget?C00031">
        <graphics name="C00031" fgcolor="#000000" bgcolor="#FFFFFF"
             type="circle" x="1339" y="1454" width="8" height="8"/>
    </entry>
    <entry id="361" name="hsa:6517" type="gene"
        link="https://www.kegg.jp/dbget-bin/www_bget?hsa:6517">
        <graphics name="SLC2A4, GLUT4" fgcolor="#000000" bgcolor="#BFFFBF"
             type="rectangle" x="1285" y="1450" width="46" height="17"/>
    </entry>
    <entry id="363" name="gl:G00369" type="compound"
        link="https://www.kegg.jp/dbget-bin/www_bget?G00369">
        <graphics name="G00369" fgcolor="#000000" bgcolor="#FFFFFF"
             type="circle" x="1227" y="1531" width="8" height="8"/>
    </entry>
    <entry id="370" name="path:hsa00514" type="map"
        link="https://www.kegg.jp/dbget-bin/www_bget?hsa00514">
        <graphics name="Other types of O-glycan biosynthesis" fgcolor="#000000" bgcolor="#FFFFFF"
             type="roundrectangle" x="457" y="1597" width="119" height="34"/>
    </entry>
    <entry id="386" name="cpd:C00533" type="compound"
        link="https://www.kegg.jp/dbget-bin/www_bget?C00533">
        <graphics name="C00533" fgcolor="#000000" bgcolor="#FFFFFF"
             type="circle" x="849" y="1479" width="8" height="8"/>
    </entry>
    <entry id="387" name="path:hsa00520" type="map"
        link="https://www.kegg.jp/dbget-bin/www_bget?hsa00520">
        <graphics name="Amino sugar and nucleotide sugar metabolism" fgcolor="#000000" bgcolor="#FFFFFF"
             type="roundrectangle" x="708" y="1738" width="158" height="34"/>
    </entry>
    <entry id="390" name="hsa:57761" type="gene"
        link="https://www.kegg.jp/dbget-bin/www_bget?hsa:57761">
        <graphics name="TRIB3, C20orf97, NIPK, SINK, SKIP3, TRB3" fgcolor="#000000" bgcolor="#BFFFBF"
             type="rectangle" x="813" y="380" width="46" height="17"/>
    </entry>
    <entry id="394" name="hsa:51422 hsa:53632 hsa:5562 hsa:5563 hsa:5564 hsa:5565 hsa:5571" type="gene"
        link="https://www.kegg.jp/dbget-bin/www_bget?hsa:51422+hsa:53632+hsa:5562+hsa:5563+hsa:5564+hsa:5565+hsa:5571">
        <graphics name="PRKAG2, AAKG, AAKG2, CMH6, H91620p, WPWS..." fgcolor="#000000" bgcolor="#BFFFBF"
             type="rectangle" x="460" y="553" width="46" height="17"/>
    </entry>
    <entry id="395" name="ko:K14497" type="ortholog"
        link="https://www.kegg.jp/dbget-bin/www_bget?K14497">
        <graphics name="K14497" fgcolor="#000000" bgcolor="#FFFFFF"
             type="rectangle" x="381" y="554" width="46" height="17"/>
    </entry>
    <entry id="396" name="hsa:32" type="gene"
        link="https://www.kegg.jp/dbget-bin/www_bget?hsa:32">
        <graphics name="ACACB, ACACbeta, ACC-beta, ACC2, ACCB, ACCbeta, HACC275" fgcolor="#000000" bgcolor="#BFFFBF"
             type="rectangle" x="460" y="507" width="46" height="17"/>
    </entry>
    <entry id="397" name="cpd:C00024" type="compound"
        link="https://www.kegg.jp/dbget-bin/www_bget?C00024">
        <graphics name="C00024" fgcolor="#000000" bgcolor="#FFFFFF"
             type="circle" x="423" y="491" width="8" height="8"/>
    </entry>
    <entry id="403" name="hsa:1374" type="gene"
        link="https://www.kegg.jp/dbget-bin/www_bget?hsa:1374">
        <graphics name="CPT1A, CPT1, CPT1-L, L-CPT1" fgcolor="#000000" bgcolor="#BFFFBF"
             type="rectangle" x="536" y="1071" width="46" height="17"/>
    </entry>
    <entry id="407" name="path:hsa04910" type="map"
        link="https://www.kegg.jp/dbget-bin/www_bget?hsa04910">
        <graphics name="Insulin signaling pathway" fgcolor="#000000" bgcolor="#FFFFFF"
             type="roundrectangle" x="1321" y="166" width="100" height="34"/>
    </entry>
    <entry id="408" name="path:hsa04151" type="map"
        link="https://www.kegg.jp/dbget-bin/www_bget?hsa04151">
        <graphics name="PI3K-Akt signaling pathway" fgcolor="#000000" bgcolor="#FFFFFF"
             type="roundrectangle" x="723" y="1492" width="108" height="34"/>
    </entry>
    <entry id="409" name="path:hsa04668" type="map"
        link="https://www.kegg.jp/dbget-bin/www_bget?hsa04668">
        <graphics name="TNF signaling pathway" fgcolor="#000000" bgcolor="#FFFFFF"
             type="roundrectangle" x="213" y="278" width="98" height="34"/>
    </entry>
    <entry id="410" name="path:hsa04668" type="map"
        link="https://www.kegg.jp/dbget-bin/www_bget?hsa04668">
        <graphics name="TNF signaling pathway" fgcolor="#000000" bgcolor="#FFFFFF"
             type="roundrectangle" x="231" y="696" width="98" height="34"/>
    </entry>
    <entry id="411" name="path:hsa00010" type="map"
        link="https://www.kegg.jp/dbget-bin/www_bget?hsa00010">
        <graphics name="Glycolysis / Gluconeogenesis" fgcolor="#000000" bgcolor="#FFFFFF"
             type="roundrectangle" x="243" y="995" width="92" height="34"/>
    </entry>
    <entry id="412" name="path:hsa04150" type="map"
        link="https://www.kegg.jp/dbget-bin/www_bget?hsa04150">
        <graphics name="mTOR signaling pathway" fgcolor="#000000" bgcolor="#FFFFFF"
             type="roundrectangle" x="817" y="128" width="99" height="34"/>
    </entry>
    <entry id="413" name="hsa:183" type="gene"
        link="https://www.kegg.jp/dbget-bin/www_bget?hsa:183">
        <graphics name="AGT, ANHU, SERPINA8, hFLT1" fgcolor="#000000" bgcolor="#BFFFBF"
             type="rectangle" x="234" y="423" width="46" height="17"/>
    </entry>
    <relation entry1="61" entry2="114" type="PPrel">
        <subtype name="activation" value="--&gt;"/>
        <subtype name="indirect effect" value="..&gt;"/>
    </relation>
    <relation entry1="114" entry2="96" type="PPrel">
        <subtype name="activation" value="--&gt;"/>
        <subtype name="phosphorylation" value="+p"/>
    </relation>
    <relation entry1="96" entry2="98" type="PPrel">
        <subtype name="activation" value="--&gt;"/>
        <subtype name="dephosphorylation" value="-p"/>
    </relation>
    <relation entry1="98" entry2="97" type="PCrel">
        <subtype name="activation" value="--&gt;"/>
    </relation>
    <relation entry1="61" entry2="25" type="PPrel">
        <subtype name="activation" value="--&gt;"/>
    </relation>
    <relation entry1="25" entry2="26" type="PPrel">
        <subtype name="activation" value="--&gt;"/>
        <subtype name="phosphorylation" value="+p"/>
    </relation>
    <relation entry1="26" entry2="29" type="PPrel">
        <subtype name="activation" value="--&gt;"/>
    </relation>
    <relation entry1="106" entry2="25" type="PPrel">
        <subtype name="inhibition" value="--|"/>
    </relation>
    <relation entry1="106" entry2="26" type="PPrel">
        <subtype name="inhibition" value="--|"/>
        <subtype name="dephosphorylation" value="-p"/>
    </relation>
    <relation entry1="21" entry2="23" type="PPrel">
        <subtype name="activation" value="--&gt;"/>
        <subtype name="phosphorylation" value="+p"/>
    </relation>
    <relation entry1="23" entry2="26" type="PPrel">
        <subtype name="inhibition" value="--|"/>
        <subtype name="phosphorylation" value="+p"/>
    </relation>
    <relation entry1="29" entry2="111" type="PPrel">
        <subtype name="activation" value="--&gt;"/>
    </relation>
    <relation entry1="34" entry2="98" type="PPrel">
        <subtype name="inhibition" value="--|"/>
        <subtype name="phosphorylation" value="+p"/>
    </relation>
    <relation entry1="91" entry2="25" type="PPrel">
        <subtype name="inhibition" value="--|"/>
        <subtype name="phosphorylation" value="+p"/>
    </relation>
    <relation entry1="69" entry2="71" type="PPrel">
        <subtype name="activation" value="--&gt;"/>
        <subtype name="indirect effect" value="..&gt;"/>
    </relation>
    <relation entry1="71" entry2="73" type="GErel">
        <subtype name="expression" value="--&gt;"/>
    </relation>
    <relation entry1="73" entry2="26" type="PPrel">
        <subtype name="inhibition" value="--|"/>
        <subtype name="indirect effect" value="..&gt;"/>
    </relation>
    <relation entry1="9" entry2="12" type="PPrel">
        <subtype name="activation" value="--&gt;"/>
    </relation>
    <relation entry1="12" entry2="8" type="PPrel">
        <subtype name="activation" value="--&gt;"/>
        <subtype name="indirect effect" value="..&gt;"/>
    </relation>
    <relation entry1="12" entry2="19" type="PPrel">
        <subtype name="activation" value="--&gt;"/>
        <subtype name="indirect effect" value="..&gt;"/>
    </relation>
    <relation entry1="19" entry2="86" type="PPrel">
        <subtype name="activation" value="--&gt;"/>
        <subtype name="phosphorylation" value="+p"/>
    </relation>
    <relation entry1="86" entry2="87" type="PPrel">
        <subtype name="dissociation" value="-+-"/>
    </relation>
    <relation entry1="87" entry2="101" type="PPrel">
        <subtype name="activation" value="--&gt;"/>
        <subtype name="indirect effect" value="..&gt;"/>
    </relation>
    <relation entry1="101" entry2="103" type="PCrel">
        <subtype name="activation" value="--&gt;"/>
        <subtype name="indirect effect" value="..&gt;"/>
    </relation>
    <relation entry1="390" entry2="31" type="PPrel">
        <subtype name="inhibition" value="--|"/>
    </relation>
    <relation entry1="394" entry2="396" type="PPrel">
        <subtype name="inhibition" value="--|"/>
        <subtype name="phosphorylation" value="+p"/>
    </relation>
    <relation entry1="247" entry2="83" type="PCrel">
        <subtype name="inhibition" value="--|"/>
    </relation>
    <relation entry1="62" entry2="44" type="PCrel">
        <subtype name="activation" value="--&gt;"/>
    </relation>
    <relation entry1="62" entry2="65" type="PCrel">
        <subtype name="activation" value="--&gt;"/>
    </relation>
    <relation entry1="44" entry2="26" type="PPrel">
        <subtype name="inhibition" value="--|"/>
        <subtype name="phosphorylation" value="+p"/>
    </relation>
    <relation entry1="65" entry2="31" type="PPrel">
        <subtype name="inhibition" value="--|"/>
        <subtype name="dephosphorylation" value="-p"/>
    </relation>
    <relation entry1="103" entry2="26" type="PCrel">
        <subtype name="inhibition" value="--|"/>
    </relation>
    <relation entry1="8" entry2="26" type="PPrel">
        <subtype name="inhibition" value="--|"/>
        <subtype name="phosphorylation" value="+p"/>
    </relation>
    <relation entry1="19" entry2="26" type="PPrel">
        <subtype name="inhibition" value="--|"/>
        <subtype name="phosphorylation" value="+p"/>
    </relation>
    <relation entry1="87" entry2="69" type="GErel">
        <subtype name="expression" value="--&gt;"/>
    </relation>
    <relation entry1="87" entry2="9" type="GErel">
        <subtype name="expression" value="--&gt;"/>
    </relation>
    <relation entry1="140" entry2="142" type="PPrel">
        <subtype name="activation" value="--&gt;"/>
        <subtype name="indirect effect" value="..&gt;"/>
    </relation>
    <relation entry1="142" entry2="144" type="GErel">
        <subtype name="expression" value="--&gt;"/>
    </relation>
    <relation entry1="144" entry2="257" type="PPrel">
        <subtype name="indirect effect" value="..&gt;"/>
    </relation>
    <relation entry1="144" entry2="134" type="PPrel">
        <subtype name="inhibition" value="--|"/>
    </relation>
    <relation entry1="144" entry2="123" type="PPrel">
        <subtype name="inhibition" value="--|"/>
    </relation>
    <relation entry1="257" entry2="123" type="PPrel">
        <subtype name="inhibition" value="--|"/>
        <subtype name="indirect effect" value="..&gt;"/>
    </relation>
    <relation entry1="147" entry2="148" type="PPrel">
        <subtype name="activation" value="--&gt;"/>
    </relation>
    <relation entry1="148" entry2="146" type="PPrel">
        <subtype name="activation" value="--&gt;"/>
        <subtype name="indirect effect" value="..&gt;"/>
    </relation>
    <relation entry1="148" entry2="153" type="PPrel">
        <subtype name="activation" value="--&gt;"/>
        <subtype name="indirect effect" value="..&gt;"/>
    </relation>
    <relation entry1="146" entry2="134" type="PPrel">
        <subtype name="inhibition" value="--|"/>
        <subtype name="phosphorylation" value="+p"/>
    </relation>
    <relation entry1="146" entry2="123" type="PPrel">
        <subtype name="inhibition" value="--|"/>
        <subtype name="phosphorylation" value="+p"/>
    </relation>
    <relation entry1="153" entry2="134" type="PPrel">
        <subtype name="inhibition" value="--|"/>
        <subtype name="phosphorylation" value="+p"/>
    </relation>
    <relation entry1="153" entry2="123" type="PPrel">
        <subtype name="inhibition" value="--|"/>
        <subtype name="phosphorylation" value="+p"/>
    </relation>
    <relation entry1="153" entry2="155" type="PPrel">
        <subtype name="activation" value="--&gt;"/>
        <subtype name="phosphorylation" value="+p"/>
    </relation>
    <relation entry1="155" entry2="156" type="PPrel">
        <subtype name="dissociation" value="-+-"/>
    </relation>
    <relation entry1="156" entry2="147" type="GErel">
        <subtype name="expression" value="--&gt;"/>
    </relation>
    <relation entry1="156" entry2="140" type="GErel">
        <subtype name="expression" value="--&gt;"/>
    </relation>
    <relation entry1="132" entry2="122" type="PPrel">
        <subtype name="activation" value="--&gt;"/>
    </relation>
    <relation entry1="122" entry2="123" type="PPrel">
        <subtype name="activation" value="--&gt;"/>
        <subtype name="phosphorylation" value="+p"/>
    </relation>
    <relation entry1="122" entry2="134" type="PPrel">
        <subtype name="activation" value="--&gt;"/>
        <subtype name="phosphorylation" value="+p"/>
    </relation>
    <relation entry1="123" entry2="126" type="PPrel">
        <subtype name="activation" value="--&gt;"/>
    </relation>
    <relation entry1="134" entry2="126" type="PPrel">
        <subtype name="activation" value="--&gt;"/>
    </relation>
    <relation entry1="129" entry2="263" type="PPrel">
        <subtype name="inhibition" value="--|"/>
        <subtype name="phosphorylation" value="+p"/>
    </relation>
    <relation entry1="263" entry2="262" type="PCrel">
        <subtype name="activation" value="--&gt;"/>
    </relation>
    <relation entry1="261" entry2="263" type="PPrel">
        <subtype name="activation" value="--&gt;"/>
        <subtype name="dephosphorylation" value="-p"/>
    </relation>
    <relation entry1="261" entry2="267" type="PPrel">
        <subtype name="inhibition" value="--|"/>
        <subtype name="dephosphorylation" value="-p"/>
        <subtype name="indirect effect" value="..&gt;"/>
    </relation>
    <relation entry1="267" entry2="220" type="PCrel">
        <subtype name="activation" value="--&gt;"/>
        <subtype name="indirect effect" value="..&gt;"/>
    </relation>
    <relation entry1="132" entry2="243" type="PPrel">
        <subtype name="activation" value="--&gt;"/>
        <subtype name="indirect effect" value="..&gt;"/>
    </relation>
    <relation entry1="132" entry2="208" type="PPrel">
        <subtype name="activation" value="--&gt;"/>
        <subtype name="indirect effect" value="..&gt;"/>
    </relation>
    <relation entry1="243" entry2="208" type="PPrel">
        <subtype name="activation" value="--&gt;"/>
        <subtype name="indirect effect" value="..&gt;"/>
    </relation>
    <relation entry1="205" entry2="206" type="PCrel">
        <subtype name="indirect effect" value="..&gt;"/>
    </relation>
    <relation entry1="206" entry2="208" type="PPrel">
        <subtype name="activation" value="--&gt;"/>
    </relation>
    <relation entry1="205" entry2="200" type="PCrel">
        <subtype name="activation" value="--&gt;"/>
        <subtype name="indirect effect" value="..&gt;"/>
    </relation>
    <relation entry1="206" entry2="200" type="PPrel">
        <subtype name="activation" value="--&gt;"/>
    </relation>
    <relation entry1="208" entry2="162" type="GErel">
        <subtype name="expression" value="--&gt;"/>
    </relation>
    <relation entry1="200" entry2="162" type="GErel">
        <subtype name="expression" value="--&gt;"/>
    </relation>
    <relation entry1="185" entry2="198" type="PCrel">
        <subtype name="indirect effect" value="..&gt;"/>
    </relation>
    <relation entry1="163" entry2="403" type="PCrel">
        <subtype name="inhibition" value="--|"/>
    </relation>
    <relation entry1="176" entry2="161" type="PCrel">
        <subtype name="activation" value="--&gt;"/>
    </relation>
    <relation entry1="176" entry2="171" type="PCrel">
        <subtype name="activation" value="--&gt;"/>
    </relation>
    <relation entry1="161" entry2="165" type="PPrel">
        <subtype name="activation" value="--&gt;"/>
    </relation>
    <relation entry1="165" entry2="123" type="PPrel">
        <subtype name="inhibition" value="--|"/>
        <subtype name="phosphorylation" value="+p"/>
    </relation>
    <relation entry1="177" entry2="180" type="PCrel">
        <subtype name="activation" value="--&gt;"/>
    </relation>
    <relation entry1="180" entry2="127" type="PPrel">
        <subtype name="inhibition" value="--|"/>
        <subtype name="dephosphorylation" value="-p"/>
    </relation>
    <relation entry1="229" entry2="230" type="PPrel">
        <subtype name="activation" value="--&gt;"/>
    </relation>
    <relation entry1="230" entry2="232" type="PPrel">
        <subtype name="activation" value="--&gt;"/>
    </relation>
    <relation entry1="232" entry2="127" type="PPrel">
        <subtype name="inhibition" value="--|"/>
    </relation>
    <relation entry1="217" entry2="222" type="GErel">
        <subtype name="expression" value="--&gt;"/>
    </relation>
    <relation entry1="217" entry2="223" type="GErel">
        <subtype name="expression" value="--&gt;"/>
    </relation>
    <relation entry1="222" entry2="220" type="PCrel">
        <subtype name="activation" value="--&gt;"/>
        <subtype name="indirect effect" value="..&gt;"/>
    </relation>
    <relation entry1="223" entry2="220" type="PCrel">
        <subtype name="activation" value="--&gt;"/>
        <subtype name="indirect effect" value="..&gt;"/>
    </relation>
    <relation entry1="295" entry2="294" type="PPrel">
        <subtype name="activation" value="--&gt;"/>
    </relation>
    <relation entry1="294" entry2="296" type="PPrel">
        <subtype name="activation" value="--&gt;"/>
        <subtype name="phosphorylation" value="+p"/>
    </relation>
    <relation entry1="296" entry2="302" type="PPrel">
        <subtype name="activation" value="--&gt;"/>
        <subtype name="phosphorylation" value="+p"/>
    </relation>
    <relation entry1="302" entry2="299" type="PCrel">
        <subtype name="activation" value="--&gt;"/>
    </relation>
    <relation entry1="299" entry2="304" type="PCrel">
        <subtype name="activation" value="--&gt;"/>
    </relation>
    <relation entry1="304" entry2="306" type="PPrel">
        <subtype name="activation" value="--&gt;"/>
        <subtype name="phosphorylation" value="+p"/>
    </relation>
    <relation entry1="314" entry2="299" type="PCrel">
        <subtype name="inhibition" value="--|"/>
        <subtype name="dephosphorylation" value="-p"/>
    </relation>
    <relation entry1="294" entry2="324" type="PPrel">
        <subtype name="activation" value="--&gt;"/>
        <subtype name="phosphorylation" value="+p"/>
    </relation>
    <relation entry1="318" entry2="324" type="PPrel">
        <subtype name="inhibition" value="--|"/>
        <subtype name="indirect effect" value="..&gt;"/>
    </relation>
    <relation entry1="324" entry2="296" type="PPrel">
        <subtype name="inhibition" value="--|"/>
        <subtype name="glycosylation" value="+g"/>
    </relation>
    <relation entry1="324" entry2="302" type="PPrel">
        <subtype name="inhibition" value="--|"/>
        <subtype name="glycosylation" value="+g"/>
    </relation>
    <relation entry1="324" entry2="304" type="PPrel">
        <subtype name="inhibition" value="--|"/>
        <subtype name="glycosylation" value="+g"/>
    </relation>
    <relation entry1="324" entry2="329" type="PPrel">
        <subtype name="glycosylation" value="+g"/>
    </relation>
    <relation entry1="324" entry2="306" type="PPrel">
        <subtype name="inhibition" value="--|"/>
        <subtype name="glycosylation" value="+g"/>
    </relation>
    <relation entry1="324" entry2="307" type="PPrel">
        <subtype name="glycosylation" value="+g"/>
    </relation>
    <relation entry1="351" entry2="324" type="PPrel">
        <subtype name="glycosylation" value="+g"/>
    </relation>
    <relation entry1="324" entry2="347" type="PPrel">
        <subtype name="glycosylation" value="+g"/>
    </relation>
    <relation entry1="324" entry2="353" type="PPrel">
        <subtype name="glycosylation" value="+g"/>
    </relation>
    <relation entry1="339" entry2="343" type="PPrel">
        <subtype name="glycosylation" value="+g"/>
    </relation>
    <relation entry1="339" entry2="308" type="PPrel">
        <subtype name="glycosylation" value="+g"/>
    </relation>
    <relation entry1="306" entry2="329" type="PPrel">
        <subtype name="activation" value="--&gt;"/>
        <subtype name="phosphorylation" value="+p"/>
    </relation>
    <relation entry1="306" entry2="307" type="PPrel">
        <subtype name="inhibition" value="--|"/>
        <subtype name="phosphorylation" value="+p"/>
    </relation>
    <relation entry1="306" entry2="308" type="PPrel">
        <subtype name="inhibition" value="--|"/>
        <subtype name="phosphorylation" value="+p"/>
    </relation>
    <relation entry1="329" entry2="386" type="PCrel">
        <subtype name="activation" value="--&gt;"/>
    </relation>
    <relation entry1="307" entry2="351" type="PPrel">
        <subtype name="inhibition" value="--|"/>
        <subtype name="phosphorylation" value="+p"/>
    </relation>
    <relation entry1="351" entry2="363" type="PCrel">
        <subtype name="activation" value="--&gt;"/>
    </relation>
    <relation entry1="347" entry2="349" type="PPrel">
        <subtype name="activation" value="--&gt;"/>
        <subtype name="indirect effect" value="..&gt;"/>
    </relation>
    <relation entry1="343" entry2="346" type="PPrel">
        <subtype name="activation" value="--&gt;"/>
    </relation>
    <relation entry1="346" entry2="338" type="PPrel">
        <subtype name="activation" value="--&gt;"/>
        <subtype name="indirect effect" value="..&gt;"/>
    </relation>
    <relation entry1="338" entry2="339" type="PPrel">
        <subtype name="activation" value="--&gt;"/>
    </relation>
    <relation entry1="198" entry2="200" type="PPrel">
        <subtype name="activation" value="--&gt;"/>
        <subtype name="dephosphorylation" value="-p"/>
    </relation>
    <relation entry1="161" entry2="122" type="PPrel">
        <subtype name="inhibition" value="--|"/>
        <subtype name="phosphorylation" value="+p"/>
    </relation>
</pathway>
