<?xml version="1.0"?>
<!DOCTYPE pathway SYSTEM "https://www.kegg.jp/kegg/xml/KGML_v0.7.2_.dtd">
<!-- Creation date: Jan 27, 2021 11:29:24 +0900 (GMT+9) -->
<pathway name="path:hsa00785" org="hsa" number="00785"
         title="Lipoic acid metabolism"
         image="https://www.kegg.jp/kegg/pathway/hsa/hsa00785.png"
         link="https://www.kegg.jp/kegg-bin/show_pathway?hsa00785">
    <entry id="9" name="ko:K03801" type="ortholog" reaction="rn:R12428"
        link="https://www.kegg.jp/dbget-bin/www_bget?K03801">
        <graphics name="K03801" fgcolor="#000000" bgcolor="#FFFFFF"
             type="rectangle" x="332" y="226" width="46" height="17"/>
    </entry>
    <entry id="10" name="path:hsa00785" type="map"
        link="https://www.kegg.jp/dbget-bin/www_bget?hsa00785">
        <graphics name="TITLE:Lipoic acid metabolism" fgcolor="#000000" bgcolor="#FFFFFF"
             type="roundrectangle" x="140" y="58" width="200" height="25"/>
    </entry>
    <entry id="11" name="path:hsa00061" type="map"
        link="https://www.kegg.jp/dbget-bin/www_bget?hsa00061">
        <graphics name="Fatty acid biosynthesis" fgcolor="#000000" bgcolor="#FFFFFF"
             type="roundrectangle" x="173" y="123" width="86" height="34"/>
    </entry>
    <entry id="12" name="hsa:11019" type="gene" reaction="rn:R12423"
        link="https://www.kegg.jp/dbget-bin/www_bget?hsa:11019">
        <graphics name="LIAS, HGCLAS, HUSSY-01, LAS, LIP1, LS, PDHLD" fgcolor="#000000" bgcolor="#BFFFBF"
             type="rectangle" x="245" y="321" width="46" height="17"/>
    </entry>
    <entry id="13" name="ko:K03801 ko:K23763" type="ortholog" reaction="rn:R12427"
        link="https://www.kegg.jp/dbget-bin/www_bget?K03801+K23763">
        <graphics name="K03801..." fgcolor="#000000" bgcolor="#FFFFFF"
             type="rectangle" x="219" y="226" width="46" height="17"/>
    </entry>
    <entry id="14" name="cpd:C16241" type="compound"
        link="https://www.kegg.jp/dbget-bin/www_bget?C16241">
        <graphics name="C16241" fgcolor="#000000" bgcolor="#FFFFFF"
             type="circle" x="614" y="179" width="8" height="8"/>
    </entry>
    <entry id="15" name="cpd:C16238" type="compound"
        link="https://www.kegg.jp/dbget-bin/www_bget?C16238">
        <graphics name="C16238" fgcolor="#000000" bgcolor="#FFFFFF"
             type="circle" x="614" y="274" width="8" height="8"/>
    </entry>
    <entry id="16" name="cpd:C22160" type="compound"
        link="https://www.kegg.jp/dbget-bin/www_bget?C22160">
        <graphics name="C22160" fgcolor="#000000" bgcolor="#FFFFFF"
             type="circle" x="244" y="274" width="8" height="8"/>
    </entry>
    <entry id="17" name="cpd:C15972" type="compound"
        link="https://www.kegg.jp/dbget-bin/www_bget?C15972">
        <graphics name="C15972" fgcolor="#000000" bgcolor="#FFFFFF"
             type="circle" x="614" y="369" width="8" height="8"/>
    </entry>
    <entry id="22" name="hsa:51601" type="gene" reaction="rn:R12450"
        link="https://www.kegg.jp/dbget-bin/www_bget?hsa:51601">
        <graphics name="LIPT1, LIPT1D" fgcolor="#000000" bgcolor="#BFFFBF"
             type="rectangle" x="615" y="321" width="46" height="17"/>
    </entry>
    <entry id="23" name="hsa:116285" type="gene" reaction="rn:R07770"
        link="https://www.kegg.jp/dbget-bin/www_bget?hsa:116285">
        <graphics name="ACSM1, BUCS1, MACS1" fgcolor="#000000" bgcolor="#BFFFBF"
             type="rectangle" x="615" y="226" width="46" height="17"/>
    </entry>
    <entry id="24" name="ko:K03800" type="ortholog" reaction="rn:R12449"
        link="https://www.kegg.jp/dbget-bin/www_bget?K03800">
        <graphics name="K03800" fgcolor="#000000" bgcolor="#FFFFFF"
             type="rectangle" x="715" y="275" width="46" height="17"/>
    </entry>
    <entry id="25" name="cpd:C22159" type="compound"
        link="https://www.kegg.jp/dbget-bin/www_bget?C22159">
        <graphics name="C22159" fgcolor="#000000" bgcolor="#FFFFFF"
             type="circle" x="357" y="274" width="8" height="8"/>
    </entry>
    <entry id="26" name="cpd:C06423" type="compound"
        link="https://www.kegg.jp/dbget-bin/www_bget?C06423">
        <graphics name="C06423" fgcolor="#000000" bgcolor="#FFFFFF"
             type="circle" x="74" y="274" width="8" height="8"/>
    </entry>
    <entry id="27" name="ko:K03800" type="ortholog" reaction="rn:R12429"
        link="https://www.kegg.jp/dbget-bin/www_bget?K03800">
        <graphics name="K03800" fgcolor="#000000" bgcolor="#FFFFFF"
             type="rectangle" x="115" y="275" width="46" height="17"/>
    </entry>
    <entry id="28" name="cpd:C15973" type="compound"
        link="https://www.kegg.jp/dbget-bin/www_bget?C15973">
        <graphics name="C15973" fgcolor="#000000" bgcolor="#FFFFFF"
             type="circle" x="244" y="369" width="8" height="8"/>
    </entry>
    <entry id="30" name="cpd:C01944" type="compound"
        link="https://www.kegg.jp/dbget-bin/www_bget?C01944">
        <graphics name="C01944" fgcolor="#000000" bgcolor="#FFFFFF"
             type="circle" x="144" y="179" width="8" height="8"/>
    </entry>
    <entry id="31" name="ko:K23750" type="ortholog" reaction="rn:R12431"
        link="https://www.kegg.jp/dbget-bin/www_bget?K23750">
        <graphics name="K23750" fgcolor="#000000" bgcolor="#FFFFFF"
             type="rectangle" x="144" y="226" width="46" height="17"/>
    </entry>
    <entry id="33" name="ko:K03800" type="ortholog" reaction="rn:R12433"
        link="https://www.kegg.jp/dbget-bin/www_bget?K03800">
        <graphics name="K03800" fgcolor="#000000" bgcolor="#FFFFFF"
             type="rectangle" x="815" y="275" width="46" height="17"/>
    </entry>
    <entry id="34" name="cpd:C02051" type="compound"
        link="https://www.kegg.jp/dbget-bin/www_bget?C02051">
        <graphics name="C02051" fgcolor="#000000" bgcolor="#FFFFFF"
             type="circle" x="814" y="369" width="8" height="8"/>
    </entry>
    <entry id="36" name="ko:K18821" type="ortholog" reaction="rn:R12426"
        link="https://www.kegg.jp/dbget-bin/www_bget?K18821">
        <graphics name="K18821" fgcolor="#000000" bgcolor="#FFFFFF"
             type="rectangle" x="754" y="370" width="46" height="17"/>
    </entry>
    <entry id="37" name="cpd:C05752" type="compound"
        link="https://www.kegg.jp/dbget-bin/www_bget?C05752">
        <graphics name="C05752" fgcolor="#000000" bgcolor="#FFFFFF"
             type="circle" x="244" y="179" width="8" height="8"/>
    </entry>
    <entry id="38" name="cpd:C02972" type="compound"
        link="https://www.kegg.jp/dbget-bin/www_bget?C02972">
        <graphics name="C02972" fgcolor="#000000" bgcolor="#FFFFFF"
             type="circle" x="357" y="369" width="8" height="8"/>
    </entry>
    <entry id="40" name="hsa:11019" type="gene" reaction="rn:R12424"
        link="https://www.kegg.jp/dbget-bin/www_bget?hsa:11019">
        <graphics name="LIAS, HGCLAS, HUSSY-01, LAS, LIP1, LS, PDHLD" fgcolor="#000000" bgcolor="#BFFFBF"
             type="rectangle" x="332" y="321" width="46" height="17"/>
    </entry>
    <entry id="42" name="hsa:51601" type="gene" reaction="rn:R12432"
        link="https://www.kegg.jp/dbget-bin/www_bget?hsa:51601">
        <graphics name="LIPT1, LIPT1D" fgcolor="#000000" bgcolor="#BFFFBF"
             type="rectangle" x="303" y="380" width="46" height="17"/>
    </entry>
    <entry id="44" name="ko:K16869" type="ortholog" reaction="rn:R12425"
        link="https://www.kegg.jp/dbget-bin/www_bget?K16869">
        <graphics name="K16869" fgcolor="#000000" bgcolor="#FFFFFF"
             type="rectangle" x="303" y="275" width="46" height="17"/>
    </entry>
    <entry id="45" name="hsa:51601" type="gene" reaction="rn:R12427"
        link="https://www.kegg.jp/dbget-bin/www_bget?hsa:51601">
        <graphics name="LIPT1, LIPT1D" fgcolor="#000000" bgcolor="#BFFFBF"
             type="rectangle" x="269" y="226" width="46" height="17"/>
    </entry>
    <entry id="47" name="hsa:387787" type="gene" reaction="rn:R12428"
        link="https://www.kegg.jp/dbget-bin/www_bget?hsa:387787">
        <graphics name="LIPT2" fgcolor="#000000" bgcolor="#BFFFBF"
             type="rectangle" x="382" y="226" width="46" height="17"/>
    </entry>
    <entry id="48" name="cpd:C02147" type="compound"
        link="https://www.kegg.jp/dbget-bin/www_bget?C02147">
        <graphics name="C02147" fgcolor="#000000" bgcolor="#FFFFFF"
             type="circle" x="515" y="179" width="8" height="8"/>
    </entry>
    <entry id="50" name="ko:K03800" type="ortholog" reaction="rn:R12434"
        link="https://www.kegg.jp/dbget-bin/www_bget?K03800">
        <graphics name="K03800" fgcolor="#000000" bgcolor="#FFFFFF"
             type="rectangle" x="516" y="226" width="46" height="17"/>
    </entry>
    <entry id="51" name="cpd:C22161" type="compound"
        link="https://www.kegg.jp/dbget-bin/www_bget?C22161">
        <graphics name="C22161" fgcolor="#000000" bgcolor="#FFFFFF"
             type="circle" x="515" y="274" width="8" height="8"/>
    </entry>
    <entry id="53" name="ko:K23763" type="ortholog" reaction="rn:R12435"
        link="https://www.kegg.jp/dbget-bin/www_bget?K23763">
        <graphics name="K23763" fgcolor="#000000" bgcolor="#FFFFFF"
             type="rectangle" x="516" y="321" width="46" height="17"/>
    </entry>
    <entry id="54" name="ko:K16869" type="ortholog" reaction="rn:R12432"
        link="https://www.kegg.jp/dbget-bin/www_bget?K16869">
        <graphics name="K16869" fgcolor="#000000" bgcolor="#FFFFFF"
             type="rectangle" x="303" y="359" width="46" height="17"/>
    </entry>
    <entry id="56" name="ko:K09711 ko:K24689" type="ortholog" reaction="rn:R12691"
        link="https://www.kegg.jp/dbget-bin/www_bget?K09711+K24689">
        <graphics name="K09711..." fgcolor="#000000" bgcolor="#FFFFFF"
             type="rectangle" x="382" y="321" width="46" height="17"/>
    </entry>
    <relation entry1="11" entry2="45" type="maplink">
        <subtype name="compound" value="37"/>
    </relation>
    <relation entry1="11" entry2="47" type="maplink">
        <subtype name="compound" value="37"/>
    </relation>
    <relation entry1="45" entry2="47" type="ECrel">
        <subtype name="compound" value="37"/>
    </relation>
    <relation entry1="45" entry2="12" type="ECrel">
        <subtype name="compound" value="16"/>
    </relation>
    <relation entry1="47" entry2="40" type="ECrel">
        <subtype name="compound" value="25"/>
    </relation>
    <relation entry1="12" entry2="42" type="ECrel">
        <subtype name="compound" value="28"/>
    </relation>
    <relation entry1="42" entry2="40" type="ECrel">
        <subtype name="compound" value="38"/>
    </relation>
    <relation entry1="23" entry2="22" type="ECrel">
        <subtype name="compound" value="15"/>
    </relation>
    <reaction id="12" name="rn:R12423" type="irreversible">
        <substrate id="16" name="cpd:C22160"/>
        <product id="28" name="cpd:C15973"/>
    </reaction>
    <reaction id="23" name="rn:R07770" type="irreversible">
        <substrate id="14" name="cpd:C16241"/>
        <product id="15" name="cpd:C16238"/>
    </reaction>
    <reaction id="22" name="rn:R12450" type="irreversible">
        <substrate id="15" name="cpd:C16238"/>
        <product id="17" name="cpd:C15972"/>
    </reaction>
    <reaction id="40" name="rn:R12424" type="irreversible">
        <substrate id="25" name="cpd:C22159"/>
        <product id="38" name="cpd:C02972"/>
    </reaction>
    <reaction id="42" name="rn:R12432" type="irreversible">
        <substrate id="38" name="cpd:C02972"/>
        <product id="28" name="cpd:C15973"/>
    </reaction>
    <reaction id="45" name="rn:R12427" type="irreversible">
        <substrate id="37" name="cpd:C05752"/>
        <product id="16" name="cpd:C22160"/>
    </reaction>
    <reaction id="47" name="rn:R12428" type="irreversible">
        <substrate id="37" name="cpd:C05752"/>
        <product id="25" name="cpd:C22159"/>
    </reaction>
</pathway>
