<?xml version="1.0"?>
<!DOCTYPE pathway SYSTEM "https://www.kegg.jp/kegg/xml/KGML_v0.7.2_.dtd">
<!-- Creation date: Jul 21, 2017 17:33:48 +0900 (GMT+9) -->
<pathway name="path:hsa03410" org="hsa" number="03410"
         title="Base excision repair"
         image="https://www.kegg.jp/kegg/pathway/hsa/hsa03410.png"
         link="https://www.kegg.jp/kegg-bin/show_pathway?hsa03410">
    <entry id="203" name="hsa:27301 hsa:328" type="gene"
        link="https://www.kegg.jp/dbget-bin/www_bget?hsa:27301+hsa:328">
        <graphics name="APEX2, APE2, APEXL2, XTH2, ZGRF2..." fgcolor="#000000" bgcolor="#BFFFBF"
             type="rectangle" x="909" y="957" width="46" height="17"/>
    </entry>
    <entry id="204" name="hsa:2237" type="gene"
        link="https://www.kegg.jp/dbget-bin/www_bget?hsa:2237">
        <graphics name="FEN1, FEN-1, MF1, RAD2" fgcolor="#000000" bgcolor="#BFFFBF"
             type="rectangle" x="955" y="957" width="46" height="17"/>
    </entry>
    <entry id="205" name="hsa:10038 hsa:10039 hsa:142 hsa:143" type="gene"
        link="https://www.kegg.jp/dbget-bin/www_bget?hsa:10038+hsa:10039+hsa:142+hsa:143">
        <graphics name="PARP2, ADPRT2, ADPRTL2, ADPRTL3, ARTD2, PARP-2, pADPRT-2..." fgcolor="#000000" bgcolor="#BFFFBF"
             type="rectangle" x="955" y="974" width="46" height="17"/>
    </entry>
    <entry id="206" name="hsa:3978" type="gene"
        link="https://www.kegg.jp/dbget-bin/www_bget?hsa:3978">
        <graphics name="LIG1, IMD96, LIGI, hLig1" fgcolor="#000000" bgcolor="#BFFFBF"
             type="rectangle" x="863" y="974" width="46" height="17"/>
    </entry>
    <entry id="207" name="hsa:3980" type="gene"
        link="https://www.kegg.jp/dbget-bin/www_bget?hsa:3980">
        <graphics name="LIG3, LIG2, LIG3alpha, MTDPS20" fgcolor="#000000" bgcolor="#BFFFBF"
             type="rectangle" x="954" y="786" width="46" height="17"/>
    </entry>
    <entry id="208" name="hsa:3978" type="gene"
        link="https://www.kegg.jp/dbget-bin/www_bget?hsa:3978">
        <graphics name="LIG1, IMD96, LIGI, hLig1" fgcolor="#000000" bgcolor="#BFFFBF"
             type="rectangle" x="533" y="930" width="46" height="17"/>
    </entry>
    <entry id="209" name="hsa:54107 hsa:5426 hsa:5427 hsa:56655" type="gene"
        link="https://www.kegg.jp/dbget-bin/www_bget?hsa:54107+hsa:5426+hsa:5427+hsa:56655">
        <graphics name="POLE3, CHARAC17, CHRAC17, CHRAC2, YBL1, p17..." fgcolor="#000000" bgcolor="#BFFFBF"
             type="rectangle" x="955" y="991" width="46" height="17"/>
    </entry>
    <entry id="210" name="hsa:10714 hsa:5424 hsa:5425 hsa:57804" type="gene"
        link="https://www.kegg.jp/dbget-bin/www_bget?hsa:10714+hsa:5424+hsa:5425+hsa:57804">
        <graphics name="POLD3, P66, P68, PPP1R128..." fgcolor="#000000" bgcolor="#BFFFBF"
             type="rectangle" x="909" y="991" width="46" height="17"/>
    </entry>
    <entry id="211" name="hsa:5423" type="gene"
        link="https://www.kegg.jp/dbget-bin/www_bget?hsa:5423">
        <graphics name="POLB" fgcolor="#000000" bgcolor="#BFFFBF"
             type="rectangle" x="863" y="957" width="46" height="17"/>
    </entry>
    <entry id="212" name="hsa:5423" type="gene"
        link="https://www.kegg.jp/dbget-bin/www_bget?hsa:5423">
        <graphics name="POLB" fgcolor="#000000" bgcolor="#BFFFBF"
             type="rectangle" x="862" y="794" width="46" height="17"/>
    </entry>
    <entry id="213" name="hsa:5423" type="gene"
        link="https://www.kegg.jp/dbget-bin/www_bget?hsa:5423">
        <graphics name="POLB" fgcolor="#000000" bgcolor="#BFFFBF"
             type="rectangle" x="681" y="610" width="46" height="17"/>
    </entry>
    <entry id="214" name="hsa:5423" type="gene"
        link="https://www.kegg.jp/dbget-bin/www_bget?hsa:5423">
        <graphics name="POLB" fgcolor="#000000" bgcolor="#BFFFBF"
             type="rectangle" x="383" y="600" width="46" height="17"/>
    </entry>
    <entry id="215" name="hsa:5111" type="gene"
        link="https://www.kegg.jp/dbget-bin/www_bget?hsa:5111">
        <graphics name="PCNA, ATLD2" fgcolor="#000000" bgcolor="#BFFFBF"
             type="rectangle" x="909" y="974" width="46" height="17"/>
    </entry>
    <entry id="216" name="hsa:5111" type="gene"
        link="https://www.kegg.jp/dbget-bin/www_bget?hsa:5111">
        <graphics name="PCNA, ATLD2" fgcolor="#000000" bgcolor="#BFFFBF"
             type="rectangle" x="635" y="924" width="46" height="17"/>
    </entry>
    <entry id="217" name="hsa:5111" type="gene"
        link="https://www.kegg.jp/dbget-bin/www_bget?hsa:5111">
        <graphics name="PCNA, ATLD2" fgcolor="#000000" bgcolor="#BFFFBF"
             type="rectangle" x="635" y="797" width="46" height="17"/>
    </entry>
    <entry id="218" name="ko:K02335" type="ortholog"
        link="https://www.kegg.jp/dbget-bin/www_bget?K02335">
        <graphics name="K02335" fgcolor="#000000" bgcolor="#FFFFFF"
             type="rectangle" x="533" y="797" width="46" height="17"/>
    </entry>
    <entry id="219" name="ko:K02335" type="ortholog"
        link="https://www.kegg.jp/dbget-bin/www_bget?K02335">
        <graphics name="K02335" fgcolor="#000000" bgcolor="#FFFFFF"
             type="rectangle" x="533" y="626" width="46" height="17"/>
    </entry>
    <entry id="220" name="ko:K02335" type="ortholog"
        link="https://www.kegg.jp/dbget-bin/www_bget?K02335">
        <graphics name="K02335" fgcolor="#000000" bgcolor="#FFFFFF"
             type="rectangle" x="384" y="501" width="46" height="17"/>
    </entry>
    <entry id="221" name="hsa:27301" type="gene"
        link="https://www.kegg.jp/dbget-bin/www_bget?hsa:27301">
        <graphics name="APEX2, APE2, APEXL2, XTH2, ZGRF2" fgcolor="#000000" bgcolor="#BFFFBF"
             type="rectangle" x="635" y="458" width="46" height="17"/>
    </entry>
    <entry id="222" name="hsa:328" type="gene"
        link="https://www.kegg.jp/dbget-bin/www_bget?hsa:328">
        <graphics name="APEX1, APE, APE1, APEN, APEX, APX, HAP1, REF1" fgcolor="#000000" bgcolor="#BFFFBF"
             type="rectangle" x="635" y="433" width="46" height="17"/>
    </entry>
    <entry id="223" name="ko:K01151" type="ortholog"
        link="https://www.kegg.jp/dbget-bin/www_bget?K01151">
        <graphics name="K01151" fgcolor="#000000" bgcolor="#FFFFFF"
             type="rectangle" x="533" y="458" width="46" height="17"/>
    </entry>
    <entry id="224" name="ko:K01142" type="ortholog"
        link="https://www.kegg.jp/dbget-bin/www_bget?K01142">
        <graphics name="K01142" fgcolor="#000000" bgcolor="#FFFFFF"
             type="rectangle" x="533" y="433" width="46" height="17"/>
    </entry>
    <entry id="225" name="hsa:4595" type="gene"
        link="https://www.kegg.jp/dbget-bin/www_bget?hsa:4595">
        <graphics name="MUTYH, MYH" fgcolor="#000000" bgcolor="#BFFFBF"
             type="rectangle" x="687" y="227" width="46" height="17"/>
    </entry>
    <entry id="226" name="hsa:7374" type="gene"
        link="https://www.kegg.jp/dbget-bin/www_bget?hsa:7374">
        <graphics name="UNG, DGU, HIGM4, HIGM5, UDG, UNG1, UNG15, UNG2" fgcolor="#000000" bgcolor="#BFFFBF"
             type="rectangle" x="636" y="227" width="46" height="17"/>
    </entry>
    <entry id="227" name="hsa:4913" type="gene"
        link="https://www.kegg.jp/dbget-bin/www_bget?hsa:4913">
        <graphics name="NTHL1, FAP3, NTH1, OCTS3, hNTH1" fgcolor="#000000" bgcolor="#BFFFBF"
             type="rectangle" x="264" y="252" width="46" height="17"/>
    </entry>
    <entry id="228" name="ko:K05522" type="ortholog"
        link="https://www.kegg.jp/dbget-bin/www_bget?K05522">
        <graphics name="K05522" fgcolor="#000000" bgcolor="#FFFFFF"
             type="rectangle" x="436" y="478" width="46" height="17"/>
    </entry>
    <entry id="229" name="ko:K10563" type="ortholog"
        link="https://www.kegg.jp/dbget-bin/www_bget?K10563">
        <graphics name="K10563" fgcolor="#000000" bgcolor="#FFFFFF"
             type="rectangle" x="384" y="478" width="46" height="17"/>
    </entry>
    <entry id="230" name="ko:K10563" type="ortholog"
        link="https://www.kegg.jp/dbget-bin/www_bget?K10563">
        <graphics name="K10563" fgcolor="#000000" bgcolor="#FFFFFF"
             type="rectangle" x="158" y="227" width="46" height="17"/>
    </entry>
    <entry id="231" name="hsa:5423" type="gene"
        link="https://www.kegg.jp/dbget-bin/www_bget?hsa:5423">
        <graphics name="POLB" fgcolor="#000000" bgcolor="#BFFFBF"
             type="rectangle" x="262" y="627" width="46" height="17"/>
    </entry>
    <entry id="232" name="hsa:3978" type="gene"
        link="https://www.kegg.jp/dbget-bin/www_bget?hsa:3978">
        <graphics name="LIG1, IMD96, LIGI, hLig1" fgcolor="#000000" bgcolor="#BFFFBF"
             type="rectangle" x="160" y="861" width="46" height="17"/>
    </entry>
    <entry id="233" name="hsa:7515" type="gene"
        link="https://www.kegg.jp/dbget-bin/www_bget?hsa:7515">
        <graphics name="XRCC1, RCC, SCAR26" fgcolor="#000000" bgcolor="#BFFFBF"
             type="rectangle" x="262" y="853" width="46" height="17"/>
    </entry>
    <entry id="234" name="hsa:3980" type="gene"
        link="https://www.kegg.jp/dbget-bin/www_bget?hsa:3980">
        <graphics name="LIG3, LIG2, LIG3alpha, MTDPS20" fgcolor="#000000" bgcolor="#BFFFBF"
             type="rectangle" x="262" y="870" width="46" height="17"/>
    </entry>
    <entry id="235" name="hsa:3146" type="gene"
        link="https://www.kegg.jp/dbget-bin/www_bget?hsa:3146">
        <graphics name="HMGB1, HMG-1, HMG1, HMG3, SBP-1" fgcolor="#000000" bgcolor="#BFFFBF"
             type="rectangle" x="411" y="627" width="46" height="17"/>
    </entry>
    <entry id="236" name="hsa:3978" type="gene"
        link="https://www.kegg.jp/dbget-bin/www_bget?hsa:3978">
        <graphics name="LIG1, IMD96, LIGI, hLig1" fgcolor="#000000" bgcolor="#BFFFBF"
             type="rectangle" x="635" y="941" width="46" height="17"/>
    </entry>
    <entry id="237" name="hsa:5111" type="gene"
        link="https://www.kegg.jp/dbget-bin/www_bget?hsa:5111">
        <graphics name="PCNA, ATLD2" fgcolor="#000000" bgcolor="#BFFFBF"
             type="rectangle" x="635" y="610" width="46" height="17"/>
    </entry>
    <entry id="238" name="hsa:27343" type="gene"
        link="https://www.kegg.jp/dbget-bin/www_bget?hsa:27343">
        <graphics name="POLL, BETAN, POLKAPPA" fgcolor="#000000" bgcolor="#BFFFBF"
             type="rectangle" x="436" y="600" width="46" height="17"/>
    </entry>
    <entry id="239" name="ko:K07462" type="ortholog"
        link="https://www.kegg.jp/dbget-bin/www_bget?K07462">
        <graphics name="K07462" fgcolor="#000000" bgcolor="#FFFFFF"
             type="rectangle" x="436" y="501" width="46" height="17"/>
    </entry>
    <entry id="240" name="hsa:2237" type="gene"
        link="https://www.kegg.jp/dbget-bin/www_bget?hsa:2237">
        <graphics name="FEN1, FEN-1, MF1, RAD2" fgcolor="#000000" bgcolor="#BFFFBF"
             type="rectangle" x="635" y="814" width="46" height="17"/>
    </entry>
    <entry id="241" name="hsa:7515" type="gene"
        link="https://www.kegg.jp/dbget-bin/www_bget?hsa:7515">
        <graphics name="XRCC1, RCC, SCAR26" fgcolor="#000000" bgcolor="#BFFFBF"
             type="rectangle" x="908" y="794" width="46" height="17"/>
    </entry>
    <entry id="242" name="hsa:252969" type="gene"
        link="https://www.kegg.jp/dbget-bin/www_bget?hsa:252969">
        <graphics name="NEIL2, NEH2, NEI2" fgcolor="#000000" bgcolor="#BFFFBF"
             type="rectangle" x="331" y="252" width="46" height="17"/>
    </entry>
    <entry id="243" name="hsa:4968" type="gene"
        link="https://www.kegg.jp/dbget-bin/www_bget?hsa:4968">
        <graphics name="OGG1, HMMH, HOGG1, MUTM, OGH1" fgcolor="#000000" bgcolor="#BFFFBF"
             type="rectangle" x="264" y="227" width="46" height="17"/>
    </entry>
    <entry id="244" name="path:hsa03410" type="map"
        link="https://www.kegg.jp/dbget-bin/www_bget?hsa03410">
        <graphics name="TITLE:Base excision repair" fgcolor="#000000" bgcolor="#FFFFFF"
             type="roundrectangle" x="135" y="58" width="189" height="25"/>
    </entry>
    <entry id="245" name="hsa:8930" type="gene"
        link="https://www.kegg.jp/dbget-bin/www_bget?hsa:8930">
        <graphics name="MBD4, MED1, TPDS2" fgcolor="#000000" bgcolor="#BFFFBF"
             type="rectangle" x="748" y="227" width="46" height="17"/>
    </entry>
    <entry id="246" name="ko:K01246" type="ortholog"
        link="https://www.kegg.jp/dbget-bin/www_bget?K01246">
        <graphics name="K01246" fgcolor="#000000" bgcolor="#FFFFFF"
             type="rectangle" x="481" y="252" width="46" height="17"/>
    </entry>
    <entry id="247" name="hsa:4350" type="gene"
        link="https://www.kegg.jp/dbget-bin/www_bget?hsa:4350">
        <graphics name="MPG, AAG, ADPG, APNG, CRA36.1, MDG, Mid1, PIG11, PIG16, anpg" fgcolor="#000000" bgcolor="#BFFFBF"
             type="rectangle" x="687" y="252" width="46" height="17"/>
    </entry>
    <entry id="248" name="ko:K03649" type="ortholog"
        link="https://www.kegg.jp/dbget-bin/www_bget?K03649">
        <graphics name="K03649" fgcolor="#000000" bgcolor="#FFFFFF"
             type="rectangle" x="533" y="227" width="46" height="17"/>
    </entry>
    <entry id="249" name="hsa:23583" type="gene"
        link="https://www.kegg.jp/dbget-bin/www_bget?hsa:23583">
        <graphics name="SMUG1, FDG, HMUDG, UNG3" fgcolor="#000000" bgcolor="#BFFFBF"
             type="rectangle" x="636" y="252" width="46" height="17"/>
    </entry>
    <entry id="250" name="hsa:79661" type="gene"
        link="https://www.kegg.jp/dbget-bin/www_bget?hsa:79661">
        <graphics name="NEIL1, FPG1, NEI1, hFPG1" fgcolor="#000000" bgcolor="#BFFFBF"
             type="rectangle" x="331" y="227" width="46" height="17"/>
    </entry>
    <entry id="251" name="hsa:55247" type="gene"
        link="https://www.kegg.jp/dbget-bin/www_bget?hsa:55247">
        <graphics name="NEIL3, FGP2, FPG2, NEI3, ZGRF3, hFPG2, hNEI3" fgcolor="#000000" bgcolor="#BFFFBF"
             type="rectangle" x="331" y="278" width="46" height="17"/>
    </entry>
    <entry id="252" name="ko:K01142" type="ortholog"
        link="https://www.kegg.jp/dbget-bin/www_bget?K01142">
        <graphics name="K01142" fgcolor="#000000" bgcolor="#FFFFFF"
             type="rectangle" x="158" y="433" width="46" height="17"/>
    </entry>
    <entry id="253" name="hsa:328" type="gene"
        link="https://www.kegg.jp/dbget-bin/www_bget?hsa:328">
        <graphics name="APEX1, APE, APE1, APEN, APEX, APX, HAP1, REF1" fgcolor="#000000" bgcolor="#BFFFBF"
             type="rectangle" x="264" y="433" width="46" height="17"/>
    </entry>
    <entry id="254" name="ko:K01151" type="ortholog"
        link="https://www.kegg.jp/dbget-bin/www_bget?K01151">
        <graphics name="K01151" fgcolor="#000000" bgcolor="#FFFFFF"
             type="rectangle" x="158" y="458" width="46" height="17"/>
    </entry>
    <entry id="255" name="hsa:10714 hsa:5424 hsa:5425 hsa:57804" type="gene"
        link="https://www.kegg.jp/dbget-bin/www_bget?hsa:10714+hsa:5424+hsa:5425+hsa:57804">
        <graphics name="POLD3, P66, P68, PPP1R128..." fgcolor="#000000" bgcolor="#BFFFBF"
             type="rectangle" x="635" y="627" width="46" height="17"/>
    </entry>
    <entry id="256" name="hsa:27301" type="gene"
        link="https://www.kegg.jp/dbget-bin/www_bget?hsa:27301">
        <graphics name="APEX2, APE2, APEXL2, XTH2, ZGRF2" fgcolor="#000000" bgcolor="#BFFFBF"
             type="rectangle" x="264" y="458" width="46" height="17"/>
    </entry>
    <entry id="257" name="hsa:54107 hsa:5426 hsa:5427 hsa:56655" type="gene"
        link="https://www.kegg.jp/dbget-bin/www_bget?hsa:54107+hsa:5426+hsa:5427+hsa:56655">
        <graphics name="POLE3, CHARAC17, CHRAC17, CHRAC2, YBL1, p17..." fgcolor="#000000" bgcolor="#BFFFBF"
             type="rectangle" x="681" y="627" width="46" height="17"/>
    </entry>
    <entry id="258" name="hsa:10038 hsa:10039 hsa:142 hsa:143" type="gene"
        link="https://www.kegg.jp/dbget-bin/www_bget?hsa:10038+hsa:10039+hsa:142+hsa:143">
        <graphics name="PARP2, ADPRT2, ADPRTL2, ADPRTL3, ARTD2, PARP-2, pADPRT-2..." fgcolor="#000000" bgcolor="#BFFFBF"
             type="rectangle" x="908" y="777" width="46" height="17"/>
    </entry>
    <entry id="259" name="ko:K01247 ko:K13529" type="ortholog"
        link="https://www.kegg.jp/dbget-bin/www_bget?K01247+K13529">
        <graphics name="K01247..." fgcolor="#000000" bgcolor="#FFFFFF"
             type="rectangle" x="481" y="227" width="46" height="17"/>
    </entry>
    <entry id="260" name="hsa:27301 hsa:328" type="gene"
        link="https://www.kegg.jp/dbget-bin/www_bget?hsa:27301+hsa:328">
        <graphics name="APEX2, APE2, APEXL2, XTH2, ZGRF2..." fgcolor="#000000" bgcolor="#BFFFBF"
             type="rectangle" x="862" y="777" width="46" height="17"/>
    </entry>
    <entry id="261" name="hsa:7515" type="gene"
        link="https://www.kegg.jp/dbget-bin/www_bget?hsa:7515">
        <graphics name="XRCC1, RCC, SCAR26" fgcolor="#000000" bgcolor="#BFFFBF"
             type="rectangle" x="262" y="610" width="46" height="17"/>
    </entry>
    <entry id="262" name="ko:K02335" type="ortholog"
        link="https://www.kegg.jp/dbget-bin/www_bget?K02335">
        <graphics name="K02335" fgcolor="#000000" bgcolor="#FFFFFF"
             type="rectangle" x="159" y="626" width="46" height="17"/>
    </entry>
    <entry id="263" name="ko:K05522" type="ortholog"
        link="https://www.kegg.jp/dbget-bin/www_bget?K05522">
        <graphics name="K05522" fgcolor="#000000" bgcolor="#FFFFFF"
             type="rectangle" x="158" y="252" width="46" height="17"/>
    </entry>
    <entry id="450" name="hsa:6996" type="gene"
        link="https://www.kegg.jp/dbget-bin/www_bget?hsa:6996">
        <graphics name="TDG, hTDG" fgcolor="#000000" bgcolor="#BFFFBF"
             type="rectangle" x="748" y="252" width="46" height="17"/>
    </entry>
    <entry id="451" name="ko:K21929" type="ortholog"
        link="https://www.kegg.jp/dbget-bin/www_bget?K21929">
        <graphics name="K21929" fgcolor="#000000" bgcolor="#FFFFFF"
             type="rectangle" x="533" y="252" width="46" height="17"/>
    </entry>
</pathway>
