<?xml version="1.0"?>
<!DOCTYPE pathway SYSTEM "https://www.kegg.jp/kegg/xml/KGML_v0.7.2_.dtd">
<!-- Creation date: Jan 20, 2015 17:57:27 +0900 (GMT+09:00) -->
<pathway name="path:hsa03450" org="hsa" number="03450"
         title="Non-homologous end-joining"
         image="https://www.kegg.jp/kegg/pathway/hsa/hsa03450.png"
         link="https://www.kegg.jp/kegg-bin/show_pathway?hsa03450">
    <entry id="2" name="hsa:3981" type="gene"
        link="https://www.kegg.jp/dbget-bin/www_bget?hsa:3981">
        <graphics name="LIG4, LIG4S" fgcolor="#000000" bgcolor="#BFFFBF"
             type="rectangle" x="819" y="577" width="46" height="17"/>
    </entry>
    <entry id="3" name="ko:K10983" type="ortholog"
        link="https://www.kegg.jp/dbget-bin/www_bget?K10983">
        <graphics name="K10983" fgcolor="#000000" bgcolor="#FFFFFF"
             type="rectangle" x="558" y="611" width="46" height="17"/>
    </entry>
    <entry id="4" name="hsa:27343" type="gene"
        link="https://www.kegg.jp/dbget-bin/www_bget?hsa:27343">
        <graphics name="POLL, BETAN, POLKAPPA" fgcolor="#000000" bgcolor="#BFFFBF"
             type="rectangle" x="819" y="473" width="46" height="17"/>
    </entry>
    <entry id="5" name="hsa:3981" type="gene"
        link="https://www.kegg.jp/dbget-bin/www_bget?hsa:3981">
        <graphics name="LIG4, LIG4S" fgcolor="#000000" bgcolor="#BFFFBF"
             type="rectangle" x="558" y="577" width="46" height="17"/>
    </entry>
    <entry id="6" name="hsa:1791" type="gene"
        link="https://www.kegg.jp/dbget-bin/www_bget?hsa:1791">
        <graphics name="DNTT, TDT" fgcolor="#000000" bgcolor="#BFFFBF"
             type="rectangle" x="819" y="494" width="46" height="17"/>
    </entry>
    <entry id="7" name="hsa:27434" type="gene"
        link="https://www.kegg.jp/dbget-bin/www_bget?hsa:27434">
        <graphics name="POLM, Pol_Mu, Tdt-N" fgcolor="#000000" bgcolor="#BFFFBF"
             type="rectangle" x="872" y="473" width="46" height="17"/>
    </entry>
    <entry id="8" name="hsa:64421" type="gene"
        link="https://www.kegg.jp/dbget-bin/www_bget?hsa:64421">
        <graphics name="DCLRE1C, A-SCID, DCLREC1C, RS-SCID, SCIDA, SNM1C" fgcolor="#000000" bgcolor="#BFFFBF"
             type="rectangle" x="819" y="346" width="45" height="19"/>
    </entry>
    <entry id="9" name="ko:K10981" type="ortholog"
        link="https://www.kegg.jp/dbget-bin/www_bget?K10981">
        <graphics name="K10981" fgcolor="#000000" bgcolor="#FFFFFF"
             type="rectangle" x="558" y="473" width="46" height="17"/>
    </entry>
    <entry id="10" name="ko:K01971" type="ortholog"
        link="https://www.kegg.jp/dbget-bin/www_bget?K01971">
        <graphics name="K01971" fgcolor="#000000" bgcolor="#FFFFFF"
             type="rectangle" x="242" y="345" width="46" height="17"/>
    </entry>
    <entry id="11" name="path:hsa03450" type="map"
        link="https://www.kegg.jp/dbget-bin/www_bget?hsa03450">
        <graphics name="TITLE:Non-homologous end-joining" fgcolor="#000000" bgcolor="#FFFFFF"
             type="roundrectangle" x="167" y="58" width="253" height="25"/>
    </entry>
    <entry id="12" name="hsa:4361" type="gene"
        link="https://www.kegg.jp/dbget-bin/www_bget?hsa:4361">
        <graphics name="MRE11, ATLD, HNGS1, MRE11A, MRE11B" fgcolor="#000000" bgcolor="#BFFFBF"
             type="rectangle" x="553" y="359" width="46" height="17"/>
    </entry>
    <entry id="13" name="hsa:10111" type="gene"
        link="https://www.kegg.jp/dbget-bin/www_bget?hsa:10111">
        <graphics name="RAD50, NBSLD, RAD502, hRad50" fgcolor="#000000" bgcolor="#BFFFBF"
             type="rectangle" x="553" y="343" width="46" height="17"/>
    </entry>
    <entry id="14" name="hsa:5591" type="gene"
        link="https://www.kegg.jp/dbget-bin/www_bget?hsa:5591">
        <graphics name="PRKDC, DNA-PKC, DNA-PKcs, DNAPK, DNAPKc, DNPK1, HYRC, HYRC1, IMD26, XRCC7, p350" fgcolor="#000000" bgcolor="#BFFFBF"
             type="rectangle" x="819" y="362" width="46" height="17"/>
    </entry>
    <entry id="15" name="ko:K10868" type="ortholog"
        link="https://www.kegg.jp/dbget-bin/www_bget?K10868">
        <graphics name="K10868" fgcolor="#000000" bgcolor="#FFFFFF"
             type="rectangle" x="553" y="376" width="46" height="17"/>
    </entry>
    <entry id="16" name="ko:K10979" type="ortholog"
        link="https://www.kegg.jp/dbget-bin/www_bget?K10979">
        <graphics name="K10979" fgcolor="#000000" bgcolor="#FFFFFF"
             type="rectangle" x="240" y="215" width="46" height="17"/>
    </entry>
    <entry id="17" name="hsa:7520" type="gene"
        link="https://www.kegg.jp/dbget-bin/www_bget?hsa:7520">
        <graphics name="XRCC5, KARP-1, KARP1, KU80, KUB2, Ku86, NFIV" fgcolor="#000000" bgcolor="#BFFFBF"
             type="rectangle" x="688" y="227" width="46" height="17"/>
    </entry>
    <entry id="18" name="hsa:7518" type="gene"
        link="https://www.kegg.jp/dbget-bin/www_bget?hsa:7518">
        <graphics name="XRCC4, SSMED, hXRCC4" fgcolor="#000000" bgcolor="#BFFFBF"
             type="rectangle" x="819" y="594" width="46" height="17"/>
    </entry>
    <entry id="19" name="hsa:2547" type="gene"
        link="https://www.kegg.jp/dbget-bin/www_bget?hsa:2547">
        <graphics name="XRCC6, CTC75, CTCBF, G22P1, KU70, ML8, TLAA" fgcolor="#000000" bgcolor="#BFFFBF"
             type="rectangle" x="688" y="210" width="46" height="17"/>
    </entry>
    <entry id="20" name="hsa:2237" type="gene"
        link="https://www.kegg.jp/dbget-bin/www_bget?hsa:2237">
        <graphics name="FEN1, FEN-1, MF1, RAD2" fgcolor="#000000" bgcolor="#BFFFBF"
             type="rectangle" x="558" y="494" width="46" height="17"/>
    </entry>
    <entry id="21" name="hsa:79840" type="gene"
        link="https://www.kegg.jp/dbget-bin/www_bget?hsa:79840">
        <graphics name="NHEJ1, XLF" fgcolor="#000000" bgcolor="#BFFFBF"
             type="rectangle" x="819" y="611" width="46" height="17"/>
    </entry>
    <entry id="22" name="ko:K10982" type="ortholog"
        link="https://www.kegg.jp/dbget-bin/www_bget?K10982">
        <graphics name="K10982" fgcolor="#000000" bgcolor="#FFFFFF"
             type="rectangle" x="558" y="594" width="46" height="17"/>
    </entry>
</pathway>
