<?xml version="1.0"?>
<!DOCTYPE pathway SYSTEM "https://www.kegg.jp/kegg/xml/KGML_v0.7.2_.dtd">
<!-- Creation date: Feb 19, 2018 11:35:09 +0900 (GMT+9) -->
<pathway name="path:hsa05210" org="hsa" number="05210"
         title="Colorectal cancer"
         image="https://www.kegg.jp/kegg/pathway/hsa/hsa05210.png"
         link="https://www.kegg.jp/kegg-bin/show_pathway?hsa05210">
    <entry id="8" name="hsa:1630" type="gene"
        link="https://www.kegg.jp/dbget-bin/www_bget?hsa:1630">
        <graphics name="DCC, CRC18, CRCR1, HGPPS2, IGDCC1, MRMV1, NTN1R1" fgcolor="#000000" bgcolor="#BFFFBF"
             type="rectangle" x="276" y="520" width="46" height="17"/>
    </entry>
    <entry id="9" name="hsa:836" type="gene"
        link="https://www.kegg.jp/dbget-bin/www_bget?hsa:836">
        <graphics name="CASP3, CPP32, CPP32B, SCA-1" fgcolor="#000000" bgcolor="#BFFFBF"
             type="rectangle" x="357" y="480" width="46" height="17"/>
    </entry>
    <entry id="10" name="hsa:7040 hsa:7042 hsa:7043" type="gene"
        link="https://www.kegg.jp/dbget-bin/www_bget?hsa:7040+hsa:7042+hsa:7043">
        <graphics name="TGFB1, CED, DPD1, IBDIMDE, LAP, TGF-beta1, TGFB, TGFbeta..." fgcolor="#000000" bgcolor="#BFFFBF"
             type="rectangle" x="196" y="596" width="46" height="17"/>
    </entry>
    <entry id="11" name="hsa:5290 hsa:5291 hsa:5293 hsa:5295 hsa:5296 hsa:8503" type="gene"
        link="https://www.kegg.jp/dbget-bin/www_bget?hsa:5290+hsa:5291+hsa:5293+hsa:5295+hsa:5296+hsa:8503">
        <graphics name="PIK3CA, CCM4, CLAPO, CLOVE, CWS5, MCAP, MCM, MCMTC, PI3K, PI3K-alpha, p110-alpha..." fgcolor="#000000" bgcolor="#BFFFBF"
             type="rectangle" x="499" y="357" width="46" height="17"/>
    </entry>
    <entry id="12" name="hsa:842" type="gene"
        link="https://www.kegg.jp/dbget-bin/www_bget?hsa:842">
        <graphics name="CASP9, APAF-3, APAF3, ICE-LAP6, MCH6, PPP1R56" fgcolor="#000000" bgcolor="#BFFFBF"
             type="rectangle" x="423" y="512" width="46" height="17"/>
    </entry>
    <entry id="13" name="hsa:26060" type="gene"
        link="https://www.kegg.jp/dbget-bin/www_bget?hsa:26060">
        <graphics name="APPL1, APPL, DIP13alpha, MODY14" fgcolor="#000000" bgcolor="#BFFFBF"
             type="rectangle" x="423" y="529" width="46" height="17"/>
    </entry>
    <entry id="14" name="hsa:836" type="gene"
        link="https://www.kegg.jp/dbget-bin/www_bget?hsa:836">
        <graphics name="CASP3, CPP32, CPP32B, SCA-1" fgcolor="#000000" bgcolor="#BFFFBF"
             type="rectangle" x="558" y="520" width="46" height="17"/>
    </entry>
    <entry id="15" name="hsa:10297 hsa:324" type="gene"
        link="https://www.kegg.jp/dbget-bin/www_bget?hsa:10297+hsa:324">
        <graphics name="APC2, APCL, MRT74..." fgcolor="#000000" bgcolor="#BFFFBF"
             type="rectangle" x="684" y="151" width="46" height="17"/>
    </entry>
    <entry id="16" name="hsa:4087 hsa:4088" type="gene"
        link="https://www.kegg.jp/dbget-bin/www_bget?hsa:4087+hsa:4088">
        <graphics name="SMAD2, CHTD8, JV18, JV18-1, LDS6, MADH2, MADR2, hMAD-2, hSMAD2..." fgcolor="#000000" bgcolor="#BFFFBF"
             type="rectangle" x="428" y="598" width="46" height="17"/>
    </entry>
    <entry id="17" name="hsa:7046" type="gene"
        link="https://www.kegg.jp/dbget-bin/www_bget?hsa:7046">
        <graphics name="TGFBR1, AAT5, ACVRLK4, ALK-5, ALK5, ESS1, LDS1, LDS1A, LDS2A, MSSE, SKR4, TBR-i, TBRI, TGFR-1, tbetaR-I" fgcolor="#000000" bgcolor="#BFFFBF"
             type="rectangle" x="277" y="589" width="46" height="17"/>
    </entry>
    <entry id="18" name="hsa:4089" type="gene"
        link="https://www.kegg.jp/dbget-bin/www_bget?hsa:4089">
        <graphics name="SMAD4, DPC4, JIP, MADH4, MYHRS" fgcolor="#000000" bgcolor="#BFFFBF"
             type="rectangle" x="428" y="630" width="46" height="17"/>
    </entry>
    <entry id="19" name="hsa:4292" type="gene"
        link="https://www.kegg.jp/dbget-bin/www_bget?hsa:4292">
        <graphics name="MLH1, COCA2, FCC2, HNPCC, HNPCC2, MLH-1, MMRCS1, hMLH1" fgcolor="#000000" bgcolor="#BFFFBF"
             type="rectangle" x="882" y="526" width="46" height="17"/>
    </entry>
    <entry id="20" name="hsa:4436" type="gene"
        link="https://www.kegg.jp/dbget-bin/www_bget?hsa:4436">
        <graphics name="MSH2, COCA1, FCC1, HNPCC, HNPCC1, LCFS2, MMRCS2, MSH-2, hMSH2" fgcolor="#000000" bgcolor="#BFFFBF"
             type="rectangle" x="882" y="547" width="46" height="17"/>
    </entry>
    <entry id="21" name="hsa:3845" type="gene"
        link="https://www.kegg.jp/dbget-bin/www_bget?hsa:3845">
        <graphics name="KRAS, 'C-K-RAS, C-K-RAS, CFC2, K-RAS2A, K-RAS2B, K-RAS4A, K-RAS4B, K-Ras, K-Ras_2, KI-RAS, KRAS1, KRAS2, NS, NS3, OES, RALD, RASK2, c-Ki-ras, c-Ki-ras2" fgcolor="#000000" bgcolor="#BFFFBF"
             type="rectangle" x="444" y="403" width="46" height="17"/>
    </entry>
    <entry id="22" name="hsa:369 hsa:5894 hsa:673" type="gene"
        link="https://www.kegg.jp/dbget-bin/www_bget?hsa:369+hsa:5894+hsa:673">
        <graphics name="ARAF, A-RAF, ARAF1, PKS2, RAFA1..." fgcolor="#000000" bgcolor="#BFFFBF"
             type="rectangle" x="525" y="403" width="46" height="17"/>
    </entry>
    <entry id="23" name="hsa:5599 hsa:5601 hsa:5602" type="gene"
        link="https://www.kegg.jp/dbget-bin/www_bget?hsa:5599+hsa:5601+hsa:5602">
        <graphics name="MAPK8, JNK, JNK-46, JNK1, JNK1A2, JNK21B1/2, PRKM8, SAPK1, SAPK1c..." fgcolor="#000000" bgcolor="#BFFFBF"
             type="rectangle" x="703" y="469" width="46" height="17"/>
    </entry>
    <entry id="24" name="hsa:8312 hsa:8313" type="gene"
        link="https://www.kegg.jp/dbget-bin/www_bget?hsa:8312+hsa:8313">
        <graphics name="AXIN1, AXIN, PPP1R49..." fgcolor="#000000" bgcolor="#BFFFBF"
             type="rectangle" x="632" y="169" width="46" height="17"/>
    </entry>
    <entry id="25" name="hsa:8312 hsa:8313" type="gene"
        link="https://www.kegg.jp/dbget-bin/www_bget?hsa:8312+hsa:8313">
        <graphics name="AXIN1, AXIN, PPP1R49..." fgcolor="#000000" bgcolor="#BFFFBF"
             type="rectangle" x="634" y="250" width="46" height="17"/>
    </entry>
    <entry id="26" name="hsa:5900" type="gene"
        link="https://www.kegg.jp/dbget-bin/www_bget?hsa:5900">
        <graphics name="RALGDS, RGDS, RGF, RalGEF" fgcolor="#000000" bgcolor="#BFFFBF"
             type="rectangle" x="493" y="469" width="46" height="17"/>
    </entry>
    <entry id="27" name="hsa:387 hsa:5879 hsa:5880 hsa:5881" type="gene"
        link="https://www.kegg.jp/dbget-bin/www_bget?hsa:387+hsa:5879+hsa:5880+hsa:5881">
        <graphics name="RHOA, ARH12, ARHA, EDFAOB, RHO12, RHOH12..." fgcolor="#000000" bgcolor="#BFFFBF"
             type="rectangle" x="633" y="469" width="46" height="17"/>
    </entry>
    <entry id="28" name="hsa:332" type="gene"
        link="https://www.kegg.jp/dbget-bin/www_bget?hsa:332">
        <graphics name="BIRC5, API4, EPR-1" fgcolor="#000000" bgcolor="#BFFFBF"
             type="rectangle" x="1022" y="210" width="46" height="17"/>
    </entry>
    <entry id="29" name="hsa:4609" type="gene"
        link="https://www.kegg.jp/dbget-bin/www_bget?hsa:4609">
        <graphics name="MYC, MRTL, MYCC, bHLHe39, c-Myc" fgcolor="#000000" bgcolor="#BFFFBF"
             type="rectangle" x="1022" y="245" width="46" height="17"/>
    </entry>
    <entry id="30" name="hsa:595" type="gene"
        link="https://www.kegg.jp/dbget-bin/www_bget?hsa:595">
        <graphics name="CCND1, BCL1, D11S287E, PRAD1, U21B31" fgcolor="#000000" bgcolor="#BFFFBF"
             type="rectangle" x="1022" y="268" width="46" height="17"/>
    </entry>
    <entry id="31" name="hsa:10297 hsa:324" type="gene"
        link="https://www.kegg.jp/dbget-bin/www_bget?hsa:10297+hsa:324">
        <graphics name="APC2, APCL, MRT74..." fgcolor="#000000" bgcolor="#BFFFBF"
             type="rectangle" x="680" y="250" width="46" height="17"/>
    </entry>
    <entry id="32" name="hsa:5604 hsa:5605" type="gene"
        link="https://www.kegg.jp/dbget-bin/www_bget?hsa:5604+hsa:5605">
        <graphics name="MAP2K1, CFC3, MAPKK1, MEK1, MEL, MKK1, PRKMK1..." fgcolor="#000000" bgcolor="#BFFFBF"
             type="rectangle" x="604" y="403" width="46" height="17"/>
    </entry>
    <entry id="33" name="hsa:5594 hsa:5595" type="gene"
        link="https://www.kegg.jp/dbget-bin/www_bget?hsa:5594+hsa:5595">
        <graphics name="MAPK1, ERK, ERK-2, ERK2, ERT1, MAPK2, NS13, P42MAPK, PRKM1, PRKM2, p38, p40, p41, p41mapk, p42-MAPK..." fgcolor="#000000" bgcolor="#BFFFBF"
             type="rectangle" x="764" y="403" width="46" height="17"/>
    </entry>
    <entry id="34" name="hsa:3725" type="gene"
        link="https://www.kegg.jp/dbget-bin/www_bget?hsa:3725">
        <graphics name="JUN, AP-1, AP1, c-Jun, cJUN, p39" fgcolor="#000000" bgcolor="#BFFFBF"
             type="rectangle" x="906" y="378" width="46" height="17"/>
    </entry>
    <entry id="35" name="hsa:2353" type="gene"
        link="https://www.kegg.jp/dbget-bin/www_bget?hsa:2353">
        <graphics name="FOS, AP-1, C-FOS, p55" fgcolor="#000000" bgcolor="#BFFFBF"
             type="rectangle" x="906" y="403" width="46" height="17"/>
    </entry>
    <entry id="36" name="hsa:4609" type="gene"
        link="https://www.kegg.jp/dbget-bin/www_bget?hsa:4609">
        <graphics name="MYC, MRTL, MYCC, bHLHe39, c-Myc" fgcolor="#000000" bgcolor="#BFFFBF"
             type="rectangle" x="906" y="428" width="46" height="17"/>
    </entry>
    <entry id="37" name="hsa:54205" type="gene"
        link="https://www.kegg.jp/dbget-bin/www_bget?hsa:54205">
        <graphics name="CYCS, CYC, HCS, THC4" fgcolor="#000000" bgcolor="#BFFFBF"
             type="rectangle" x="555" y="784" width="46" height="17"/>
    </entry>
    <entry id="38" name="hsa:596" type="gene"
        link="https://www.kegg.jp/dbget-bin/www_bget?hsa:596">
        <graphics name="BCL2, Bcl-2, PPP1R50" fgcolor="#000000" bgcolor="#BFFFBF"
             type="rectangle" x="652" y="745" width="46" height="17"/>
    </entry>
    <entry id="39" name="hsa:7157" type="gene"
        link="https://www.kegg.jp/dbget-bin/www_bget?hsa:7157">
        <graphics name="TP53, BCC7, BMFS5, LFS1, P53, TRP53" fgcolor="#000000" bgcolor="#BFFFBF"
             type="rectangle" x="903" y="770" width="46" height="17"/>
    </entry>
    <entry id="40" name="hsa:51176 hsa:6932 hsa:6934 hsa:83439" type="gene"
        link="https://www.kegg.jp/dbget-bin/www_bget?hsa:51176+hsa:6932+hsa:6934+hsa:83439">
        <graphics name="LEF1, LEF-1, TCF10, TCF1ALPHA, TCF7L3..." fgcolor="#000000" bgcolor="#BFFFBF"
             type="rectangle" x="906" y="229" width="46" height="17"/>
    </entry>
    <entry id="41" name="hsa:2932" type="gene"
        link="https://www.kegg.jp/dbget-bin/www_bget?hsa:2932">
        <graphics name="GSK3B" fgcolor="#000000" bgcolor="#BFFFBF"
             type="rectangle" x="591" y="186" width="46" height="17"/>
    </entry>
    <entry id="42" name="hsa:2932" type="gene"
        link="https://www.kegg.jp/dbget-bin/www_bget?hsa:2932">
        <graphics name="GSK3B" fgcolor="#000000" bgcolor="#BFFFBF"
             type="rectangle" x="592" y="267" width="46" height="17"/>
    </entry>
    <entry id="43" name="hsa:1499" type="gene"
        link="https://www.kegg.jp/dbget-bin/www_bget?hsa:1499">
        <graphics name="CTNNB1, CTNNB, EVR7, MRD19, NEDSDV, armadillo" fgcolor="#000000" bgcolor="#BFFFBF"
             type="rectangle" x="673" y="186" width="46" height="17"/>
    </entry>
    <entry id="44" name="hsa:1499" type="gene"
        link="https://www.kegg.jp/dbget-bin/www_bget?hsa:1499">
        <graphics name="CTNNB1, CTNNB, EVR7, MRD19, NEDSDV, armadillo" fgcolor="#000000" bgcolor="#BFFFBF"
             type="rectangle" x="676" y="267" width="46" height="17"/>
    </entry>
    <entry id="45" name="hsa:10000 hsa:207 hsa:208" type="gene"
        link="https://www.kegg.jp/dbget-bin/www_bget?hsa:10000+hsa:207+hsa:208">
        <graphics name="AKT3, MPPH, MPPH2, PKB-GAMMA, PKBG, PRKBG, RAC-PK-gamma, RAC-gamma, STK-2..." fgcolor="#000000" bgcolor="#BFFFBF"
             type="rectangle" x="525" y="314" width="46" height="17"/>
    </entry>
    <entry id="46" name="hsa:572" type="gene"
        link="https://www.kegg.jp/dbget-bin/www_bget?hsa:572">
        <graphics name="BAD, BBC2, BCL2L8" fgcolor="#000000" bgcolor="#BFFFBF"
             type="rectangle" x="614" y="340" width="46" height="17"/>
    </entry>
    <entry id="47" name="hsa:842" type="gene"
        link="https://www.kegg.jp/dbget-bin/www_bget?hsa:842">
        <graphics name="CASP9, APAF-3, APAF3, ICE-LAP6, MCH6, PPP1R56" fgcolor="#000000" bgcolor="#BFFFBF"
             type="rectangle" x="614" y="366" width="46" height="17"/>
    </entry>
    <entry id="48" name="hsa:2956" type="gene"
        link="https://www.kegg.jp/dbget-bin/www_bget?hsa:2956">
        <graphics name="MSH6, GTBP, GTMBP, HNPCC5, HSAP, MMRCS3, MSH-6, p160" fgcolor="#000000" bgcolor="#BFFFBF"
             type="rectangle" x="1081" y="679" width="46" height="17"/>
    </entry>
    <entry id="49" name="hsa:581" type="gene"
        link="https://www.kegg.jp/dbget-bin/www_bget?hsa:581">
        <graphics name="BAX, BCL2L4" fgcolor="#000000" bgcolor="#BFFFBF"
             type="rectangle" x="1025" y="706" width="46" height="17"/>
    </entry>
    <entry id="50" name="hsa:4437" type="gene"
        link="https://www.kegg.jp/dbget-bin/www_bget?hsa:4437">
        <graphics name="MSH3, DUP, FAP4, MRP1" fgcolor="#000000" bgcolor="#BFFFBF"
             type="rectangle" x="1025" y="679" width="46" height="17"/>
    </entry>
    <entry id="51" name="hsa:7048" type="gene"
        link="https://www.kegg.jp/dbget-bin/www_bget?hsa:7048">
        <graphics name="TGFBR2, AAT3, FAA3, LDS1B, LDS2, LDS2B, MFS2, RIIC, TAAD2, TBR-ii, TBRII, TGFR-2, TGFbeta-RII, tbetaR-II" fgcolor="#000000" bgcolor="#BFFFBF"
             type="rectangle" x="277" y="606" width="46" height="17"/>
    </entry>
    <entry id="52" name="hsa:7048" type="gene"
        link="https://www.kegg.jp/dbget-bin/www_bget?hsa:7048">
        <graphics name="TGFBR2, AAT3, FAA3, LDS1B, LDS2, LDS2B, MFS2, RIIC, TAAD2, TBR-ii, TBRII, TGFR-2, TGFbeta-RII, tbetaR-II" fgcolor="#000000" bgcolor="#BFFFBF"
             type="rectangle" x="1025" y="653" width="46" height="17"/>
    </entry>
    <entry id="102" name="path:hsa04310" type="map"
        link="https://www.kegg.jp/dbget-bin/www_bget?hsa04310">
        <graphics name="Wnt signaling pathway" fgcolor="#000000" bgcolor="#FFFFFF"
             type="roundrectangle" x="471" y="217" width="111" height="34"/>
    </entry>
    <entry id="103" name="path:hsa04110" type="map"
        link="https://www.kegg.jp/dbget-bin/www_bget?hsa04110">
        <graphics name="Cell cycle" fgcolor="#000000" bgcolor="#FFFFFF"
             type="roundrectangle" x="1024" y="334" width="111" height="25"/>
    </entry>
    <entry id="104" name="path:hsa04210" type="map"
        link="https://www.kegg.jp/dbget-bin/www_bget?hsa04210">
        <graphics name="Apoptosis" fgcolor="#000000" bgcolor="#FFFFFF"
             type="roundrectangle" x="713" y="317" width="111" height="25"/>
    </entry>
    <entry id="105" name="path:hsa04010" type="map"
        link="https://www.kegg.jp/dbget-bin/www_bget?hsa04010">
        <graphics name="MAPK signaling pathway" fgcolor="#000000" bgcolor="#FFFFFF"
             type="roundrectangle" x="636" y="435" width="111" height="34"/>
    </entry>
    <entry id="106" name="path:hsa04350" type="map"
        link="https://www.kegg.jp/dbget-bin/www_bget?hsa04350">
        <graphics name="TGF-beta signaling pathway" fgcolor="#000000" bgcolor="#FFFFFF"
             type="roundrectangle" x="609" y="570" width="111" height="34"/>
    </entry>
    <entry id="107" name="path:hsa04210" type="map"
        link="https://www.kegg.jp/dbget-bin/www_bget?hsa04210">
        <graphics name="Apoptosis" fgcolor="#000000" bgcolor="#FFFFFF"
             type="roundrectangle" x="411" y="768" width="111" height="25"/>
    </entry>
    <entry id="108" name="path:hsa04115" type="map"
        link="https://www.kegg.jp/dbget-bin/www_bget?hsa04115">
        <graphics name="p53 signaling pathway" fgcolor="#000000" bgcolor="#FFFFFF"
             type="roundrectangle" x="901" y="807" width="111" height="34"/>
    </entry>
    <entry id="118" name="hsa:595" type="gene"
        link="https://www.kegg.jp/dbget-bin/www_bget?hsa:595">
        <graphics name="CCND1, BCL1, D11S287E, PRAD1, U21B31" fgcolor="#000000" bgcolor="#BFFFBF"
             type="rectangle" x="1023" y="404" width="46" height="17"/>
    </entry>
    <entry id="126" name="path:hsa05210" type="map"
        link="https://www.kegg.jp/dbget-bin/www_bget?hsa05210">
        <graphics name="TITLE:Colorectal cancer" fgcolor="#000000" bgcolor="#FFFFFF"
             type="roundrectangle" x="140" y="43" width="176" height="25"/>
    </entry>
    <entry id="134" name="path:hsa04151" type="map"
        link="https://www.kegg.jp/dbget-bin/www_bget?hsa04151">
        <graphics name="PI3K-Akt signaling pathway" fgcolor="#000000" bgcolor="#FFFFFF"
             type="roundrectangle" x="426" y="326" width="111" height="34"/>
    </entry>
    <entry id="135" name="hsa:1026" type="gene"
        link="https://www.kegg.jp/dbget-bin/www_bget?hsa:1026">
        <graphics name="CDKN1A, CAP20, CDKN1, CIP1, MDA-6, P21, SDI1, WAF1, p21CIP1" fgcolor="#000000" bgcolor="#BFFFBF"
             type="rectangle" x="1033" y="750" width="46" height="17"/>
    </entry>
    <entry id="136" name="hsa:10912 hsa:1647 hsa:4616" type="gene"
        link="https://www.kegg.jp/dbget-bin/www_bget?hsa:10912+hsa:1647+hsa:4616">
        <graphics name="GADD45G, CR6, DDIT2, GADD45gamma, GRP17..." fgcolor="#000000" bgcolor="#BFFFBF"
             type="rectangle" x="1085" y="750" width="46" height="17"/>
    </entry>
    <entry id="137" name="hsa:581" type="gene"
        link="https://www.kegg.jp/dbget-bin/www_bget?hsa:581">
        <graphics name="BAX, BCL2L4" fgcolor="#000000" bgcolor="#BFFFBF"
             type="rectangle" x="1033" y="772" width="46" height="17"/>
    </entry>
    <entry id="138" name="hsa:578" type="gene"
        link="https://www.kegg.jp/dbget-bin/www_bget?hsa:578">
        <graphics name="BAK1, BAK, BAK-LIKE, BCL2L7, CDN1" fgcolor="#000000" bgcolor="#BFFFBF"
             type="rectangle" x="1085" y="772" width="46" height="17"/>
    </entry>
    <entry id="139" name="hsa:1643" type="gene"
        link="https://www.kegg.jp/dbget-bin/www_bget?hsa:1643">
        <graphics name="DDB2, DDBB, UV-DDB2, XPE" fgcolor="#000000" bgcolor="#BFFFBF"
             type="rectangle" x="1033" y="794" width="46" height="17"/>
    </entry>
    <entry id="140" name="hsa:51426" type="gene"
        link="https://www.kegg.jp/dbget-bin/www_bget?hsa:51426">
        <graphics name="POLK, DINB1, DINP, POLQ" fgcolor="#000000" bgcolor="#BFFFBF"
             type="rectangle" x="1085" y="794" width="46" height="17"/>
    </entry>
    <entry id="142" name="hsa:5366" type="gene"
        link="https://www.kegg.jp/dbget-bin/www_bget?hsa:5366">
        <graphics name="PMAIP1, APR, NOXA" fgcolor="#000000" bgcolor="#BFFFBF"
             type="rectangle" x="652" y="787" width="46" height="17"/>
    </entry>
    <entry id="143" name="hsa:572" type="gene"
        link="https://www.kegg.jp/dbget-bin/www_bget?hsa:572">
        <graphics name="BAD, BBC2, BCL2L8" fgcolor="#000000" bgcolor="#BFFFBF"
             type="rectangle" x="704" y="787" width="46" height="17"/>
    </entry>
    <entry id="144" name="hsa:10018" type="gene"
        link="https://www.kegg.jp/dbget-bin/www_bget?hsa:10018">
        <graphics name="BCL2L11, BAM, BIM, BOD" fgcolor="#000000" bgcolor="#BFFFBF"
             type="rectangle" x="652" y="809" width="46" height="17"/>
    </entry>
    <entry id="145" name="hsa:27113" type="gene"
        link="https://www.kegg.jp/dbget-bin/www_bget?hsa:27113">
        <graphics name="BBC3, JFY-1, JFY1, PUMA" fgcolor="#000000" bgcolor="#BFFFBF"
             type="rectangle" x="704" y="809" width="46" height="17"/>
    </entry>
    <entry id="148" name="hsa:5898 hsa:5899" type="gene"
        link="https://www.kegg.jp/dbget-bin/www_bget?hsa:5898+hsa:5899">
        <graphics name="RALA, HINCONS, RAL..." fgcolor="#000000" bgcolor="#BFFFBF"
             type="rectangle" x="563" y="469" width="46" height="17"/>
    </entry>
    <entry id="151" name="path:hsa04150" type="map"
        link="https://www.kegg.jp/dbget-bin/www_bget?hsa04150">
        <graphics name="mTOR signaling pathway" fgcolor="#000000" bgcolor="#FFFFFF"
             type="roundrectangle" x="607" y="921" width="111" height="34"/>
    </entry>
    <entry id="152" name="hsa:3265 hsa:3845 hsa:4893" type="gene"
        link="https://www.kegg.jp/dbget-bin/www_bget?hsa:3265+hsa:3845+hsa:4893">
        <graphics name="HRAS, C-BAS/HAS, C-H-RAS, C-HA-RAS1, CTLO, H-RASIDX, HAMSV, HRAS1, RASH1, p21ras..." fgcolor="#000000" bgcolor="#BFFFBF"
             type="rectangle" x="488" y="883" width="46" height="17"/>
    </entry>
    <entry id="153" name="hsa:6198 hsa:6199" type="gene"
        link="https://www.kegg.jp/dbget-bin/www_bget?hsa:6198+hsa:6199">
        <graphics name="RPS6KB1, PS6K, S6K, S6K-beta-1, S6K1, STK14A, p70_S6KA, p70(S6K)-alpha, p70-S6K, p70-alpha..." fgcolor="#000000" bgcolor="#BFFFBF"
             type="rectangle" x="647" y="953" width="46" height="17"/>
    </entry>
    <entry id="154" name="hsa:6654 hsa:6655" type="gene"
        link="https://www.kegg.jp/dbget-bin/www_bget?hsa:6654+hsa:6655">
        <graphics name="SOS1, GF1, GGF1, GINGF, HGF, NS4, SOS-1..." fgcolor="#000000" bgcolor="#BFFFBF"
             type="rectangle" x="420" y="883" width="46" height="17"/>
    </entry>
    <entry id="155" name="hsa:2885" type="gene"
        link="https://www.kegg.jp/dbget-bin/www_bget?hsa:2885">
        <graphics name="GRB2, ASH, EGFRBP-GRB2, Grb3-3, MST084, MSTP084, NCKAP2" fgcolor="#000000" bgcolor="#BFFFBF"
             type="rectangle" x="351" y="883" width="46" height="17"/>
    </entry>
    <entry id="156" name="cpd:C05981" type="compound"
        link="https://www.kegg.jp/dbget-bin/www_bget?C05981">
        <graphics name="C05981" fgcolor="#000000" bgcolor="#FFFFFF"
             type="circle" x="438" y="953" width="8" height="8"/>
    </entry>
    <entry id="157" name="hsa:2475" type="gene"
        link="https://www.kegg.jp/dbget-bin/www_bget?hsa:2475">
        <graphics name="MTOR, FRAP, FRAP1, FRAP2, RAFT1, RAPT1, SKS" fgcolor="#000000" bgcolor="#BFFFBF"
             type="rectangle" x="570" y="953" width="46" height="17"/>
    </entry>
    <entry id="158" name="hsa:10000 hsa:207 hsa:208" type="gene"
        link="https://www.kegg.jp/dbget-bin/www_bget?hsa:10000+hsa:207+hsa:208">
        <graphics name="AKT3, MPPH, MPPH2, PKB-GAMMA, PKBG, PRKBG, RAC-PK-gamma, RAC-gamma, STK-2..." fgcolor="#000000" bgcolor="#BFFFBF"
             type="rectangle" x="494" y="953" width="46" height="17"/>
    </entry>
    <entry id="159" name="hsa:5290 hsa:5291 hsa:5293 hsa:5295 hsa:5296 hsa:8503" type="gene"
        link="https://www.kegg.jp/dbget-bin/www_bget?hsa:5290+hsa:5291+hsa:5293+hsa:5295+hsa:5296+hsa:8503">
        <graphics name="PIK3CA, CCM4, CLAPO, CLOVE, CWS5, MCAP, MCM, MCMTC, PI3K, PI3K-alpha, p110-alpha..." fgcolor="#000000" bgcolor="#BFFFBF"
             type="rectangle" x="381" y="953" width="46" height="17"/>
    </entry>
    <entry id="160" name="hsa:5594 hsa:5595" type="gene"
        link="https://www.kegg.jp/dbget-bin/www_bget?hsa:5594+hsa:5595">
        <graphics name="MAPK1, ERK, ERK-2, ERK2, ERT1, MAPK2, NS13, P42MAPK, PRKM1, PRKM2, p38, p40, p41, p41mapk, p42-MAPK..." fgcolor="#000000" bgcolor="#BFFFBF"
             type="rectangle" x="692" y="883" width="46" height="17"/>
    </entry>
    <entry id="161" name="hsa:5604 hsa:5605" type="gene"
        link="https://www.kegg.jp/dbget-bin/www_bget?hsa:5604+hsa:5605">
        <graphics name="MAP2K1, CFC3, MAPKK1, MEK1, MEL, MKK1, PRKMK1..." fgcolor="#000000" bgcolor="#BFFFBF"
             type="rectangle" x="625" y="883" width="46" height="17"/>
    </entry>
    <entry id="162" name="hsa:369 hsa:5894 hsa:673" type="gene"
        link="https://www.kegg.jp/dbget-bin/www_bget?hsa:369+hsa:5894+hsa:673">
        <graphics name="ARAF, A-RAF, ARAF1, PKS2, RAFA1..." fgcolor="#000000" bgcolor="#BFFFBF"
             type="rectangle" x="557" y="883" width="46" height="17"/>
    </entry>
    <entry id="178" name="hsa:1956" type="gene"
        link="https://www.kegg.jp/dbget-bin/www_bget?hsa:1956">
        <graphics name="EGFR, ERBB, ERBB1, ERRP, HER1, NISBD2, PIG61, mENA" fgcolor="#000000" bgcolor="#BFFFBF"
             type="rectangle" x="277" y="917" width="46" height="17"/>
    </entry>
    <entry id="179" name="hsa:1950" type="gene"
        link="https://www.kegg.jp/dbget-bin/www_bget?hsa:1950">
        <graphics name="EGF, HOMG4, URG" fgcolor="#000000" bgcolor="#BFFFBF"
             type="rectangle" x="196" y="883" width="46" height="17"/>
    </entry>
    <entry id="181" name="hsa:7039" type="gene"
        link="https://www.kegg.jp/dbget-bin/www_bget?hsa:7039">
        <graphics name="TGFA, TFGA" fgcolor="#000000" bgcolor="#BFFFBF"
             type="rectangle" x="196" y="906" width="46" height="17"/>
    </entry>
    <entry id="182" name="hsa:2069" type="gene"
        link="https://www.kegg.jp/dbget-bin/www_bget?hsa:2069">
        <graphics name="EREG, EPR, ER, Ep" fgcolor="#000000" bgcolor="#BFFFBF"
             type="rectangle" x="196" y="929" width="46" height="17"/>
    </entry>
    <entry id="183" name="hsa:374" type="gene"
        link="https://www.kegg.jp/dbget-bin/www_bget?hsa:374">
        <graphics name="AREG, AR, AREGB, CRDGF, SDGF" fgcolor="#000000" bgcolor="#BFFFBF"
             type="rectangle" x="196" y="952" width="46" height="17"/>
    </entry>
    <entry id="186" name="path:hsa04012" type="map"
        link="https://www.kegg.jp/dbget-bin/www_bget?hsa04012">
        <graphics name="ErbB signaling pathway" fgcolor="#000000" bgcolor="#FFFFFF"
             type="roundrectangle" x="197" y="821" width="111" height="34"/>
    </entry>
    <entry id="187" name="undefined" type="group">
        <graphics fgcolor="#000000" bgcolor="#FFFFFF"
             type="rectangle" x="423" y="520" width="46" height="34"/>
        <component id="12"/>
        <component id="13"/>
    </entry>
    <entry id="188" name="undefined" type="group">
        <graphics fgcolor="#000000" bgcolor="#FFFFFF"
             type="rectangle" x="277" y="597" width="46" height="34"/>
        <component id="17"/>
        <component id="51"/>
    </entry>
    <relation entry1="43" entry2="40" type="PPrel">
        <subtype name="activation" value="--&gt;"/>
    </relation>
    <relation entry1="44" entry2="40" type="PPrel">
        <subtype name="activation" value="--&gt;"/>
    </relation>
    <relation entry1="21" entry2="11" type="PPrel">
        <subtype name="activation" value="--&gt;"/>
    </relation>
    <relation entry1="11" entry2="45" type="PPrel">
        <subtype name="activation" value="--&gt;"/>
    </relation>
    <relation entry1="21" entry2="22" type="PPrel">
        <subtype name="activation" value="--&gt;"/>
    </relation>
    <relation entry1="21" entry2="26" type="PPrel">
        <subtype name="activation" value="--&gt;"/>
    </relation>
    <relation entry1="27" entry2="23" type="PPrel">
        <subtype name="activation" value="--&gt;"/>
    </relation>
    <relation entry1="40" entry2="28" type="GErel">
        <subtype name="expression" value="--&gt;"/>
    </relation>
    <relation entry1="40" entry2="29" type="GErel">
        <subtype name="expression" value="--&gt;"/>
    </relation>
    <relation entry1="40" entry2="30" type="GErel">
        <subtype name="expression" value="--&gt;"/>
    </relation>
    <relation entry1="34" entry2="118" type="GErel">
        <subtype name="expression" value="--&gt;"/>
    </relation>
    <relation entry1="35" entry2="118" type="GErel">
        <subtype name="expression" value="--&gt;"/>
    </relation>
    <relation entry1="36" entry2="118" type="GErel">
        <subtype name="expression" value="--&gt;"/>
    </relation>
    <relation entry1="9" entry2="8" type="PPrel">
        <subtype name="activation" value="--&gt;"/>
    </relation>
    <relation entry1="45" entry2="42" type="PPrel">
        <subtype name="phosphorylation" value="+p"/>
    </relation>
    <relation entry1="45" entry2="46" type="PPrel">
        <subtype name="phosphorylation" value="+p"/>
    </relation>
    <relation entry1="45" entry2="47" type="PPrel">
        <subtype name="phosphorylation" value="+p"/>
    </relation>
    <relation entry1="22" entry2="32" type="PPrel">
        <subtype name="phosphorylation" value="+p"/>
    </relation>
    <relation entry1="32" entry2="33" type="PPrel">
        <subtype name="phosphorylation" value="+p"/>
    </relation>
    <relation entry1="33" entry2="34" type="PPrel">
        <subtype name="phosphorylation" value="+p"/>
    </relation>
    <relation entry1="33" entry2="35" type="PPrel">
        <subtype name="phosphorylation" value="+p"/>
    </relation>
    <relation entry1="33" entry2="36" type="PPrel">
        <subtype name="phosphorylation" value="+p"/>
    </relation>
    <relation entry1="41" entry2="43" type="PPrel">
        <subtype name="missing interaction" value="-/-"/>
    </relation>
    <relation entry1="42" entry2="44" type="PPrel">
        <subtype name="missing interaction" value="-/-"/>
    </relation>
    <relation entry1="8" entry2="187" type="PPrel">
        <subtype name="missing interaction" value="-/-"/>
    </relation>
    <relation entry1="187" entry2="14" type="PPrel">
        <subtype name="missing interaction" value="-/-"/>
    </relation>
    <relation entry1="188" entry2="16" type="PPrel">
        <subtype name="missing interaction" value="-/-"/>
    </relation>
    <relation entry1="16" entry2="18" type="PPrel">
        <subtype name="binding/association" value="---"/>
    </relation>
    <relation entry1="26" entry2="148" type="PPrel">
        <subtype name="activation" value="--&gt;"/>
    </relation>
    <relation entry1="148" entry2="27" type="PPrel">
        <subtype name="activation" value="--&gt;"/>
    </relation>
    <relation entry1="49" entry2="38" type="PPrel">
        <subtype name="inhibition" value="--|"/>
    </relation>
    <relation entry1="142" entry2="38" type="PPrel">
        <subtype name="inhibition" value="--|"/>
    </relation>
    <relation entry1="143" entry2="38" type="PPrel">
        <subtype name="inhibition" value="--|"/>
    </relation>
    <relation entry1="144" entry2="38" type="PPrel">
        <subtype name="inhibition" value="--|"/>
    </relation>
    <relation entry1="145" entry2="38" type="PPrel">
        <subtype name="inhibition" value="--|"/>
    </relation>
    <relation entry1="39" entry2="135" type="PPrel">
        <subtype name="missing interaction" value="-/-"/>
    </relation>
    <relation entry1="39" entry2="136" type="PPrel">
        <subtype name="missing interaction" value="-/-"/>
    </relation>
    <relation entry1="39" entry2="137" type="PPrel">
        <subtype name="missing interaction" value="-/-"/>
    </relation>
    <relation entry1="39" entry2="138" type="PPrel">
        <subtype name="missing interaction" value="-/-"/>
    </relation>
    <relation entry1="39" entry2="139" type="PPrel">
        <subtype name="missing interaction" value="-/-"/>
    </relation>
    <relation entry1="39" entry2="140" type="PPrel">
        <subtype name="missing interaction" value="-/-"/>
    </relation>
    <relation entry1="179" entry2="178" type="PPrel">
        <subtype name="activation" value="--&gt;"/>
    </relation>
    <relation entry1="181" entry2="178" type="PPrel">
        <subtype name="activation" value="--&gt;"/>
    </relation>
    <relation entry1="182" entry2="178" type="PPrel">
        <subtype name="activation" value="--&gt;"/>
    </relation>
    <relation entry1="183" entry2="178" type="PPrel">
        <subtype name="activation" value="--&gt;"/>
    </relation>
    <relation entry1="178" entry2="155" type="PPrel">
        <subtype name="activation" value="--&gt;"/>
    </relation>
    <relation entry1="155" entry2="154" type="PPrel">
        <subtype name="activation" value="--&gt;"/>
    </relation>
    <relation entry1="154" entry2="152" type="PPrel">
        <subtype name="activation" value="--&gt;"/>
    </relation>
    <relation entry1="152" entry2="162" type="PPrel">
        <subtype name="activation" value="--&gt;"/>
    </relation>
    <relation entry1="159" entry2="156" type="PCrel">
        <subtype name="activation" value="--&gt;"/>
    </relation>
    <relation entry1="156" entry2="158" type="PCrel">
        <subtype name="activation" value="--&gt;"/>
    </relation>
    <relation entry1="158" entry2="157" type="PPrel">
        <subtype name="activation" value="--&gt;"/>
    </relation>
    <relation entry1="157" entry2="153" type="PPrel">
        <subtype name="activation" value="--&gt;"/>
    </relation>
    <relation entry1="162" entry2="161" type="PPrel">
        <subtype name="activation" value="--&gt;"/>
        <subtype name="phosphorylation" value="+p"/>
    </relation>
    <relation entry1="161" entry2="160" type="PPrel">
        <subtype name="activation" value="--&gt;"/>
        <subtype name="phosphorylation" value="+p"/>
    </relation>
    <relation entry1="178" entry2="159" type="PPrel">
        <subtype name="activation" value="--&gt;"/>
        <subtype name="indirect effect" value="..&gt;"/>
    </relation>
</pathway>
