<?xml version="1.0"?>
<!DOCTYPE pathway SYSTEM "https://www.kegg.jp/kegg/xml/KGML_v0.7.2_.dtd">
<!-- Creation date: Jul 7, 2021 09:22:56 +0900 (GMT+9) -->
<pathway name="path:hsa04916" org="hsa" number="04916"
         title="Melanogenesis"
         image="https://www.kegg.jp/kegg/pathway/hsa/hsa04916.png"
         link="https://www.kegg.jp/kegg-bin/show_pathway?hsa04916">
    <entry id="6" name="hsa:1855 hsa:1856 hsa:1857" type="gene"
        link="https://www.kegg.jp/dbget-bin/www_bget?hsa:1855+hsa:1856+hsa:1857">
        <graphics name="DVL1, DRS2, DVL, DVL1L1, DVL1P1..." fgcolor="#000000" bgcolor="#BFFFBF"
             type="rectangle" x="337" y="275" width="46" height="17"/>
    </entry>
    <entry id="7" name="hsa:1638" type="gene"
        link="https://www.kegg.jp/dbget-bin/www_bget?hsa:1638">
        <graphics name="DCT, OCA8, TRP-2, TYRP2" fgcolor="#000000" bgcolor="#BFFFBF"
             type="rectangle" x="510" y="591" width="46" height="17"/>
    </entry>
    <entry id="8" name="hsa:7306" type="gene"
        link="https://www.kegg.jp/dbget-bin/www_bget?hsa:7306">
        <graphics name="TYRP1, CAS2, CATB, GP75, OCA3, TRP, TRP1, TYRP, b-PROTEIN" fgcolor="#000000" bgcolor="#BFFFBF"
             type="rectangle" x="452" y="591" width="46" height="17"/>
    </entry>
    <entry id="9" name="hsa:7299" type="gene"
        link="https://www.kegg.jp/dbget-bin/www_bget?hsa:7299">
        <graphics name="TYR, ATN, CMM8, OCA1, OCA1A, OCAIA, SHEP3" fgcolor="#000000" bgcolor="#BFFFBF"
             type="rectangle" x="395" y="591" width="46" height="17"/>
    </entry>
    <entry id="10" name="hsa:4286" type="gene"
        link="https://www.kegg.jp/dbget-bin/www_bget?hsa:4286">
        <graphics name="MITF, CMM8, COMMAD, MI, MITF-A, WS2, WS2A, bHLHe32" fgcolor="#000000" bgcolor="#BFFFBF"
             type="rectangle" x="532" y="328" width="46" height="17"/>
    </entry>
    <entry id="11" name="hsa:1638" type="gene"
        link="https://www.kegg.jp/dbget-bin/www_bget?hsa:1638">
        <graphics name="DCT, OCA8, TRP-2, TYRP2" fgcolor="#000000" bgcolor="#BFFFBF"
             type="rectangle" x="802" y="425" width="46" height="17"/>
    </entry>
    <entry id="12" name="hsa:7306" type="gene"
        link="https://www.kegg.jp/dbget-bin/www_bget?hsa:7306">
        <graphics name="TYRP1, CAS2, CATB, GP75, OCA3, TRP, TRP1, TYRP, b-PROTEIN" fgcolor="#000000" bgcolor="#BFFFBF"
             type="rectangle" x="802" y="403" width="46" height="17"/>
    </entry>
    <entry id="13" name="hsa:7299" type="gene"
        link="https://www.kegg.jp/dbget-bin/www_bget?hsa:7299">
        <graphics name="TYR, ATN, CMM8, OCA1, OCA1A, OCAIA, SHEP3" fgcolor="#000000" bgcolor="#BFFFBF"
             type="rectangle" x="802" y="380" width="46" height="17"/>
    </entry>
    <entry id="14" name="hsa:5566 hsa:5567 hsa:5568" type="gene"
        link="https://www.kegg.jp/dbget-bin/www_bget?hsa:5566+hsa:5567+hsa:5568">
        <graphics name="PRKACA, CAFD1, PKACA, PPNAD4..." fgcolor="#000000" bgcolor="#BFFFBF"
             type="rectangle" x="489" y="477" width="46" height="17"/>
    </entry>
    <entry id="15" name="hsa:815 hsa:816 hsa:817 hsa:818" type="gene"
        link="https://www.kegg.jp/dbget-bin/www_bget?hsa:815+hsa:816+hsa:817+hsa:818">
        <graphics name="CAMK2A, CAMKA, CaMKIINalpha, CaMKIIalpha, MRD53, MRT63..." fgcolor="#000000" bgcolor="#BFFFBF"
             type="rectangle" x="571" y="430" width="46" height="17"/>
    </entry>
    <entry id="16" name="hsa:163688 hsa:51806 hsa:801 hsa:805 hsa:808 hsa:810 hsa:91860" type="gene"
        link="https://www.kegg.jp/dbget-bin/www_bget?hsa:163688+hsa:51806+hsa:801+hsa:805+hsa:808+hsa:810+hsa:91860">
        <graphics name="CALML6, CAGLP..." fgcolor="#000000" bgcolor="#BFFFBF"
             type="rectangle" x="498" y="430" width="46" height="17"/>
    </entry>
    <entry id="17" name="hsa:2770 hsa:2771 hsa:2773 hsa:2775" type="gene"
        link="https://www.kegg.jp/dbget-bin/www_bget?hsa:2770+hsa:2771+hsa:2773+hsa:2775">
        <graphics name="GNAI1, Gi, HG1B, NEDHISB..." fgcolor="#000000" bgcolor="#BFFFBF"
             type="rectangle" x="213" y="452" width="46" height="17"/>
    </entry>
    <entry id="18" name="hsa:1910" type="gene"
        link="https://www.kegg.jp/dbget-bin/www_bget?hsa:1910">
        <graphics name="EDNRB, ABCDS, ET-B, ET-BR, ETB, ETB1, ETBR, ETRB, HSCR, HSCR2, WS4A" fgcolor="#000000" bgcolor="#BFFFBF"
             type="rectangle" x="139" y="452" width="46" height="17"/>
    </entry>
    <entry id="19" name="hsa:3815" type="gene"
        link="https://www.kegg.jp/dbget-bin/www_bget?hsa:3815">
        <graphics name="KIT, C-Kit, CD117, MASTC, PBT, SCFR" fgcolor="#000000" bgcolor="#BFFFBF"
             type="rectangle" x="139" y="363" width="46" height="17"/>
    </entry>
    <entry id="20" name="hsa:4286" type="gene"
        link="https://www.kegg.jp/dbget-bin/www_bget?hsa:4286">
        <graphics name="MITF, CMM8, COMMAD, MI, MITF-A, WS2, WS2A, bHLHe32" fgcolor="#000000" bgcolor="#BFFFBF"
             type="rectangle" x="802" y="235" width="46" height="17"/>
    </entry>
    <entry id="21" name="cpd:C05606" type="compound"
        link="https://www.kegg.jp/dbget-bin/www_bget?C05606">
        <graphics name="C05606" fgcolor="#000000" bgcolor="#FFFFFF"
             type="circle" x="551" y="657" width="8" height="8"/>
    </entry>
    <entry id="22" name="cpd:C00082" type="compound"
        link="https://www.kegg.jp/dbget-bin/www_bget?C00082">
        <graphics name="C00082" fgcolor="#000000" bgcolor="#FFFFFF"
             type="circle" x="357" y="656" width="8" height="8"/>
    </entry>
    <entry id="23" name="hsa:4254" type="gene"
        link="https://www.kegg.jp/dbget-bin/www_bget?hsa:4254">
        <graphics name="KITLG, DCUA, DFNA69, FPH2, FPHH, KL-1, Kitl, MGF, SCF, SF, SHEP7, SLF, WS2F" fgcolor="#000000" bgcolor="#BFFFBF"
             type="rectangle" x="66" y="363" width="46" height="17"/>
    </entry>
    <entry id="24" name="cpd:C00076" type="compound"
        link="https://www.kegg.jp/dbget-bin/www_bget?C00076">
        <graphics name="C00076" fgcolor="#000000" bgcolor="#FFFFFF"
             type="circle" x="443" y="429" width="8" height="8"/>
    </entry>
    <entry id="25" name="cpd:C01245" type="compound"
        link="https://www.kegg.jp/dbget-bin/www_bget?C01245">
        <graphics name="C01245" fgcolor="#000000" bgcolor="#FFFFFF"
             type="circle" x="342" y="429" width="8" height="8"/>
    </entry>
    <entry id="26" name="cpd:C00165" type="compound"
        link="https://www.kegg.jp/dbget-bin/www_bget?C00165">
        <graphics name="C00165" fgcolor="#000000" bgcolor="#FFFFFF"
             type="circle" x="342" y="476" width="8" height="8"/>
    </entry>
    <entry id="27" name="hsa:11211 hsa:2535 hsa:7855 hsa:7976 hsa:8321 hsa:8322 hsa:8323 hsa:8324 hsa:8325 hsa:8326" type="gene"
        link="https://www.kegg.jp/dbget-bin/www_bget?hsa:11211+hsa:2535+hsa:7855+hsa:7976+hsa:8321+hsa:8322+hsa:8323+hsa:8324+hsa:8325+hsa:8326">
        <graphics name="FZD10, CD350, FZ-10, Fz10, FzE7, hFz10..." fgcolor="#000000" bgcolor="#BFFFBF"
             type="rectangle" x="139" y="275" width="46" height="17"/>
    </entry>
    <entry id="28" name="hsa:23236 hsa:5330 hsa:5331 hsa:5332" type="gene"
        link="https://www.kegg.jp/dbget-bin/www_bget?hsa:23236+hsa:5330+hsa:5331+hsa:5332">
        <graphics name="PLCB1, DEE12, EIEE12, PI-PLC, PLC-154, PLC-I, PLC-beta-1, PLC154, PLCB1A, PLCB1B..." fgcolor="#000000" bgcolor="#BFFFBF"
             type="rectangle" x="285" y="452" width="46" height="17"/>
    </entry>
    <entry id="29" name="hsa:434" type="gene"
        link="https://www.kegg.jp/dbget-bin/www_bget?hsa:434">
        <graphics name="ASIP, AGSW, AGTI, AGTIL, ASP, SHEP9" fgcolor="#000000" bgcolor="#BFFFBF"
             type="rectangle" x="66" y="167" width="46" height="17"/>
    </entry>
    <entry id="30" name="hsa:1387 hsa:2033" type="gene"
        link="https://www.kegg.jp/dbget-bin/www_bget?hsa:1387+hsa:2033">
        <graphics name="CREBBP, CBP, KAT3A, MKHK1, RSTS, RSTS1..." fgcolor="#000000" bgcolor="#BFFFBF"
             type="rectangle" x="681" y="207" width="46" height="17"/>
    </entry>
    <entry id="31" name="hsa:5566 hsa:5567 hsa:5568" type="gene"
        link="https://www.kegg.jp/dbget-bin/www_bget?hsa:5566+hsa:5567+hsa:5568">
        <graphics name="PRKACA, CAFD1, PKACA, PPNAD4..." fgcolor="#000000" bgcolor="#BFFFBF"
             type="rectangle" x="290" y="189" width="46" height="17"/>
    </entry>
    <entry id="32" name="hsa:51176 hsa:6932 hsa:6934 hsa:83439" type="gene"
        link="https://www.kegg.jp/dbget-bin/www_bget?hsa:51176+hsa:6932+hsa:6934+hsa:83439">
        <graphics name="LEF1, LEF-1, TCF10, TCF1ALPHA, TCF7L3..." fgcolor="#000000" bgcolor="#BFFFBF"
             type="rectangle" x="681" y="274" width="46" height="17"/>
    </entry>
    <entry id="33" name="hsa:2778" type="gene"
        link="https://www.kegg.jp/dbget-bin/www_bget?hsa:2778">
        <graphics name="GNAS, AHO, C20orf45, GNAS1, GPSA, GSA, GSP, NESP, PITA3, POH, SCG6, SgVI" fgcolor="#000000" bgcolor="#BFFFBF"
             type="rectangle" x="221" y="133" width="46" height="17"/>
    </entry>
    <entry id="34" name="hsa:5579" type="gene"
        link="https://www.kegg.jp/dbget-bin/www_bget?hsa:5579">
        <graphics name="PRKCB, PKC-beta, PKCB, PKCI(2), PKCbeta, PRKCB1, PRKCB2" fgcolor="#000000" bgcolor="#BFFFBF"
             type="rectangle" x="325" y="546" width="46" height="17"/>
    </entry>
    <entry id="35" name="hsa:10488 hsa:1385 hsa:148327 hsa:64764 hsa:84699 hsa:90993" type="gene"
        link="https://www.kegg.jp/dbget-bin/www_bget?hsa:10488+hsa:1385+hsa:148327+hsa:64764+hsa:84699+hsa:90993">
        <graphics name="CREB3, LUMAN, LZIP, sLZIP..." fgcolor="#000000" bgcolor="#BFFFBF"
             type="rectangle" x="681" y="190" width="46" height="17"/>
    </entry>
    <entry id="36" name="hsa:107 hsa:108 hsa:109 hsa:111 hsa:112 hsa:113 hsa:114 hsa:115 hsa:196883" type="gene"
        link="https://www.kegg.jp/dbget-bin/www_bget?hsa:107+hsa:108+hsa:109+hsa:111+hsa:112+hsa:113+hsa:114+hsa:115+hsa:196883">
        <graphics name="ADCY1, AC1, DFNB44..." fgcolor="#000000" bgcolor="#BFFFBF"
             type="rectangle" x="139" y="188" width="46" height="17"/>
    </entry>
    <entry id="37" name="hsa:5578 hsa:5579 hsa:5582" type="gene"
        link="https://www.kegg.jp/dbget-bin/www_bget?hsa:5578+hsa:5579+hsa:5582">
        <graphics name="PRKCA, AAG6, PKC-alpha, PKCA, PKCI+/-, PKCalpha, PRKACA..." fgcolor="#000000" bgcolor="#BFFFBF"
             type="rectangle" x="407" y="477" width="46" height="17"/>
    </entry>
    <entry id="38" name="hsa:2932" type="gene"
        link="https://www.kegg.jp/dbget-bin/www_bget?hsa:2932">
        <graphics name="GSK3B" fgcolor="#000000" bgcolor="#BFFFBF"
             type="rectangle" x="436" y="275" width="46" height="17"/>
    </entry>
    <entry id="39" name="hsa:1499" type="gene"
        link="https://www.kegg.jp/dbget-bin/www_bget?hsa:1499">
        <graphics name="CTNNB1, CTNNB, EVR7, MRD19, NEDSDV, armadillo" fgcolor="#000000" bgcolor="#BFFFBF"
             type="rectangle" x="535" y="275" width="46" height="17"/>
    </entry>
    <entry id="40" name="hsa:5443" type="gene"
        link="https://www.kegg.jp/dbget-bin/www_bget?hsa:5443">
        <graphics name="POMC, ACTH, CLIP, LPH, MSH, NPP, OBAIRH, POC" fgcolor="#000000" bgcolor="#BFFFBF"
             type="rectangle" x="66" y="133" width="46" height="17"/>
    </entry>
    <entry id="41" name="hsa:2775 hsa:2776" type="gene"
        link="https://www.kegg.jp/dbget-bin/www_bget?hsa:2775+hsa:2776">
        <graphics name="GNAO1, DEE17, EIEE17, G-ALPHA-o, GNAO, HG1G, HLA-DQB1, NEDIM..." fgcolor="#000000" bgcolor="#BFFFBF"
             type="rectangle" x="238" y="275" width="46" height="17"/>
    </entry>
    <entry id="42" name="hsa:4157" type="gene"
        link="https://www.kegg.jp/dbget-bin/www_bget?hsa:4157">
        <graphics name="MC1R, CMM5, MSH-R, SHEP2" fgcolor="#000000" bgcolor="#BFFFBF"
             type="rectangle" x="139" y="133" width="46" height="17"/>
    </entry>
    <entry id="43" name="hsa:51384 hsa:54361 hsa:7471 hsa:7472 hsa:7473 hsa:7474 hsa:7475 hsa:7476 hsa:7477 hsa:7478 hsa:7479 hsa:7480 hsa:7481 hsa:7482 hsa:7483 hsa:7484 hsa:80326 hsa:81029 hsa:89780" type="gene"
        link="https://www.kegg.jp/dbget-bin/www_bget?hsa:51384+hsa:54361+hsa:7471+hsa:7472+hsa:7473+hsa:7474+hsa:7475+hsa:7476+hsa:7477+hsa:7478+hsa:7479+hsa:7480+hsa:7481+hsa:7482+hsa:7483+hsa:7484+hsa:80326+hsa:81029+hsa:89780">
        <graphics name="WNT16..." fgcolor="#000000" bgcolor="#BFFFBF"
             type="rectangle" x="66" y="275" width="46" height="17"/>
    </entry>
    <entry id="44" name="hsa:5594 hsa:5595" type="gene"
        link="https://www.kegg.jp/dbget-bin/www_bget?hsa:5594+hsa:5595">
        <graphics name="MAPK1, ERK, ERK-2, ERK2, ERT1, MAPK2, NS13, P42MAPK, PRKM1, PRKM2, p38, p40, p41, p41mapk, p42-MAPK..." fgcolor="#000000" bgcolor="#BFFFBF"
             type="rectangle" x="456" y="363" width="46" height="17"/>
    </entry>
    <entry id="45" name="hsa:5604 hsa:5605" type="gene"
        link="https://www.kegg.jp/dbget-bin/www_bget?hsa:5604+hsa:5605">
        <graphics name="MAP2K1, CFC3, MAPKK1, MEK1, MEL, MKK1, PRKMK1..." fgcolor="#000000" bgcolor="#BFFFBF"
             type="rectangle" x="376" y="363" width="46" height="17"/>
    </entry>
    <entry id="46" name="hsa:5894" type="gene"
        link="https://www.kegg.jp/dbget-bin/www_bget?hsa:5894">
        <graphics name="RAF1, CMD1NN, CRAF, NS5, Raf-1, c-Raf" fgcolor="#000000" bgcolor="#BFFFBF"
             type="rectangle" x="297" y="363" width="46" height="17"/>
    </entry>
    <entry id="47" name="hsa:3265 hsa:3845 hsa:4893" type="gene"
        link="https://www.kegg.jp/dbget-bin/www_bget?hsa:3265+hsa:3845+hsa:4893">
        <graphics name="HRAS, C-BAS/HAS, C-H-RAS, C-HA-RAS1, CTLO, H-RASIDX, HAMSV, HRAS1, RASH1, p21ras..." fgcolor="#000000" bgcolor="#BFFFBF"
             type="rectangle" x="217" y="363" width="46" height="17"/>
    </entry>
    <entry id="48" name="hsa:1906" type="gene"
        link="https://www.kegg.jp/dbget-bin/www_bget?hsa:1906">
        <graphics name="EDN1, ARCND3, ET1, HDLCQ7, PPET1, QME" fgcolor="#000000" bgcolor="#BFFFBF"
             type="rectangle" x="66" y="452" width="46" height="17"/>
    </entry>
    <entry id="49" name="path:hsa04916" type="map"
        link="https://www.kegg.jp/dbget-bin/www_bget?hsa04916">
        <graphics name="TITLE:Melanogenesis" fgcolor="#000000" bgcolor="#FFFFFF"
             type="roundrectangle" x="111" y="58" width="141" height="25"/>
    </entry>
    <entry id="50" name="path:hsa04310" type="map"
        link="https://www.kegg.jp/dbget-bin/www_bget?hsa04310">
        <graphics name="Wnt signaling pathway" fgcolor="#000000" bgcolor="#FFFFFF"
             type="roundrectangle" x="321" y="239" width="109" height="34"/>
    </entry>
    <entry id="51" name="path:hsa00350" type="map"
        link="https://www.kegg.jp/dbget-bin/www_bget?hsa00350">
        <graphics name="Tyrosine metabolism" fgcolor="#000000" bgcolor="#FFFFFF"
             type="roundrectangle" x="453" y="657" width="109" height="34"/>
    </entry>
    <entry id="52" name="path:hsa05218" type="map"
        link="https://www.kegg.jp/dbget-bin/www_bget?hsa05218">
        <graphics name="Melanoma" fgcolor="#000000" bgcolor="#FFFFFF"
             type="roundrectangle" x="686" y="366" width="92" height="25"/>
    </entry>
    <entry id="53" name="path:hsa04010" type="map"
        link="https://www.kegg.jp/dbget-bin/www_bget?hsa04010">
        <graphics name="MAPK signaling pathway" fgcolor="#000000" bgcolor="#FFFFFF"
             type="roundrectangle" x="319" y="329" width="110" height="34"/>
    </entry>
    <entry id="54" name="cpd:C00575" type="compound"
        link="https://www.kegg.jp/dbget-bin/www_bget?C00575">
        <graphics name="C00575" fgcolor="#000000" bgcolor="#FFFFFF"
             type="circle" x="222" y="189" width="8" height="8"/>
    </entry>
    <entry id="55" name="undefined" type="group">
        <graphics fgcolor="#000000" bgcolor="#FFFFFF"
             type="rectangle" x="681" y="198" width="46" height="34"/>
        <component id="30"/>
        <component id="35"/>
    </entry>
    <relation entry1="40" entry2="42" type="PPrel">
        <subtype name="activation" value="--&gt;"/>
    </relation>
    <relation entry1="42" entry2="33" type="PPrel">
        <subtype name="activation" value="--&gt;"/>
    </relation>
    <relation entry1="33" entry2="36" type="PPrel">
        <subtype name="activation" value="--&gt;"/>
    </relation>
    <relation entry1="31" entry2="55" type="PPrel">
        <subtype name="activation" value="--&gt;"/>
        <subtype name="phosphorylation" value="+p"/>
    </relation>
    <relation entry1="43" entry2="27" type="PPrel">
        <subtype name="activation" value="--&gt;"/>
        <subtype name="phosphorylation" value="+p"/>
    </relation>
    <relation entry1="27" entry2="41" type="PPrel">
        <subtype name="activation" value="--&gt;"/>
        <subtype name="phosphorylation" value="+p"/>
    </relation>
    <relation entry1="41" entry2="6" type="PPrel">
        <subtype name="activation" value="--&gt;"/>
        <subtype name="phosphorylation" value="+p"/>
    </relation>
    <relation entry1="6" entry2="38" type="PPrel">
        <subtype name="inhibition" value="--|"/>
    </relation>
    <relation entry1="38" entry2="39" type="PPrel">
        <subtype name="inhibition" value="--|"/>
        <subtype name="phosphorylation" value="+p"/>
    </relation>
    <relation entry1="39" entry2="32" type="PPrel">
        <subtype name="activation" value="--&gt;"/>
    </relation>
    <relation entry1="55" entry2="20" type="GErel">
        <subtype name="expression" value="--&gt;"/>
    </relation>
    <relation entry1="32" entry2="20" type="GErel">
        <subtype name="expression" value="--&gt;"/>
    </relation>
    <relation entry1="10" entry2="13" type="GErel">
        <subtype name="expression" value="--&gt;"/>
    </relation>
    <relation entry1="10" entry2="12" type="GErel">
        <subtype name="expression" value="--&gt;"/>
    </relation>
    <relation entry1="10" entry2="11" type="GErel">
        <subtype name="expression" value="--&gt;"/>
    </relation>
    <relation entry1="23" entry2="19" type="PPrel">
        <subtype name="activation" value="--&gt;"/>
    </relation>
    <relation entry1="19" entry2="47" type="PPrel">
        <subtype name="activation" value="--&gt;"/>
    </relation>
    <relation entry1="47" entry2="46" type="PPrel">
        <subtype name="activation" value="--&gt;"/>
    </relation>
    <relation entry1="46" entry2="45" type="PPrel">
        <subtype name="activation" value="--&gt;"/>
        <subtype name="phosphorylation" value="+p"/>
    </relation>
    <relation entry1="45" entry2="44" type="PPrel">
        <subtype name="activation" value="--&gt;"/>
        <subtype name="phosphorylation" value="+p"/>
    </relation>
    <relation entry1="44" entry2="10" type="PPrel">
        <subtype name="activation" value="--&gt;"/>
        <subtype name="phosphorylation" value="+p"/>
    </relation>
    <relation entry1="48" entry2="18" type="PPrel">
        <subtype name="activation" value="--&gt;"/>
    </relation>
    <relation entry1="18" entry2="17" type="PPrel">
        <subtype name="activation" value="--&gt;"/>
    </relation>
    <relation entry1="17" entry2="28" type="PPrel">
        <subtype name="activation" value="--&gt;"/>
    </relation>
    <relation entry1="16" entry2="15" type="PPrel">
        <subtype name="activation" value="--&gt;"/>
    </relation>
    <relation entry1="37" entry2="14" type="PPrel">
        <subtype name="indirect effect" value="..&gt;"/>
    </relation>
    <relation entry1="34" entry2="9" type="PPrel">
        <subtype name="activation" value="--&gt;"/>
        <subtype name="phosphorylation" value="+p"/>
    </relation>
    <relation entry1="22" entry2="21" type="PPrel">
        <subtype name="indirect effect" value="..&gt;"/>
    </relation>
    <relation entry1="28" entry2="16" type="PPrel">
        <subtype name="compound" value="24"/>
    </relation>
    <relation entry1="28" entry2="37" type="PPrel">
        <subtype name="compound" value="26"/>
    </relation>
    <relation entry1="29" entry2="42" type="PPrel">
        <subtype name="inhibition" value="--|"/>
    </relation>
</pathway>
