﻿Study_ID,Gender,Histology,MetStatus,Subgroup
MB_SubtypeStudy_55001,F,Classic,1,SHH
MB_SubtypeStudy_55002,M,Classic,1,Group3
MB_SubtypeStudy_55003,F,Classic,0,Group4
MB_SubtypeStudy_55004,F,Classic,0,Group4
MB_SubtypeStudy_55005,M,Classic,NA,Group4
MB_SubtypeStudy_55006,F,Desmoplastic,0,SHH
MB_SubtypeStudy_55007,M,Classic,0,SHH
MB_SubtypeStudy_55008,M,LCA,0,Group3
MB_SubtypeStudy_55009,M,Classic,0,Group4
MB_SubtypeStudy_55010,M,Classic,NA,SHH
MB_SubtypeStudy_55011,F,Classic,NA,WNT
MB_SubtypeStudy_55012,M,Desmoplastic,NA,SHH
MB_SubtypeStudy_55013,M,Classic,NA,SHH
MB_SubtypeStudy_55014,F,Classic,0,WNT
MB_SubtypeStudy_55015,F,Classic,0,SHH
MB_SubtypeStudy_55016,M,Classic,0,WNT
MB_SubtypeStudy_55017,M,Classic,NA,Group3
MB_SubtypeStudy_55018,F,Classic,NA,Group3
MB_SubtypeStudy_55019,M,Classic,NA,Group4
MB_SubtypeStudy_55020,F,Classic,1,Group4
MB_SubtypeStudy_55021,M,Classic,NA,Group4
MB_SubtypeStudy_55022,M,Classic,0,Group3
MB_SubtypeStudy_55023,F,Classic,NA,Group3
MB_SubtypeStudy_55024,M,Classic,1,Group3
MB_SubtypeStudy_55025,M,Classic,0,Group4
MB_SubtypeStudy_55026,M,Classic,1,Group4
MB_SubtypeStudy_55027,M,Desmoplastic,0,Group4
MB_SubtypeStudy_55028,F,Desmoplastic,1,Group3
MB_SubtypeStudy_55029,M,Classic,0,Group3
MB_SubtypeStudy_55030,M,Classic,0,SHH
MB_SubtypeStudy_55031,F,Desmoplastic,NA,SHH
MB_SubtypeStudy_55032,M,Classic,NA,SHH
MB_SubtypeStudy_55033,F,Desmoplastic,NA,SHH
MB_SubtypeStudy_55034,F,Desmoplastic,NA,SHH
MB_SubtypeStudy_55035,M,Classic,NA,Group4
MB_SubtypeStudy_55036,M,Classic,NA,Group4
MB_SubtypeStudy_55037,M,LCA,1,SHH
MB_SubtypeStudy_55038,F,Classic,1,Group4
MB_SubtypeStudy_55039,M,Classic,1,Group4
MB_SubtypeStudy_55040,M,Classic,1,Group3
MB_SubtypeStudy_55041,M,Classic,0,Group4
MB_SubtypeStudy_55042,F,Classic,1,Group4
MB_SubtypeStudy_55043,M,Classic,1,WNT
MB_SubtypeStudy_55044,F,Classic,1,Group3
MB_SubtypeStudy_55045,M,Classic,0,Group4
MB_SubtypeStudy_55046,F,Classic,0,Group4
MB_SubtypeStudy_55047,M,Classic,NA,Group4
MB_SubtypeStudy_55048,M,Classic,NA,Group4
MB_SubtypeStudy_55049,M,Classic,NA,SHH
MB_SubtypeStudy_55050,M,Classic,NA,Group4
MB_SubtypeStudy_55051,F,Classic,NA,Group4
MB_SubtypeStudy_55052,M,Classic,NA,WNT
MB_SubtypeStudy_55053,M,Classic,NA,Group3
MB_SubtypeStudy_55054,M,Classic,NA,WNT
MB_SubtypeStudy_55055,M,Classic,1,Group3
MB_SubtypeStudy_55056,M,Desmoplastic,NA,Group3
MB_SubtypeStudy_55057,M,Classic,NA,Group3
MB_SubtypeStudy_55058,M,Classic,NA,Group4
MB_SubtypeStudy_55059,M,Desmoplastic,NA,Group4
MB_SubtypeStudy_55060,F,MBEN,NA,SHH
MB_SubtypeStudy_55061,F,Classic,NA,SHH
MB_SubtypeStudy_55062,F,Desmoplastic,NA,Group4
MB_SubtypeStudy_55063,M,Classic,NA,SHH
MB_SubtypeStudy_55064,M,Desmoplastic,NA,Group3
MB_SubtypeStudy_55065,F,Classic,NA,SHH
MB_SubtypeStudy_55066,M,Desmoplastic,NA,SHH
MB_SubtypeStudy_55067,M,Classic,NA,Group3
MB_SubtypeStudy_55068,F,Classic,0,Group3
MB_SubtypeStudy_55069,M,NA,1,Group4
MB_SubtypeStudy_55070,M,Classic,1,Group4
MB_SubtypeStudy_55071,M,LCA,1,Group4
MB_SubtypeStudy_55072,F,Classic,0,WNT
MB_SubtypeStudy_55073,M,LCA,1,Group4
MB_SubtypeStudy_55074,M,Classic,1,Group4
MB_SubtypeStudy_55075,F,Classic,1,Group3
MB_SubtypeStudy_55076,M,LCA,1,Group3
MB_SubtypeStudy_55077,F,Classic,NA,SHH
MB_SubtypeStudy_55078,F,Classic,NA,SHH
MB_SubtypeStudy_55079,M,Classic,NA,Group4
MB_SubtypeStudy_55080,F,Classic,NA,SHH
MB_SubtypeStudy_55081,M,Classic,NA,Group4
MB_SubtypeStudy_55082,M,Desmoplastic,1,SHH
MB_SubtypeStudy_55083,M,Classic,1,SHH
MB_SubtypeStudy_55084,M,Classic,NA,Group4
MB_SubtypeStudy_55085,F,Classic,NA,SHH
MB_SubtypeStudy_55086,M,Classic,NA,Group4
MB_SubtypeStudy_55087,M,MBEN,NA,Group3
MB_SubtypeStudy_55088,M,Classic,0,Group3
MB_SubtypeStudy_55089,F,Classic,0,Group4
MB_SubtypeStudy_55090,M,Classic,0,Group4
MB_SubtypeStudy_55091,M,Classic,0,Group3
MB_SubtypeStudy_55092,M,NA,0,SHH
MB_SubtypeStudy_55093,F,Classic,0,Group4
MB_SubtypeStudy_55094,M,Classic,1,Group4
MB_SubtypeStudy_55095,F,Classic,0,Group4
MB_SubtypeStudy_55096,M,LCA,0,SHH
MB_SubtypeStudy_55097,M,Desmoplastic,NA,SHH
MB_SubtypeStudy_55098,M,Classic,1,Group3
MB_SubtypeStudy_55099,M,LCA,0,Group3
MB_SubtypeStudy_55100,M,Classic,1,Group4
MB_SubtypeStudy_55101,F,Classic,0,Group4
MB_SubtypeStudy_55102,M,Classic,1,Group4
MB_SubtypeStudy_55103,F,LCA,1,Group4
MB_SubtypeStudy_55104,M,Desmoplastic,0,SHH
MB_SubtypeStudy_55105,F,LCA,0,Group3
MB_SubtypeStudy_55106,M,Classic,0,Group3
MB_SubtypeStudy_55107,M,Classic,0,SHH
MB_SubtypeStudy_55108,M,Classic,0,Group3
MB_SubtypeStudy_55109,F,Classic,1,Group3
MB_SubtypeStudy_55110,M,Desmoplastic,0,SHH
MB_SubtypeStudy_55111,M,Classic,0,WNT
MB_SubtypeStudy_55112,M,Desmoplastic,0,Group3
MB_SubtypeStudy_55113,M,Classic,0,SHH
MB_SubtypeStudy_55114,F,Classic,0,Group4
MB_SubtypeStudy_55115,M,Classic,1,Group4
MB_SubtypeStudy_55116,M,Classic,0,Group4
MB_SubtypeStudy_55117,M,Classic,0,Group4
MB_SubtypeStudy_55118,M,Desmoplastic,0,SHH
MB_SubtypeStudy_55119,M,Classic,1,Group4
MB_SubtypeStudy_55120,M,Desmoplastic,0,SHH
MB_SubtypeStudy_55121,M,Classic,0,SHH
MB_SubtypeStudy_55122,M,Classic,1,Group4
MB_SubtypeStudy_55123,F,Classic,0,Group4
MB_SubtypeStudy_55124,F,Classic,0,SHH
MB_SubtypeStudy_55125,M,Classic,1,Group4
MB_SubtypeStudy_55126,M,Classic,1,Group4
MB_SubtypeStudy_55127,F,Classic,1,Group4
MB_SubtypeStudy_55128,M,Classic,1,Group4
MB_SubtypeStudy_55129,M,Classic,1,Group4
MB_SubtypeStudy_55130,M,Classic,0,Group3
MB_SubtypeStudy_55131,M,Classic,0,Group3
MB_SubtypeStudy_55132,M,Classic,1,Group4
MB_SubtypeStudy_55133,F,Classic,0,Group4
MB_SubtypeStudy_55134,M,Classic,0,Group4
MB_SubtypeStudy_55135,F,Classic,0,Group4
MB_SubtypeStudy_55136,M,Desmoplastic,0,SHH
MB_SubtypeStudy_55137,F,Desmoplastic,0,SHH
MB_SubtypeStudy_55138,F,LCA,1,Group3
MB_SubtypeStudy_55139,M,Classic,1,Group3
MB_SubtypeStudy_55140,M,Classic,0,Group4
MB_SubtypeStudy_55141,F,Classic,0,Group3
MB_SubtypeStudy_55142,F,Classic,1,Group4
MB_SubtypeStudy_55143,M,Classic,1,SHH
MB_SubtypeStudy_55144,M,Classic,1,Group4
MB_SubtypeStudy_55145,M,Classic,1,Group4
MB_SubtypeStudy_55146,M,Classic,0,Group4
MB_SubtypeStudy_55147,M,Classic,1,Group4
MB_SubtypeStudy_55148,M,Classic,0,Group4
MB_SubtypeStudy_55149,M,Classic,0,Group4
MB_SubtypeStudy_55150,M,Classic,0,WNT
MB_SubtypeStudy_55151,M,Classic,0,Group4
MB_SubtypeStudy_55152,F,Desmoplastic,0,SHH
MB_SubtypeStudy_55153,M,Classic,1,Group4
MB_SubtypeStudy_55154,F,Desmoplastic,0,SHH
MB_SubtypeStudy_55155,M,Classic,1,Group4
MB_SubtypeStudy_55156,M,Classic,0,Group4
MB_SubtypeStudy_55157,F,Classic,1,Group4
MB_SubtypeStudy_55158,F,Classic,1,Group4
MB_SubtypeStudy_55159,M,Classic,0,Group4
MB_SubtypeStudy_55160,F,Classic,1,Group4
MB_SubtypeStudy_55161,M,Classic,0,Group4
MB_SubtypeStudy_55162,M,Classic,0,Group4
MB_SubtypeStudy_55163,M,Classic,0,Group3
MB_SubtypeStudy_55164,M,Classic,0,Group3
MB_SubtypeStudy_55165,M,Classic,0,WNT
MB_SubtypeStudy_55166,M,Classic,0,Group4
MB_SubtypeStudy_55167,M,Classic,0,Group4
MB_SubtypeStudy_55168,F,Classic,0,Group4
MB_SubtypeStudy_55169,F,Classic,0,WNT
MB_SubtypeStudy_55170,M,Classic,0,WNT
MB_SubtypeStudy_55171,F,Classic,0,SHH
MB_SubtypeStudy_55172,M,Classic,0,SHH
MB_SubtypeStudy_55173,M,Classic,0,SHH
MB_SubtypeStudy_55174,M,Classic,0,Group3
MB_SubtypeStudy_55175,M,Desmoplastic,0,WNT
MB_SubtypeStudy_55176,M,Classic,0,WNT
MB_SubtypeStudy_55177,NA,NA,NA,Group4
MB_SubtypeStudy_55178,F,Classic,0,WNT
MB_SubtypeStudy_55179,M,Classic,0,SHH
MB_SubtypeStudy_55180,F,Classic,0,WNT
MB_SubtypeStudy_55181,NA,NA,NA,SHH
MB_SubtypeStudy_55182,M,Classic,0,SHH
MB_SubtypeStudy_55183,M,Classic,0,Group3
MB_SubtypeStudy_55184,M,Classic,0,Group4
MB_SubtypeStudy_55185,F,Classic,1,Group3
MB_SubtypeStudy_55186,M,Classic,0,Group4
MB_SubtypeStudy_55187,F,Classic,0,Group4
MB_SubtypeStudy_55188,F,Classic,0,SHH
MB_SubtypeStudy_55189,F,Classic,0,WNT
MB_SubtypeStudy_55190,M,Classic,0,Group4
MB_SubtypeStudy_55191,M,LCA,1,Group4
MB_SubtypeStudy_55192,F,Desmoplastic,0,SHH
MB_SubtypeStudy_55193,M,NA,NA,Group4
MB_SubtypeStudy_55194,M,NA,NA,Group4
MB_SubtypeStudy_55195,M,NA,NA,Group3
MB_SubtypeStudy_55196,M,NA,NA,Group4
MB_SubtypeStudy_55197,M,NA,NA,Group3
MB_SubtypeStudy_55198,M,Desmoplastic,NA,SHH
MB_SubtypeStudy_55199,M,NA,NA,Group4
MB_SubtypeStudy_55200,F,NA,NA,Group3
MB_SubtypeStudy_55201,M,NA,0,SHH
MB_SubtypeStudy_55202,M,NA,1,SHH
MB_SubtypeStudy_55203,M,NA,1,Group4
MB_SubtypeStudy_55204,F,Classic,0,WNT
MB_SubtypeStudy_55205,M,LCA,0,SHH
MB_SubtypeStudy_55206,F,NA,0,Group3
MB_SubtypeStudy_55207,F,NA,0,Group4
MB_SubtypeStudy_55208,M,NA,1,Group3
MB_SubtypeStudy_55209,M,Desmoplastic,1,SHH
MB_SubtypeStudy_55210,F,NA,1,SHH
MB_SubtypeStudy_55211,M,NA,1,Group3
MB_SubtypeStudy_55212,M,NA,0,Group4
MB_SubtypeStudy_55213,M,NA,0,SHH
MB_SubtypeStudy_55214,M,NA,0,Group4
MB_SubtypeStudy_55215,M,NA,1,WNT
MB_SubtypeStudy_55216,M,Desmoplastic,0,SHH
MB_SubtypeStudy_55217,M,NA,1,Group4
MB_SubtypeStudy_55218,M,LCA,0,Group4
MB_SubtypeStudy_55219,M,NA,1,Group3
MB_SubtypeStudy_55220,M,NA,1,Group3
MB_SubtypeStudy_55221,M,NA,1,Group3
MB_SubtypeStudy_55222,F,Classic,0,Group4
MB_SubtypeStudy_55223,F,Desmoplastic,0,SHH
MB_SubtypeStudy_55224,F,Classic,1,Group4
MB_SubtypeStudy_55225,F,Classic,1,SHH
MB_SubtypeStudy_55226,F,Classic,1,Group3
MB_SubtypeStudy_55227,M,Classic,0,Group4
MB_SubtypeStudy_55228,F,Classic,0,SHH
MB_SubtypeStudy_55229,M,Classic,0,WNT
MB_SubtypeStudy_55230,M,Classic,0,Group4
MB_SubtypeStudy_55231,M,LCA,1,Group3
MB_SubtypeStudy_55232,M,Classic,1,Group4
MB_SubtypeStudy_55233,M,LCA,0,Group4
MB_SubtypeStudy_55234,M,LCA,0,WNT
MB_SubtypeStudy_55235,M,Classic,1,Group4
MB_SubtypeStudy_55236,M,Classic,1,Group4
MB_SubtypeStudy_55237,M,Classic,1,Group4
MB_SubtypeStudy_55238,F,Desmoplastic,0,SHH
MB_SubtypeStudy_55239,M,Classic,0,SHH
MB_SubtypeStudy_55240,F,Classic,1,Group4
MB_SubtypeStudy_55241,M,Classic,1,Group4
MB_SubtypeStudy_55242,F,Classic,0,Group4
MB_SubtypeStudy_55243,F,Classic,1,SHH
MB_SubtypeStudy_55244,M,Classic,0,Group4
MB_SubtypeStudy_55245,M,Classic,0,SHH
MB_SubtypeStudy_55246,M,Classic,1,Group4
MB_SubtypeStudy_55247,F,Classic,0,Group4
MB_SubtypeStudy_55248,M,Classic,1,Group4
MB_SubtypeStudy_55249,F,Classic,0,Group4
MB_SubtypeStudy_55250,M,Classic,0,Group4
MB_SubtypeStudy_55251,M,Classic,0,Group4
MB_SubtypeStudy_55252,F,Classic,1,Group4
MB_SubtypeStudy_55253,F,Classic,0,Group4
MB_SubtypeStudy_55254,F,Classic,0,SHH
MB_SubtypeStudy_55255,F,Classic,1,Group4
MB_SubtypeStudy_55256,F,Desmoplastic,0,Group3
MB_SubtypeStudy_55257,M,Classic,0,Group3
MB_SubtypeStudy_55258,M,LCA,0,Group4
MB_SubtypeStudy_55259,F,LCA,0,Group4
MB_SubtypeStudy_55260,M,Classic,0,Group3
MB_SubtypeStudy_55261,M,LCA,0,SHH
MB_SubtypeStudy_55262,M,LCA,0,Group4
MB_SubtypeStudy_55263,M,Classic,0,SHH
MB_SubtypeStudy_55264,M,LCA,0,SHH
MB_SubtypeStudy_55265,M,MBEN,0,SHH
MB_SubtypeStudy_55266,M,MBEN,0,Group4
MB_SubtypeStudy_55267,M,MBEN,1,Group4
MB_SubtypeStudy_55268,M,LCA,0,SHH
MB_SubtypeStudy_55269,F,Desmoplastic,0,Group4
MB_SubtypeStudy_55270,M,MBEN,0,SHH
MB_SubtypeStudy_55271,M,Classic,0,Group4
MB_SubtypeStudy_55272,M,LCA,0,Group4
MB_SubtypeStudy_55273,F,Classic,0,Group4
MB_SubtypeStudy_55274,M,Classic,1,Group4
MB_SubtypeStudy_55275,M,Classic,1,SHH
MB_SubtypeStudy_55276,M,LCA,1,Group4
MB_SubtypeStudy_55277,F,Classic,0,Group4
MB_SubtypeStudy_55278,M,NA,0,SHH
MB_SubtypeStudy_55279,NA,LCA,0,SHH
MB_SubtypeStudy_55280,NA,NA,0,SHH
MB_SubtypeStudy_55281,M,Classic,0,Group3
MB_SubtypeStudy_55282,F,Desmoplastic,1,Group4
MB_SubtypeStudy_55283,F,Classic,0,Group3
MB_SubtypeStudy_55284,M,Classic,0,SHH
MB_SubtypeStudy_55285,M,Classic,0,WNT
MB_SubtypeStudy_55286,M,Desmoplastic,0,SHH
MB_SubtypeStudy_55287,M,Classic,0,SHH
MB_SubtypeStudy_55288,M,Classic,0,Group4
MB_SubtypeStudy_55289,M,Classic,0,SHH
MB_SubtypeStudy_55290,F,Classic,0,Group4
MB_SubtypeStudy_55291,F,Classic,0,SHH
MB_SubtypeStudy_55292,M,Classic,0,Group4
MB_SubtypeStudy_55293,F,Classic,0,SHH
MB_SubtypeStudy_55294,F,LCA,0,Group4
MB_SubtypeStudy_55295,F,Desmoplastic,0,SHH
MB_SubtypeStudy_55296,M,Classic,0,Group4
MB_SubtypeStudy_55297,F,Classic,0,SHH
MB_SubtypeStudy_55298,M,NA,1,Group4
MB_SubtypeStudy_55299,M,NA,0,Group4
MB_SubtypeStudy_55300,F,NA,0,WNT
MB_SubtypeStudy_55301,M,NA,1,Group4
MB_SubtypeStudy_55302,F,NA,0,SHH
MB_SubtypeStudy_55303,M,NA,0,Group3
MB_SubtypeStudy_55304,M,NA,0,Group3
MB_SubtypeStudy_55305,M,Classic,0,SHH
MB_SubtypeStudy_55306,M,LCA,1,Group3
MB_SubtypeStudy_55307,M,Desmoplastic,NA,SHH
MB_SubtypeStudy_55308,F,NA,0,Group3
MB_SubtypeStudy_55309,M,Classic,0,Group4
MB_SubtypeStudy_55310,M,Classic,1,Group4
MB_SubtypeStudy_55311,F,Classic,1,Group4
MB_SubtypeStudy_55312,M,Classic,0,WNT
MB_SubtypeStudy_55313,F,Desmoplastic,0,Group3
MB_SubtypeStudy_55314,F,MBEN,0,SHH
MB_SubtypeStudy_55315,F,Classic,1,Group4
MB_SubtypeStudy_55316,M,Desmoplastic,1,SHH
MB_SubtypeStudy_55317,M,NA,1,Group4
MB_SubtypeStudy_55318,M,NA,0,Group3
MB_SubtypeStudy_55319,M,Desmoplastic,0,SHH
MB_SubtypeStudy_55320,M,Classic,NA,Group4
MB_SubtypeStudy_55321,M,Desmoplastic,NA,SHH
MB_SubtypeStudy_55322,M,Desmoplastic,0,SHH
MB_SubtypeStudy_55323,M,Desmoplastic,NA,SHH
MB_SubtypeStudy_55324,F,Desmoplastic,1,SHH
MB_SubtypeStudy_55325,F,LCA,0,WNT
MB_SubtypeStudy_55326,F,NA,1,Group3
MB_SubtypeStudy_55327,M,Classic,0,Group4
MB_SubtypeStudy_55328,F,NA,1,Group4
MB_SubtypeStudy_55329,F,Classic,0,SHH
MB_SubtypeStudy_55330,M,NA,0,SHH
MB_SubtypeStudy_55331,M,NA,0,Group4
MB_SubtypeStudy_55332,M,LCA,1,Group3
MB_SubtypeStudy_55333,M,Classic,1,Group4
MB_SubtypeStudy_55334,M,Classic,0,Group4
MB_SubtypeStudy_55335,M,Classic,0,Group4
MB_SubtypeStudy_55336,M,Classic,0,Group4
MB_SubtypeStudy_55337,M,Classic,1,Group3
MB_SubtypeStudy_55338,F,Classic,0,SHH
MB_SubtypeStudy_55339,F,Classic,0,SHH
MB_SubtypeStudy_55340,M,Desmoplastic,0,SHH
MB_SubtypeStudy_55341,M,LCA,1,Group3
MB_SubtypeStudy_55342,M,LCA,1,Group4
MB_SubtypeStudy_55343,F,Desmoplastic,1,Group4
MB_SubtypeStudy_55344,F,Classic,1,Group3
MB_SubtypeStudy_55345,M,Classic,1,Group3
MB_SubtypeStudy_55346,M,Classic,1,Group3
MB_SubtypeStudy_55347,M,NA,0,Group4
MB_SubtypeStudy_55348,M,Classic,NA,Group3
MB_SubtypeStudy_55349,NA,NA,NA,Group4
MB_SubtypeStudy_55350,M,Classic,0,Group4
MB_SubtypeStudy_55351,M,Classic,0,SHH
MB_SubtypeStudy_55352,M,Classic,1,SHH
MB_SubtypeStudy_55353,F,Classic,0,WNT
MB_SubtypeStudy_55354,F,LCA,0,SHH
MB_SubtypeStudy_55355,M,Classic,1,Group4
MB_SubtypeStudy_55356,F,LCA,0,SHH
MB_SubtypeStudy_55357,M,NA,NA,SHH
MB_SubtypeStudy_55358,M,NA,NA,Group4
MB_SubtypeStudy_55359,F,NA,NA,Group3
MB_SubtypeStudy_55360,F,LCA,1,Group4
MB_SubtypeStudy_55361,M,Classic,0,Group4
MB_SubtypeStudy_55362,M,Classic,0,Group4
MB_SubtypeStudy_55363,M,Classic,0,Group3
MB_SubtypeStudy_55364,M,Classic,0,Group4
MB_SubtypeStudy_55365,M,Desmoplastic,1,Group4
MB_SubtypeStudy_55366,M,Classic,1,Group4
MB_SubtypeStudy_55367,M,Classic,0,Group4
MB_SubtypeStudy_55368,M,LCA,0,WNT
MB_SubtypeStudy_55369,M,Desmoplastic,0,Group4
MB_SubtypeStudy_55370,M,Classic,0,SHH
MB_SubtypeStudy_55371,F,Classic,1,Group4
MB_SubtypeStudy_55372,F,Classic,0,Group4
MB_SubtypeStudy_55373,M,Classic,0,Group4
MB_SubtypeStudy_55374,F,MBEN,0,SHH
MB_SubtypeStudy_55375,M,Classic,1,Group4
MB_SubtypeStudy_55376,F,Classic,NA,Group4
MB_SubtypeStudy_55377,M,Classic,1,SHH
MB_SubtypeStudy_55378,M,Classic,0,SHH
MB_SubtypeStudy_55379,M,MBEN,0,Group4
MB_SubtypeStudy_55380,M,Classic,0,Group4
MB_SubtypeStudy_55381,M,MBEN,0,Group4
MB_SubtypeStudy_55382,M,Classic,1,Group3
MB_SubtypeStudy_55383,F,Classic,0,Group4
MB_SubtypeStudy_55384,M,Classic,1,Group4
MB_SubtypeStudy_55385,F,Desmoplastic,0,Group4
MB_SubtypeStudy_55386,F,Classic,0,Group4
MB_SubtypeStudy_55387,F,Desmoplastic,0,Group4
MB_SubtypeStudy_55388,M,LCA,0,Group4
MB_SubtypeStudy_55389,F,LCA,0,Group3
MB_SubtypeStudy_55390,F,Classic,0,Group3
MB_SubtypeStudy_55391,M,Classic,1,Group4
MB_SubtypeStudy_55392,F,Classic,0,WNT
MB_SubtypeStudy_55393,F,Classic,0,WNT
MB_SubtypeStudy_55394,M,Desmoplastic,1,Group4
MB_SubtypeStudy_55395,F,Desmoplastic,1,SHH
MB_SubtypeStudy_55396,M,Classic,0,Group4
MB_SubtypeStudy_55397,M,Desmoplastic,0,SHH
MB_SubtypeStudy_55398,M,LCA,0,Group3
MB_SubtypeStudy_55399,F,Classic,0,Group4
MB_SubtypeStudy_55400,M,LCA,0,SHH
MB_SubtypeStudy_55401,F,Desmoplastic,0,SHH
MB_SubtypeStudy_55402,F,Classic,0,Group4
MB_SubtypeStudy_55403,F,LCA,0,Group4
MB_SubtypeStudy_55404,F,Classic,0,SHH
MB_SubtypeStudy_55405,M,Classic,0,Group4
MB_SubtypeStudy_55406,F,Desmoplastic,0,SHH
MB_SubtypeStudy_55407,F,Classic,0,Group4
MB_SubtypeStudy_55408,M,Classic,1,WNT
MB_SubtypeStudy_55409,F,Classic,1,Group3
MB_SubtypeStudy_55410,F,Classic,0,SHH
MB_SubtypeStudy_55411,F,Classic,0,SHH
MB_SubtypeStudy_55412,F,Classic,1,Group4
MB_SubtypeStudy_55413,M,Classic,0,Group4
MB_SubtypeStudy_55414,M,Classic,1,Group4
MB_SubtypeStudy_55415,M,Classic,0,SHH
MB_SubtypeStudy_55416,F,Classic,0,Group4
MB_SubtypeStudy_55417,M,Classic,0,Group4
MB_SubtypeStudy_55418,M,Desmoplastic,0,SHH
MB_SubtypeStudy_55419,M,Classic,1,SHH
MB_SubtypeStudy_55420,F,LCA,0,SHH
MB_SubtypeStudy_55421,M,Classic,0,WNT
MB_SubtypeStudy_55422,M,Classic,NA,SHH
MB_SubtypeStudy_55423,F,Classic,NA,WNT
MB_SubtypeStudy_55424,F,Classic,NA,SHH
MB_SubtypeStudy_55425,NA,NA,NA,WNT
MB_SubtypeStudy_55426,M,LCA,NA,Group4
MB_SubtypeStudy_55427,M,Classic,1,Group4
MB_SubtypeStudy_55428,M,Classic,NA,Group3
MB_SubtypeStudy_55429,M,Desmoplastic,NA,SHH
MB_SubtypeStudy_55430,M,Classic,1,Group3
MB_SubtypeStudy_55431,M,Classic,0,Group3
MB_SubtypeStudy_55432,F,MBEN,0,SHH
MB_SubtypeStudy_55433,NA,NA,NA,SHH
MB_SubtypeStudy_55434,F,Classic,0,SHH
MB_SubtypeStudy_55435,M,Classic,0,Group4
MB_SubtypeStudy_55436,F,Desmoplastic,0,WNT
MB_SubtypeStudy_55437,M,Classic,0,SHH
MB_SubtypeStudy_55438,M,Classic,1,Group4
MB_SubtypeStudy_55439,M,Classic,0,Group4
MB_SubtypeStudy_55440,F,Classic,0,WNT
MB_SubtypeStudy_55441,F,Classic,0,Group4
MB_SubtypeStudy_55442,M,LCA,0,Group4
MB_SubtypeStudy_55443,M,Classic,1,SHH
MB_SubtypeStudy_55444,M,Classic,0,SHH
MB_SubtypeStudy_55445,F,Classic,NA,SHH
MB_SubtypeStudy_55446,M,Desmoplastic,NA,Group4
MB_SubtypeStudy_55447,M,Classic,0,SHH
MB_SubtypeStudy_55448,M,Classic,0,Group4
MB_SubtypeStudy_55449,M,Classic,0,SHH
MB_SubtypeStudy_55450,F,Desmoplastic,1,SHH
MB_SubtypeStudy_55451,M,Classic,0,Group4
MB_SubtypeStudy_55452,M,Classic,0,WNT
MB_SubtypeStudy_55453,M,Desmoplastic,1,Group4
MB_SubtypeStudy_55454,M,Classic,1,Group4
MB_SubtypeStudy_55455,F,MBEN,0,SHH
MB_SubtypeStudy_55456,F,Classic,0,SHH
MB_SubtypeStudy_55457,M,Desmoplastic,0,Group4
MB_SubtypeStudy_55458,F,NA,0,SHH
MB_SubtypeStudy_55459,M,Desmoplastic,0,SHH
MB_SubtypeStudy_55460,M,Classic,0,SHH
MB_SubtypeStudy_55461,M,Desmoplastic,0,SHH
MB_SubtypeStudy_55462,M,Desmoplastic,0,SHH
MB_SubtypeStudy_55463,F,Classic,1,Group4
MB_SubtypeStudy_55464,M,Classic,NA,Group3
MB_SubtypeStudy_55465,F,Classic,0,Group3
MB_SubtypeStudy_55466,M,Classic,0,Group3
MB_SubtypeStudy_55467,F,Classic,0,Group4
MB_SubtypeStudy_55468,F,Classic,0,Group3
MB_SubtypeStudy_55469,M,LCA,1,SHH
MB_SubtypeStudy_55470,M,Classic,1,Group4
MB_SubtypeStudy_55471,M,Classic,0,Group3
MB_SubtypeStudy_55472,M,Classic,0,Group3
MB_SubtypeStudy_55473,F,Classic,0,Group4
MB_SubtypeStudy_55474,F,Classic,0,WNT
MB_SubtypeStudy_55475,NA,NA,NA,Group4
MB_SubtypeStudy_55476,F,Classic,0,Group4
MB_SubtypeStudy_55477,F,Desmoplastic,0,SHH
MB_SubtypeStudy_55478,NA,NA,NA,Group4
MB_SubtypeStudy_55479,F,Desmoplastic,0,SHH
MB_SubtypeStudy_55480,M,Classic,1,Group4
MB_SubtypeStudy_55481,M,Classic,0,Group4
MB_SubtypeStudy_55482,M,LCA,0,Group3
MB_SubtypeStudy_55483,M,Classic,1,Group4
MB_SubtypeStudy_55484,M,Classic,0,Group4
MB_SubtypeStudy_55485,M,Classic,NA,Group4
MB_SubtypeStudy_55486,M,Classic,0,Group3
MB_SubtypeStudy_55487,M,Desmoplastic,0,SHH
MB_SubtypeStudy_55488,F,LCA,1,Group3
MB_SubtypeStudy_55489,M,Classic,1,Group3
MB_SubtypeStudy_55490,M,LCA,0,WNT
MB_SubtypeStudy_55491,F,NA,NA,Group4
MB_SubtypeStudy_55492,M,Classic,NA,Group4
MB_SubtypeStudy_55493,F,LCA,NA,SHH
MB_SubtypeStudy_55494,M,LCA,0,Group4
MB_SubtypeStudy_55495,F,Classic,NA,SHH
MB_SubtypeStudy_55496,M,Classic,0,Group4
MB_SubtypeStudy_55497,M,Desmoplastic,0,SHH
MB_SubtypeStudy_55498,F,Desmoplastic,0,Group3
MB_SubtypeStudy_55499,F,Classic,0,Group4
MB_SubtypeStudy_55500,F,Desmoplastic,0,SHH
MB_SubtypeStudy_55501,F,Classic,0,Group4
MB_SubtypeStudy_55502,M,NA,0,SHH
MB_SubtypeStudy_55503,M,NA,1,Group4
MB_SubtypeStudy_55504,M,NA,0,SHH
MB_SubtypeStudy_55505,NA,NA,NA,SHH
MB_SubtypeStudy_55506,NA,NA,NA,Group3
MB_SubtypeStudy_55507,NA,NA,NA,SHH
MB_SubtypeStudy_55508,NA,NA,NA,Group3
MB_SubtypeStudy_55509,NA,NA,NA,Group4
MB_SubtypeStudy_55510,NA,NA,NA,Group4
MB_SubtypeStudy_55511,F,NA,1,Group4
MB_SubtypeStudy_55512,F,NA,0,SHH
MB_SubtypeStudy_55513,M,NA,1,Group4
MB_SubtypeStudy_55514,M,Classic,0,Group4
MB_SubtypeStudy_55515,F,NA,NA,Group3
MB_SubtypeStudy_55516,M,LCA,NA,SHH
MB_SubtypeStudy_55517,F,NA,0,Group4
MB_SubtypeStudy_55518,M,NA,1,Group4
MB_SubtypeStudy_55519,F,NA,0,WNT
MB_SubtypeStudy_55520,M,NA,0,Group3
MB_SubtypeStudy_55521,F,NA,0,WNT
MB_SubtypeStudy_55522,NA,NA,NA,Group3
MB_SubtypeStudy_55523,F,NA,1,SHH
MB_SubtypeStudy_55524,M,NA,0,SHH
MB_SubtypeStudy_55525,M,NA,0,Group3
MB_SubtypeStudy_55526,M,NA,0,SHH
MB_SubtypeStudy_55527,F,NA,0,Group4
MB_SubtypeStudy_55528,M,NA,1,Group4
MB_SubtypeStudy_55529,M,NA,1,Group3
MB_SubtypeStudy_55530,M,NA,0,Group4
MB_SubtypeStudy_55531,M,Desmoplastic,0,SHH
MB_SubtypeStudy_55532,M,NA,0,Group4
MB_SubtypeStudy_55533,F,NA,0,Group4
MB_SubtypeStudy_55534,M,NA,0,SHH
MB_SubtypeStudy_55535,NA,NA,NA,SHH
MB_SubtypeStudy_55536,F,NA,1,Group4
MB_SubtypeStudy_55537,M,Classic,NA,Group3
MB_SubtypeStudy_55538,M,NA,NA,WNT
MB_SubtypeStudy_55539,F,Classic,NA,Group3
MB_SubtypeStudy_55540,F,LCA,NA,Group3
MB_SubtypeStudy_55541,F,Classic,NA,Group4
MB_SubtypeStudy_55542,NA,NA,NA,Group3
MB_SubtypeStudy_55543,NA,NA,NA,SHH
MB_SubtypeStudy_55544,M,Desmoplastic,0,Group4
MB_SubtypeStudy_55545,F,NA,1,WNT
MB_SubtypeStudy_55546,M,NA,0,SHH
MB_SubtypeStudy_55547,M,Desmoplastic,0,Group3
MB_SubtypeStudy_55548,M,LCA,0,Group4
MB_SubtypeStudy_55549,M,Desmoplastic,0,SHH
MB_SubtypeStudy_55550,F,MBEN,0,SHH
MB_SubtypeStudy_55551,M,NA,1,Group3
MB_SubtypeStudy_55552,M,NA,1,Group4
MB_SubtypeStudy_55553,F,NA,0,Group4
MB_SubtypeStudy_55554,M,NA,NA,Group4
MB_SubtypeStudy_55555,M,Classic,NA,Group4
MB_SubtypeStudy_55556,M,Desmoplastic,NA,SHH
MB_SubtypeStudy_55557,M,Classic,NA,Group4
MB_SubtypeStudy_55558,M,Classic,1,Group3
MB_SubtypeStudy_55559,M,Classic,1,Group3
MB_SubtypeStudy_55560,M,LCA,0,Group3
MB_SubtypeStudy_55561,M,Desmoplastic,0,SHH
MB_SubtypeStudy_55562,M,LCA,0,Group3
MB_SubtypeStudy_55563,F,Classic,0,WNT
MB_SubtypeStudy_55564,M,Classic,0,Group3
MB_SubtypeStudy_55565,M,Desmoplastic,0,SHH
MB_SubtypeStudy_55566,F,NA,NA,Group4
MB_SubtypeStudy_55567,F,NA,NA,Group4
MB_SubtypeStudy_55568,M,NA,NA,Group3
MB_SubtypeStudy_55569,M,Classic,1,Group4
MB_SubtypeStudy_55570,NA,NA,NA,Group4
MB_SubtypeStudy_55571,NA,NA,NA,WNT
MB_SubtypeStudy_55572,M,NA,NA,Group4
MB_SubtypeStudy_55573,M,NA,1,Group4
MB_SubtypeStudy_55574,M,NA,0,Group4
MB_SubtypeStudy_55575,M,NA,0,Group3
MB_SubtypeStudy_55576,F,NA,1,Group4
MB_SubtypeStudy_55577,F,NA,1,Group4
MB_SubtypeStudy_55578,M,Desmoplastic,0,SHH
MB_SubtypeStudy_55579,M,MBEN,0,Group3
MB_SubtypeStudy_55580,F,Desmoplastic,0,SHH
MB_SubtypeStudy_55581,F,NA,0,Group4
MB_SubtypeStudy_55582,F,Desmoplastic,1,SHH
MB_SubtypeStudy_55583,M,LCA,0,Group3
MB_SubtypeStudy_55584,F,NA,0,Group3
MB_SubtypeStudy_55585,F,NA,0,SHH
MB_SubtypeStudy_55586,M,NA,1,WNT
MB_SubtypeStudy_55587,M,NA,0,Group3
MB_SubtypeStudy_55588,M,NA,0,Group4
MB_SubtypeStudy_55589,M,Desmoplastic,1,SHH
MB_SubtypeStudy_55590,M,NA,1,Group3
MB_SubtypeStudy_55591,M,NA,NA,Group3
MB_SubtypeStudy_55592,M,NA,NA,SHH
MB_SubtypeStudy_55593,NA,Classic,0,Group3
MB_SubtypeStudy_55594,NA,Classic,0,Group4
MB_SubtypeStudy_55595,NA,NA,0,SHH
MB_SubtypeStudy_55596,NA,NA,0,Group4
MB_SubtypeStudy_55597,NA,NA,0,WNT
MB_SubtypeStudy_55598,M,NA,NA,Group4
MB_SubtypeStudy_55599,F,NA,NA,Group4
MB_SubtypeStudy_55600,M,NA,1,Group3
MB_SubtypeStudy_55601,F,NA,0,SHH
MB_SubtypeStudy_55602,M,NA,0,Group4
MB_SubtypeStudy_55603,F,Classic,0,Group3
MB_SubtypeStudy_55604,F,NA,1,WNT
MB_SubtypeStudy_55605,F,LCA,0,Group3
MB_SubtypeStudy_55606,M,MBEN,0,SHH
MB_SubtypeStudy_55607,M,LCA,1,Group3
MB_SubtypeStudy_55608,M,Classic,0,Group3
MB_SubtypeStudy_55609,M,NA,0,Group4
MB_SubtypeStudy_55610,F,NA,0,WNT
MB_SubtypeStudy_55611,M,NA,0,Group4
MB_SubtypeStudy_55612,M,NA,0,Group4
MB_SubtypeStudy_55613,M,NA,0,Group4
MB_SubtypeStudy_55614,M,NA,1,Group4
MB_SubtypeStudy_55615,M,NA,0,SHH
MB_SubtypeStudy_55616,M,NA,0,Group4
MB_SubtypeStudy_55617,M,Classic,0,SHH
MB_SubtypeStudy_55618,M,Desmoplastic,1,Group4
MB_SubtypeStudy_55619,M,Desmoplastic,0,SHH
MB_SubtypeStudy_55620,M,Desmoplastic,0,SHH
MB_SubtypeStudy_55621,F,Classic,0,WNT
MB_SubtypeStudy_55622,F,Classic,0,WNT
MB_SubtypeStudy_55623,F,Classic,1,Group4
MB_SubtypeStudy_55624,M,Desmoplastic,0,SHH
MB_SubtypeStudy_55625,M,LCA,0,Group4
MB_SubtypeStudy_55626,F,Classic,1,Group4
MB_SubtypeStudy_55627,F,Classic,0,Group4
MB_SubtypeStudy_55628,M,Classic,0,SHH
MB_SubtypeStudy_55629,M,Classic,1,Group4
MB_SubtypeStudy_55630,M,Classic,0,Group4
MB_SubtypeStudy_55631,F,LCA,1,SHH
MB_SubtypeStudy_55632,M,MBEN,0,SHH
MB_SubtypeStudy_55633,M,Classic,0,Group4
MB_SubtypeStudy_55634,M,Classic,1,Group3
MB_SubtypeStudy_55635,M,Classic,1,Group4
MB_SubtypeStudy_55636,M,MBEN,0,Group4
MB_SubtypeStudy_55637,F,Classic,0,Group4
MB_SubtypeStudy_55638,F,Classic,0,SHH
MB_SubtypeStudy_55639,F,Classic,0,SHH
MB_SubtypeStudy_55640,F,Classic,1,SHH
MB_SubtypeStudy_55641,M,MBEN,0,Group4
MB_SubtypeStudy_55642,M,LCA,NA,Group3
MB_SubtypeStudy_55643,M,NA,NA,Group4
MB_SubtypeStudy_55644,M,Classic,NA,Group4
MB_SubtypeStudy_55645,M,NA,NA,Group3
MB_SubtypeStudy_55646,M,Classic,0,Group4
MB_SubtypeStudy_55647,F,NA,0,WNT
MB_SubtypeStudy_55648,M,LCA,NA,SHH
MB_SubtypeStudy_55649,M,Desmoplastic,NA,SHH
MB_SubtypeStudy_55650,M,Classic,0,Group4
MB_SubtypeStudy_55651,NA,NA,NA,Group4
MB_SubtypeStudy_55652,F,Desmoplastic,0,SHH
MB_SubtypeStudy_55653,F,NA,NA,Group4
MB_SubtypeStudy_55654,F,NA,NA,Group3
MB_SubtypeStudy_55655,M,Classic,NA,Group3
MB_SubtypeStudy_55656,F,NA,NA,SHH
MB_SubtypeStudy_55657,F,Desmoplastic,0,SHH
MB_SubtypeStudy_55658,M,LCA,0,Group3
MB_SubtypeStudy_55659,NA,NA,0,Group3
MB_SubtypeStudy_55660,M,NA,NA,WNT
MB_SubtypeStudy_55661,F,Desmoplastic,1,Group4
MB_SubtypeStudy_55662,F,Classic,NA,WNT
MB_SubtypeStudy_55663,F,Desmoplastic,NA,Group4
MB_SubtypeStudy_55664,F,Classic,NA,WNT
MB_SubtypeStudy_55665,M,Classic,NA,Group4
MB_SubtypeStudy_55666,M,Classic,NA,Group4
MB_SubtypeStudy_55667,M,Classic,NA,SHH
MB_SubtypeStudy_55668,M,Classic,NA,SHH
MB_SubtypeStudy_55669,M,Classic,NA,Group4
MB_SubtypeStudy_55670,F,Classic,NA,WNT
MB_SubtypeStudy_55671,M,Desmoplastic,NA,Group4
MB_SubtypeStudy_55672,F,Classic,NA,WNT
MB_SubtypeStudy_55673,F,Classic,NA,WNT
MB_SubtypeStudy_55674,M,Classic,NA,Group4
MB_SubtypeStudy_55675,M,Desmoplastic,NA,WNT
MB_SubtypeStudy_55676,M,Classic,NA,SHH
MB_SubtypeStudy_55677,M,Classic,NA,Group4
MB_SubtypeStudy_55678,M,Classic,NA,Group4
MB_SubtypeStudy_55679,F,Classic,NA,Group3
MB_SubtypeStudy_55680,F,Classic,NA,WNT
MB_SubtypeStudy_55681,M,Classic,NA,Group4
MB_SubtypeStudy_55682,NA,NA,NA,WNT
MB_SubtypeStudy_55683,NA,NA,NA,SHH
MB_SubtypeStudy_55684,NA,NA,NA,SHH
MB_SubtypeStudy_55685,NA,Classic,NA,Group4
MB_SubtypeStudy_55686,NA,Desmoplastic,NA,SHH
MB_SubtypeStudy_55687,NA,Classic,NA,Group4
MB_SubtypeStudy_55688,NA,Classic,NA,Group4
MB_SubtypeStudy_55689,NA,Classic,NA,Group4
MB_SubtypeStudy_55690,NA,Desmoplastic,NA,SHH
MB_SubtypeStudy_55691,NA,Classic,NA,Group4
MB_SubtypeStudy_55692,M,NA,NA,Group4
MB_SubtypeStudy_55693,M,NA,NA,Group4
MB_SubtypeStudy_55694,M,NA,0,SHH
MB_SubtypeStudy_55695,M,NA,0,WNT
MB_SubtypeStudy_55696,F,NA,0,Group4
MB_SubtypeStudy_55697,F,NA,NA,SHH
MB_SubtypeStudy_55698,M,NA,NA,SHH
MB_SubtypeStudy_55699,M,NA,NA,Group3
MB_SubtypeStudy_55700,NA,NA,0,WNT
MB_SubtypeStudy_55701,NA,NA,0,Group4
MB_SubtypeStudy_55702,NA,NA,0,WNT
MB_SubtypeStudy_55703,NA,NA,0,Group4
MB_SubtypeStudy_55704,M,LCA,0,Group3
MB_SubtypeStudy_55705,M,Classic,0,SHH
MB_SubtypeStudy_55706,F,Classic,0,Group4
MB_SubtypeStudy_55707,F,Classic,0,WNT
MB_SubtypeStudy_55708,M,Desmoplastic,0,Group4
MB_SubtypeStudy_55709,M,Classic,1,Group3
MB_SubtypeStudy_55710,M,Classic,1,SHH
MB_SubtypeStudy_55711,M,LCA,0,Group3
MB_SubtypeStudy_55712,F,Desmoplastic,0,SHH
MB_SubtypeStudy_55713,F,LCA,0,Group3
MB_SubtypeStudy_55714,M,Desmoplastic,1,Group4
MB_SubtypeStudy_55715,M,Classic,0,Group4
MB_SubtypeStudy_55716,M,Classic,1,Group4
MB_SubtypeStudy_55717,M,Classic,NA,WNT
MB_SubtypeStudy_55718,F,Classic,NA,Group4
MB_SubtypeStudy_55719,M,Classic,NA,SHH
MB_SubtypeStudy_55720,M,Classic,NA,Group4
MB_SubtypeStudy_55721,M,Desmoplastic,NA,SHH
MB_SubtypeStudy_55722,F,LCA,NA,SHH
MB_SubtypeStudy_55723,F,Desmoplastic,0,SHH
MB_SubtypeStudy_55724,NA,NA,1,Group4
MB_SubtypeStudy_55725,NA,NA,0,Group3
MB_SubtypeStudy_55726,M,Classic,NA,Group4
MB_SubtypeStudy_55727,M,LCA,NA,SHH
MB_SubtypeStudy_55728,F,Desmoplastic,NA,SHH
MB_SubtypeStudy_55729,M,Desmoplastic,NA,WNT
MB_SubtypeStudy_55730,F,LCA,NA,WNT
MB_SubtypeStudy_55731,F,NA,NA,WNT
MB_SubtypeStudy_55732,M,Desmoplastic,NA,Group4
MB_SubtypeStudy_55733,M,NA,NA,SHH
MB_SubtypeStudy_55734,M,NA,NA,SHH
MB_SubtypeStudy_55735,M,Desmoplastic,NA,SHH
MB_SubtypeStudy_55736,M,Desmoplastic,NA,SHH
MB_SubtypeStudy_55737,M,Desmoplastic,NA,SHH
MB_SubtypeStudy_55738,F,Desmoplastic,NA,SHH
MB_SubtypeStudy_55739,M,Desmoplastic,NA,SHH
MB_SubtypeStudy_55740,F,NA,NA,Group4
MB_SubtypeStudy_55741,M,NA,NA,Group3
MB_SubtypeStudy_55742,M,Desmoplastic,NA,WNT
MB_SubtypeStudy_55743,M,NA,0,Group4
MB_SubtypeStudy_55744,M,NA,1,Group3
MB_SubtypeStudy_55745,M,LCA,0,SHH
MB_SubtypeStudy_55746,M,Classic,0,Group3
MB_SubtypeStudy_55747,M,NA,NA,Group4
MB_SubtypeStudy_55748,M,NA,0,SHH
MB_SubtypeStudy_55749,F,LCA,NA,Group3
MB_SubtypeStudy_55750,M,NA,NA,Group3
MB_SubtypeStudy_55751,M,NA,0,Group3
MB_SubtypeStudy_55752,M,LCA,0,SHH
MB_SubtypeStudy_55753,M,Classic,0,Group4
MB_SubtypeStudy_55754,M,NA,0,WNT
MB_SubtypeStudy_55755,M,NA,0,Group4
MB_SubtypeStudy_55756,F,NA,NA,SHH
MB_SubtypeStudy_55757,M,NA,1,Group4
MB_SubtypeStudy_55758,M,NA,0,Group3
MB_SubtypeStudy_55759,M,NA,0,SHH
MB_SubtypeStudy_55760,F,NA,0,SHH
MB_SubtypeStudy_55761,F,Desmoplastic,NA,Group4
MB_SubtypeStudy_55762,M,LCA,0,Group4
MB_SubtypeStudy_55763,M,NA,0,Group4
