cancer,infiltrates,rho,p,adj.p
ACC (n=79),Myeloid dendritic cell activated_CIBERSORT,-0.151899541983506,0.199530976301148,0.251308001797015
ACC (n=79),Myeloid dendritic cell activated_CIBERSORT-ABS,-0.0813697424041624,0.493747812393844,0.566315934676513
ACC (n=79),Myeloid dendritic cell activated_XCELL,0.0834954317622801,0.482492001870543,0.555096772932752
ACC (n=79),Myeloid dendritic cell resting_CIBERSORT,0.0730820693904331,0.53891222846956,0.604188920932071
ACC (n=79),Myeloid dendritic cell resting_CIBERSORT-ABS,0.078392731303633,0.509739714671651,0.577995459941075
ACC (n=79),Myeloid dendritic cell_MCPCOUNTER,0.306533691325935,0.00834839764635371,0.0135618867887705
ACC (n=79),Myeloid dendritic cell_QUANTISEQ,-0.306737396070681,0.00830315530847385,0.0135618867887705
ACC (n=79),Myeloid dendritic cell_TIMER,0.266444781079161,0.0226924885834491,0.0348710828425203
ACC (n=79),Myeloid dendritic cell_XCELL,0.172879920567234,0.143568529187992,0.188581764411949
ACC (n=79),Plasmacytoid dendritic cell_XCELL,-0.0167851864533743,0.887911560363697,0.910795878929771
BLCA (n=408),Myeloid dendritic cell activated_CIBERSORT,0.0560465093564761,0.283565645108137,0.345134944198895
BLCA (n=408),Myeloid dendritic cell activated_CIBERSORT-ABS,0.0686573757600284,0.188796670153138,0.238570403324075
BLCA (n=408),Myeloid dendritic cell activated_XCELL,0.163126960345838,0.00169104671029361,0.00303169635449034
BLCA (n=408),Myeloid dendritic cell resting_CIBERSORT,-0.0729491556377253,0.162561635350924,0.210747657555921
BLCA (n=408),Myeloid dendritic cell resting_CIBERSORT-ABS,-0.0371555775431119,0.47733952923407,0.552270734404534
BLCA (n=408),Myeloid dendritic cell_MCPCOUNTER,0.233639317329343,5.91027624919188e-06,1.32151120627998e-05
BLCA (n=408),Myeloid dendritic cell_QUANTISEQ,0.0870653441874087,0.0953774959576795,0.131254990197002
BLCA (n=408),Myeloid dendritic cell_TIMER,-0.0283959710988933,0.587139800811769,0.650923790314998
BLCA (n=408),Myeloid dendritic cell_XCELL,0.220248609236525,2.01527958293266e-05,4.22148038951158e-05
BLCA (n=408),Plasmacytoid dendritic cell_XCELL,0.221875544309779,1.74309445272008e-05,3.71994935253382e-05
BRCA (n=1100),Myeloid dendritic cell activated_CIBERSORT,-0.0962619799122236,0.00238024168481991,0.00411885300242749
BRCA (n=1100),Myeloid dendritic cell activated_CIBERSORT-ABS,-0.0816504409816308,0.0100148004925649,0.0161372088908535
BRCA (n=1100),Myeloid dendritic cell activated_XCELL,0.763600706875428,1.15725687920015e-190,4.60588237921661e-188
BRCA (n=1100),Myeloid dendritic cell resting_CIBERSORT,0.238487795982859,2.54195669253898e-14,9.11440327595056e-14
BRCA (n=1100),Myeloid dendritic cell resting_CIBERSORT-ABS,0.351403901781739,2.9069154284955e-30,2.02974094831791e-29
BRCA (n=1100),Myeloid dendritic cell_MCPCOUNTER,0.693146708135591,3.25435956927835e-143,4.31745036190928e-141
BRCA (n=1100),Myeloid dendritic cell_QUANTISEQ,0.167578240162467,1.07042856821839e-07,2.6963960136134e-07
BRCA (n=1100),Myeloid dendritic cell_TIMER,0.481817519152534,6.55955702683302e-59,1.63168981042471e-57
BRCA (n=1100),Myeloid dendritic cell_XCELL,0.720352768297187,8.52571550305713e-160,1.69661738510837e-157
BRCA (n=1100),Plasmacytoid dendritic cell_XCELL,0.459413579149547,4.71342210454381e-53,8.93305713146875e-52
BRCA-Basal (n=191),Myeloid dendritic cell activated_CIBERSORT,-0.0519345490892463,0.496133829408471,0.567417425587849
BRCA-Basal (n=191),Myeloid dendritic cell activated_CIBERSORT-ABS,-0.0206006886897299,0.787305095475853,0.820281225129292
BRCA-Basal (n=191),Myeloid dendritic cell activated_XCELL,0.719767206268304,4.58228197591751e-29,3.03958037735862e-28
BRCA-Basal (n=191),Myeloid dendritic cell resting_CIBERSORT,0.142209237984615,0.0612242013512925,0.0867161286043218
BRCA-Basal (n=191),Myeloid dendritic cell resting_CIBERSORT-ABS,0.206992979267366,0.00613477729956854,0.0102160726578589
BRCA-Basal (n=191),Myeloid dendritic cell_MCPCOUNTER,0.594202975832456,5.47598745616567e-18,2.34348710489671e-17
BRCA-Basal (n=191),Myeloid dendritic cell_QUANTISEQ,0.110743286790968,0.14573747466758,0.190801035913476
BRCA-Basal (n=191),Myeloid dendritic cell_TIMER,0.248877438092688,0.000927909713132389,0.00171771193407763
BRCA-Basal (n=191),Myeloid dendritic cell_XCELL,0.549084683171257,4.33445027378731e-15,1.62746340468618e-14
BRCA-Basal (n=191),Plasmacytoid dendritic cell_XCELL,0.591133602013335,8.91461741242314e-18,3.73475550541517e-17
BRCA-Her2 (n=82),Myeloid dendritic cell activated_CIBERSORT,-0.14829112480298,0.213810167901427,0.267598889386062
BRCA-Her2 (n=82),Myeloid dendritic cell activated_CIBERSORT-ABS,-0.139148321784276,0.243723674999172,0.302186986447571
BRCA-Her2 (n=82),Myeloid dendritic cell activated_XCELL,0.756459310943772,1.53812040524869e-14,5.61625615861448e-14
BRCA-Her2 (n=82),Myeloid dendritic cell resting_CIBERSORT,0.369926556066033,0.00138256425025201,0.00251260534977306
BRCA-Her2 (n=82),Myeloid dendritic cell resting_CIBERSORT-ABS,0.423871635736738,0.000207035892557582,0.000405912735162155
BRCA-Her2 (n=82),Myeloid dendritic cell_MCPCOUNTER,0.836458029644291,5.877615187183e-20,2.75210687588098e-19
BRCA-Her2 (n=82),Myeloid dendritic cell_QUANTISEQ,0.15237844478663,0.201312214718651,0.25275161343225
BRCA-Her2 (n=82),Myeloid dendritic cell_TIMER,0.467604056419941,3.45195924863168e-05,7.04553733823287e-05
BRCA-Her2 (n=82),Myeloid dendritic cell_XCELL,0.780070662675484,6.71614902515796e-16,2.59517214758531e-15
BRCA-Her2 (n=82),Plasmacytoid dendritic cell_XCELL,0.677856070797561,6.13806028385363e-11,1.86484579616316e-10
BRCA-LumA (n=568),Myeloid dendritic cell activated_CIBERSORT,-0.189979695237404,1.36821369535976e-05,2.97567787296821e-05
BRCA-LumA (n=568),Myeloid dendritic cell activated_CIBERSORT-ABS,-0.181655327629552,3.25239404236926e-05,6.70700947597391e-05
BRCA-LumA (n=568),Myeloid dendritic cell activated_XCELL,0.748190635702522,8.19930046214538e-94,8.15830395983465e-92
BRCA-LumA (n=568),Myeloid dendritic cell resting_CIBERSORT,0.306533309803134,1.03923091792368e-12,3.44678254444689e-12
BRCA-LumA (n=568),Myeloid dendritic cell resting_CIBERSORT-ABS,0.41809812296534,2.71549267572018e-23,1.46049470937383e-22
BRCA-LumA (n=568),Myeloid dendritic cell_MCPCOUNTER,0.731582504211259,9.97110421544639e-88,6.61416579624611e-86
BRCA-LumA (n=568),Myeloid dendritic cell_QUANTISEQ,0.171527864854923,8.86278285720018e-05,0.00017815088773564
BRCA-LumA (n=568),Myeloid dendritic cell_TIMER,0.508173299055591,2.69306046151869e-35,2.14367612736887e-34
BRCA-LumA (n=568),Myeloid dendritic cell_XCELL,0.7096146396726,2.40581562626863e-80,1.06390513250546e-78
BRCA-LumA (n=568),Plasmacytoid dendritic cell_XCELL,0.275317599735,1.91008679295147e-10,5.67324286264691e-10
BRCA-LumB (n=219),Myeloid dendritic cell activated_CIBERSORT,-0.0386908220097127,0.594162003983778,0.656879104404289
BRCA-LumB (n=219),Myeloid dendritic cell activated_CIBERSORT-ABS,-0.0250101439755213,0.730589389020659,0.776225428210877
BRCA-LumB (n=219),Myeloid dendritic cell activated_XCELL,0.765882593954072,2.71534412160189e-38,2.34936295738598e-37
BRCA-LumB (n=219),Myeloid dendritic cell resting_CIBERSORT,0.21306670047435,0.00300517651177987,0.00513330580123771
BRCA-LumB (n=219),Myeloid dendritic cell resting_CIBERSORT-ABS,0.339032221394455,1.50684748785154e-06,3.54867041517701e-06
BRCA-LumB (n=219),Myeloid dendritic cell_MCPCOUNTER,0.71127068657383,6.60215691298339e-31,4.69224723458463e-30
BRCA-LumB (n=219),Myeloid dendritic cell_QUANTISEQ,0.124355381196328,0.0856974611347906,0.118841775371591
BRCA-LumB (n=219),Myeloid dendritic cell_TIMER,0.446995370605571,8.06615640022963e-11,2.43206836916015e-10
BRCA-LumB (n=219),Myeloid dendritic cell_XCELL,0.682003219026248,1.2863186984643e-27,7.64111704460884e-27
BRCA-LumB (n=219),Plasmacytoid dendritic cell_XCELL,0.480965826479847,1.65216221896319e-12,5.38984068153566e-12
CESC (n=306),Myeloid dendritic cell activated_CIBERSORT,-0.301309261761489,3.19800926985577e-07,7.8568375889049e-07
CESC (n=306),Myeloid dendritic cell activated_CIBERSORT-ABS,-0.151095346564165,0.0118081070764064,0.0187985064656389
CESC (n=306),Myeloid dendritic cell activated_XCELL,0.593582278303956,9.24255617926681e-28,5.57354145355787e-27
CESC (n=306),Myeloid dendritic cell resting_CIBERSORT,0.216282954080321,0.000287395806586616,0.000555259859327539
CESC (n=306),Myeloid dendritic cell resting_CIBERSORT-ABS,0.321623778038527,4.37926728105207e-08,1.12448282442498e-07
CESC (n=306),Myeloid dendritic cell_MCPCOUNTER,0.547362156849978,4.72772303271705e-23,2.50884502269518e-22
CESC (n=306),Myeloid dendritic cell_QUANTISEQ,-0.0988145276289202,0.100759329683522,0.136867621890927
CESC (n=306),Myeloid dendritic cell_TIMER,0.67723458045815,1.59558267511696e-38,1.44327705612852e-37
CESC (n=306),Myeloid dendritic cell_XCELL,0.484654679011281,1.00809493524724e-17,4.13630705390103e-17
CESC (n=306),Plasmacytoid dendritic cell_XCELL,0.601225769328797,1.29514094513502e-28,8.18200152640854e-28
CHOL (n=36),Myeloid dendritic cell activated_CIBERSORT,0.110924803374823,0.525839704729175,0.592873094850458
CHOL (n=36),Myeloid dendritic cell activated_CIBERSORT-ABS,0.134092636242392,0.442504886347952,0.516471978787345
CHOL (n=36),Myeloid dendritic cell activated_XCELL,0.79231715191446,1.41861405567732e-08,3.76405596106383e-08
CHOL (n=36),Myeloid dendritic cell resting_CIBERSORT,0.385190796727975,0.0223110068122988,0.0344177546949416
CHOL (n=36),Myeloid dendritic cell resting_CIBERSORT-ABS,0.439069612374968,0.00832130358607545,0.0135618867887705
CHOL (n=36),Myeloid dendritic cell_MCPCOUNTER,0.54353756079555,0.000739585424724257,0.00137549064972081
CHOL (n=36),Myeloid dendritic cell_QUANTISEQ,0.062053353868091,0.723247739189435,0.774284032207429
CHOL (n=36),Myeloid dendritic cell_TIMER,0.53126921473224,0.0010239141304673,0.00188665659224993
CHOL (n=36),Myeloid dendritic cell_XCELL,0.66124222956774,1.52957274239817e-05,3.2906483863485e-05
CHOL (n=36),Plasmacytoid dendritic cell_XCELL,0.467321439741785,0.00464831337983134,0.00780602837625685
COAD (n=458),Myeloid dendritic cell activated_CIBERSORT,-0.0251396217693097,0.678097886729146,0.733377605755978
COAD (n=458),Myeloid dendritic cell activated_CIBERSORT-ABS,0.00734785879940285,0.903455746332968,0.924358321440929
COAD (n=458),Myeloid dendritic cell activated_XCELL,0.816246067113428,5.20593725486175e-67,1.65650414190532e-65
COAD (n=458),Myeloid dendritic cell resting_CIBERSORT,0.0517846096920185,0.392322493659814,0.468901959389207
COAD (n=458),Myeloid dendritic cell resting_CIBERSORT-ABS,0.135869165448581,0.0242382671126554,0.0369610356737044
COAD (n=458),Myeloid dendritic cell_MCPCOUNTER,0.745279251771366,5.65235319276347e-50,9.78102856834722e-49
COAD (n=458),Myeloid dendritic cell_QUANTISEQ,0.0491684198581562,0.416709377670955,0.493602179503095
COAD (n=458),Myeloid dendritic cell_TIMER,0.703023335793483,2.64910372933838e-42,2.84957644399102e-41
COAD (n=458),Myeloid dendritic cell_XCELL,0.737007147644673,2.34389838680693e-48,3.33168413553271e-47
COAD (n=458),Plasmacytoid dendritic cell_XCELL,0.31283529516773,1.17257228424382e-07,2.93511804483673e-07
DLBC (n=48),Myeloid dendritic cell activated_CIBERSORT,-0.0547028646530399,0.73408882505635,0.777040830777732
DLBC (n=48),Myeloid dendritic cell activated_CIBERSORT-ABS,-0.052183323994009,0.745919941521895,0.785386605094482
DLBC (n=48),Myeloid dendritic cell activated_XCELL,0.0180359993209974,0.91088345097876,0.929568239716786
DLBC (n=48),Myeloid dendritic cell resting_CIBERSORT,0.112798506402725,0.482571566418925,0.555096772932752
DLBC (n=48),Myeloid dendritic cell resting_CIBERSORT-ABS,0.124485384144506,0.438062840317073,0.512791207194692
DLBC (n=48),Myeloid dendritic cell_MCPCOUNTER,0.345104686447262,0.0271194445600642,0.0408846171776726
DLBC (n=48),Myeloid dendritic cell_QUANTISEQ,0.0604057986594711,0.707536076933323,0.763141893277677
DLBC (n=48),Myeloid dendritic cell_TIMER,0.489731909615781,0.00115461294408742,0.00211767719698982
DLBC (n=48),Myeloid dendritic cell_XCELL,-0.124536615693807,0.437872866978729,0.512791207194692
DLBC (n=48),Plasmacytoid dendritic cell_XCELL,0.331729555965121,0.0341052214575604,0.0508384949067755
ESCA (n=185),Myeloid dendritic cell activated_CIBERSORT,-0.166561036348897,0.0254359752910172,0.0386393823123086
ESCA (n=185),Myeloid dendritic cell activated_CIBERSORT-ABS,0.0606444403439744,0.418683767289494,0.494469256324091
ESCA (n=185),Myeloid dendritic cell activated_XCELL,0.60530986678275,2.24704907040431e-19,9.8277530771529e-19
ESCA (n=185),Myeloid dendritic cell resting_CIBERSORT,0.0499462538093137,0.505509122666604,0.574836088060882
ESCA (n=185),Myeloid dendritic cell resting_CIBERSORT-ABS,0.110659431102511,0.139179181095328,0.183421569787883
ESCA (n=185),Myeloid dendritic cell_MCPCOUNTER,0.584698319478413,6.82771920072838e-18,2.89088536371265e-17
ESCA (n=185),Myeloid dendritic cell_QUANTISEQ,-0.124488402889108,0.0959058219445842,0.131254990197002
ESCA (n=185),Myeloid dendritic cell_TIMER,0.425551148341456,2.59839462780706e-09,7.08329494429596e-09
ESCA (n=185),Myeloid dendritic cell_XCELL,0.430015535479133,1.6971256267782e-09,4.65831723763948e-09
ESCA (n=185),Plasmacytoid dendritic cell_XCELL,0.442556329531121,4.95969626003011e-10,1.40997079392285e-09
GBM (n=153),Myeloid dendritic cell activated_CIBERSORT,0.0418911006366279,0.626936273946816,0.685496255579211
GBM (n=153),Myeloid dendritic cell activated_CIBERSORT-ABS,0.05162728695037,0.549076290073338,0.613854953508957
GBM (n=153),Myeloid dendritic cell activated_XCELL,0.260626573896655,0.00209835744484496,0.00369533744711634
GBM (n=153),Myeloid dendritic cell resting_CIBERSORT,0.141807337789664,0.0983372783772742,0.13403505751423
GBM (n=153),Myeloid dendritic cell resting_CIBERSORT-ABS,0.145082934389776,0.0907308866507023,0.125385044746457
GBM (n=153),Myeloid dendritic cell_MCPCOUNTER,0.463940639305714,1.13064506322366e-08,3.02011231653031e-08
GBM (n=153),Myeloid dendritic cell_QUANTISEQ,-0.0239980274298112,0.780739002209994,0.819405581700126
GBM (n=153),Myeloid dendritic cell_TIMER,0.384036647335119,3.6081695581215e-06,8.25316944903654e-06
GBM (n=153),Myeloid dendritic cell_XCELL,0.266166046613247,0.00166792624704628,0.003003776680201
GBM (n=153),Plasmacytoid dendritic cell_XCELL,0.230740034507998,0.00667367881625078,0.0110671840369492
HNSC (n=522),Myeloid dendritic cell activated_CIBERSORT,-0.2201142421134,8.19985739080761e-07,1.9899653911838e-06
HNSC (n=522),Myeloid dendritic cell activated_CIBERSORT-ABS,-0.0440736600957174,0.329268407012996,0.395917903296593
HNSC (n=522),Myeloid dendritic cell activated_XCELL,0.73565210939225,6.17507952063233e-85,3.5109737845881e-83
HNSC (n=522),Myeloid dendritic cell resting_CIBERSORT,0.0248645878169386,0.58217847301428,0.647226347094088
HNSC (n=522),Myeloid dendritic cell resting_CIBERSORT-ABS,0.235774345520352,1.21515616333563e-07,3.02270095629739e-07
HNSC (n=522),Myeloid dendritic cell_MCPCOUNTER,0.641454919698569,2.20048807175255e-58,5.15173089739715e-57
HNSC (n=522),Myeloid dendritic cell_QUANTISEQ,0.0751365516836252,0.0959678445912756,0.131254990197002
HNSC (n=522),Myeloid dendritic cell_TIMER,0.269646169422465,1.21099046260957e-09,3.37044897985041e-09
HNSC (n=522),Myeloid dendritic cell_XCELL,0.585657800562352,1.23485918847647e-46,1.69473778280564e-45
HNSC (n=522),Plasmacytoid dendritic cell_XCELL,0.632059554113795,3.09286530709413e-56,6.83866884568591e-55
HNSC-HPV- (n=422),Myeloid dendritic cell activated_CIBERSORT,-0.18934725989148,0.000139185518993923,0.000274236814651392
HNSC-HPV- (n=422),Myeloid dendritic cell activated_CIBERSORT-ABS,-0.0179887285991273,0.719836226554325,0.774284032207429
HNSC-HPV- (n=422),Myeloid dendritic cell activated_XCELL,0.714587122631629,9.63002331534525e-64,2.73767805679101e-62
HNSC-HPV- (n=422),Myeloid dendritic cell resting_CIBERSORT,0.0311107778420675,0.534982277605636,0.601477249963399
HNSC-HPV- (n=422),Myeloid dendritic cell resting_CIBERSORT-ABS,0.227764047384931,4.19164972815319e-06,9.5330090960284e-06
HNSC-HPV- (n=422),Myeloid dendritic cell_MCPCOUNTER,0.617884048089673,1.76379310292045e-43,1.94997126378427e-42
HNSC-HPV- (n=422),Myeloid dendritic cell_QUANTISEQ,0.0799287362941997,0.110460545101909,0.148152146644321
HNSC-HPV- (n=422),Myeloid dendritic cell_TIMER,0.354102970773721,2.92756659136508e-13,1.00445819255457e-12
HNSC-HPV- (n=422),Myeloid dendritic cell_XCELL,0.60057836160309,1.43631564783797e-40,1.46577853292183e-39
HNSC-HPV- (n=422),Plasmacytoid dendritic cell_XCELL,0.588693243092525,1.13706575458493e-38,1.0524469077321e-37
HNSC-HPV+ (n=98),Myeloid dendritic cell activated_CIBERSORT,-0.326649902781206,0.00178277486645177,0.00318181343877939
HNSC-HPV+ (n=98),Myeloid dendritic cell activated_CIBERSORT-ABS,-0.165990939905623,0.120035584406691,0.1603159818586
HNSC-HPV+ (n=98),Myeloid dendritic cell activated_XCELL,0.750291587951103,2.60397499877647e-17,1.05753270358473e-16
HNSC-HPV+ (n=98),Myeloid dendritic cell resting_CIBERSORT,0.0205957078241745,0.848076620830319,0.878996080964757
HNSC-HPV+ (n=98),Myeloid dendritic cell resting_CIBERSORT-ABS,0.229585930823969,0.0304421530997786,0.0457206676743845
HNSC-HPV+ (n=98),Myeloid dendritic cell_MCPCOUNTER,0.64874107719521,6.2130472861116e-12,1.97823425589793e-11
HNSC-HPV+ (n=98),Myeloid dendritic cell_QUANTISEQ,0.0115488050111745,0.914460090014451,0.930831498275579
HNSC-HPV+ (n=98),Myeloid dendritic cell_TIMER,0.197666734460414,0.0633412926202751,0.0893965761094662
HNSC-HPV+ (n=98),Myeloid dendritic cell_XCELL,0.377876082026298,0.000261402086563662,0.000509990345354595
HNSC-HPV+ (n=98),Plasmacytoid dendritic cell_XCELL,0.716523746347318,2.90358184617649e-15,1.10894937072503e-14
KICH (n=66),Myeloid dendritic cell activated_CIBERSORT,-0.0930599387019567,0.460929178779046,0.536402962438773
KICH (n=66),Myeloid dendritic cell activated_CIBERSORT-ABS,0.000924330937667346,0.994169433746907,0.996614922913839
KICH (n=66),Myeloid dendritic cell activated_XCELL,0.682196114806199,3.91195267678844e-10,1.13646508420569e-09
KICH (n=66),Myeloid dendritic cell resting_CIBERSORT,0.105045390620922,0.404970027287942,0.481647393745755
KICH (n=66),Myeloid dendritic cell resting_CIBERSORT-ABS,0.104948309703241,0.405406725891527,0.481647393745755
KICH (n=66),Myeloid dendritic cell_MCPCOUNTER,0.522797025326586,7.91241486058027e-06,1.74952284139497e-05
KICH (n=66),Myeloid dendritic cell_QUANTISEQ,0.00338320377304383,0.978661463097912,0.983604197760023
KICH (n=66),Myeloid dendritic cell_TIMER,0.627832066415588,2.17241547575293e-08,5.72596926721632e-08
KICH (n=66),Myeloid dendritic cell_XCELL,0.563503439690322,1.02281935926639e-06,2.43761739513787e-06
KICH (n=66),Plasmacytoid dendritic cell_XCELL,0.143592236588737,0.253811528794551,0.313717355466556
KIRC (n=533),Myeloid dendritic cell activated_CIBERSORT,-0.239716368377717,1.89761527499623e-07,4.69099925123293e-07
KIRC (n=533),Myeloid dendritic cell activated_CIBERSORT-ABS,-0.233305680893452,4.06773631620179e-07,9.93226413403873e-07
KIRC (n=533),Myeloid dendritic cell activated_XCELL,0.639614448730219,2.11285089184466e-54,4.20457327477087e-53
KIRC (n=533),Myeloid dendritic cell resting_CIBERSORT,0.285715051604149,4.14063818602012e-10,1.19418405654783e-09
KIRC (n=533),Myeloid dendritic cell resting_CIBERSORT-ABS,0.303419103989889,2.84238189969215e-11,8.83803121935528e-11
KIRC (n=533),Myeloid dendritic cell_MCPCOUNTER,0.445889934247557,6.6708282720697e-24,3.73942204547006e-23
KIRC (n=533),Myeloid dendritic cell_QUANTISEQ,0.0339778700093485,0.466757232407477,0.541601686583603
KIRC (n=533),Myeloid dendritic cell_TIMER,0.588155604710041,3.06025129160295e-44,3.49421253452578e-43
KIRC (n=533),Myeloid dendritic cell_XCELL,0.485230339606916,1.32951165597798e-28,8.26790061061309e-28
KIRC (n=533),Plasmacytoid dendritic cell_XCELL,0.378613956940456,3.67872751179552e-17,1.47892277746931e-16
KIRP (n=290),Myeloid dendritic cell activated_CIBERSORT,-0.0326808146254792,0.601306756085934,0.662936534410531
KIRP (n=290),Myeloid dendritic cell activated_CIBERSORT-ABS,-0.0204190442158492,0.744106716748065,0.785386605094482
KIRP (n=290),Myeloid dendritic cell activated_XCELL,0.617118223230049,1.80119276339834e-28,1.10288418435775e-27
KIRP (n=290),Myeloid dendritic cell resting_CIBERSORT,0.124408188400058,0.0458958001080374,0.0661830740688365
KIRP (n=290),Myeloid dendritic cell resting_CIBERSORT-ABS,0.137619271197457,0.0270853118172855,0.0408846171776726
KIRP (n=290),Myeloid dendritic cell_MCPCOUNTER,0.693351729755766,2.65624166716358e-38,2.34929818562468e-37
KIRP (n=290),Myeloid dendritic cell_QUANTISEQ,0.113148171483917,0.0696108221104255,0.0978979053001744
KIRP (n=290),Myeloid dendritic cell_TIMER,0.63117553707076,4.44378612408759e-30,3.04935668514976e-29
KIRP (n=290),Myeloid dendritic cell_XCELL,0.55878966998181,1.37392718971114e-22,7.01055155775685e-22
KIRP (n=290),Plasmacytoid dendritic cell_XCELL,0.25834741030161,2.65666981195649e-05,5.53588788041195e-05
LGG (n=516),Myeloid dendritic cell activated_CIBERSORT,-0.00232420025494441,0.959579313751265,0.970785502352625
LGG (n=516),Myeloid dendritic cell activated_CIBERSORT-ABS,0.00836451139011522,0.85526924717116,0.884148468504212
LGG (n=516),Myeloid dendritic cell activated_XCELL,0.538684179919402,2.52676342704365e-37,2.13968477439016e-36
LGG (n=516),Myeloid dendritic cell resting_CIBERSORT,0.0696784731908084,0.128195608126232,0.170641645599466
LGG (n=516),Myeloid dendritic cell resting_CIBERSORT-ABS,0.079917836082011,0.0809016033523862,0.112583350119754
LGG (n=516),Myeloid dendritic cell_MCPCOUNTER,0.51623899736362,6.49290711459289e-34,5.06701378746661e-33
LGG (n=516),Myeloid dendritic cell_QUANTISEQ,0.323913760625183,3.87393317039351e-13,1.31779948873215e-12
LGG (n=516),Myeloid dendritic cell_TIMER,0.479943386435735,6.56321340620039e-29,4.21315957365767e-28
LGG (n=516),Myeloid dendritic cell_XCELL,0.0965516943337331,0.0348294446915519,0.0516827659249932
LGG (n=516),Plasmacytoid dendritic cell_XCELL,0.163609306182202,0.000328287211140534,0.000631199565381317
LIHC (n=371),Myeloid dendritic cell activated_CIBERSORT,-0.0573892141637152,0.287797822944945,0.349218090036855
LIHC (n=371),Myeloid dendritic cell activated_CIBERSORT-ABS,-0.0563736478672661,0.296427837858987,0.358596594127285
LIHC (n=371),Myeloid dendritic cell activated_XCELL,0.560907181831269,5.55859641330097e-30,3.74969724151489e-29
LIHC (n=371),Myeloid dendritic cell resting_CIBERSORT,0.208798325289537,9.33203493166361e-05,0.000186640698633272
LIHC (n=371),Myeloid dendritic cell resting_CIBERSORT-ABS,0.292434062787772,3.14021810652274e-08,8.22241319997403e-08
LIHC (n=371),Myeloid dendritic cell_MCPCOUNTER,0.667885728594954,6.45738703373642e-46,8.29045174008741e-45
LIHC (n=371),Myeloid dendritic cell_QUANTISEQ,0.0818874020684896,0.129009018083625,0.171151963990942
LIHC (n=371),Myeloid dendritic cell_TIMER,0.570930158573609,3.12092102137023e-31,2.25841193910064e-30
LIHC (n=371),Myeloid dendritic cell_XCELL,0.526171934331249,5.84222450922266e-26,3.32172193524374e-25
LIHC (n=371),Plasmacytoid dendritic cell_XCELL,0.133653975816947,0.0129675232134456,0.0205620487607623
LUAD (n=515),Myeloid dendritic cell activated_CIBERSORT,-0.269212552589543,1.24123341589705e-09,3.43063124671546e-09
LUAD (n=515),Myeloid dendritic cell activated_CIBERSORT-ABS,-0.202549864249151,5.81544214271475e-06,1.30765309197767e-05
LUAD (n=515),Myeloid dendritic cell activated_XCELL,0.580308159544944,1.02648628588531e-45,1.27669231806986e-44
LUAD (n=515),Myeloid dendritic cell resting_CIBERSORT,0.110305709591316,0.0142678242617681,0.0225341033975543
LUAD (n=515),Myeloid dendritic cell resting_CIBERSORT-ABS,0.200055339523042,7.60543274969172e-06,1.69104035440073e-05
LUAD (n=515),Myeloid dendritic cell_MCPCOUNTER,0.366752410017069,3.84125724042349e-17,1.52882038168855e-16
LUAD (n=515),Myeloid dendritic cell_QUANTISEQ,-0.0608235028809156,0.177555056075586,0.227224798450428
LUAD (n=515),Myeloid dendritic cell_TIMER,0.322149729153981,2.28327330294096e-13,7.97142784710967e-13
LUAD (n=515),Myeloid dendritic cell_XCELL,0.397646171814862,3.98767178400349e-20,1.88939686908737e-19
LUAD (n=515),Plasmacytoid dendritic cell_XCELL,0.54179466455257,5.90239884222076e-39,5.59322556953301e-38
LUSC (n=501),Myeloid dendritic cell activated_CIBERSORT,-0.241736199254317,9.03056890911623e-08,2.3039528370694e-07
LUSC (n=501),Myeloid dendritic cell activated_CIBERSORT-ABS,-0.159102490276595,0.000486691281106457,0.00092239585657319
LUSC (n=501),Myeloid dendritic cell activated_XCELL,0.761560862862097,1.61756535239749e-91,1.2875820205084e-89
LUSC (n=501),Myeloid dendritic cell resting_CIBERSORT,0.0815676026628012,0.0751159218950525,0.104898726014845
LUSC (n=501),Myeloid dendritic cell resting_CIBERSORT-ABS,0.186478010525892,4.1663346178016e-05,8.46021009125018e-05
LUSC (n=501),Myeloid dendritic cell_MCPCOUNTER,0.607499707612881,1.88847570975476e-49,3.00645332992958e-48
LUSC (n=501),Myeloid dendritic cell_QUANTISEQ,0.00797587416213588,0.862068664009483,0.888868726103042
LUSC (n=501),Myeloid dendritic cell_TIMER,0.398653982395658,1.27739052657793e-19,5.83812893320752e-19
LUSC (n=501),Myeloid dendritic cell_XCELL,0.567288570053472,5.65788743722642e-42,5.92589263162136e-41
LUSC (n=501),Plasmacytoid dendritic cell_XCELL,0.705769379428136,4.05725626770443e-73,1.46798908595124e-71
MESO (n=87),Myeloid dendritic cell activated_CIBERSORT,-0.0302251076456552,0.783624726735615,0.819405581700126
MESO (n=87),Myeloid dendritic cell activated_CIBERSORT-ABS,-0.0241410362496528,0.826411801913526,0.858777799377503
MESO (n=87),Myeloid dendritic cell activated_XCELL,0.496245002236948,1.36664403576791e-06,3.2376447990216e-06
MESO (n=87),Myeloid dendritic cell resting_CIBERSORT,0.104478458015957,0.341305356819231,0.409155216909801
MESO (n=87),Myeloid dendritic cell resting_CIBERSORT-ABS,0.12259535576696,0.263669279171554,0.324892796007054
MESO (n=87),Myeloid dendritic cell_MCPCOUNTER,0.446683449491675,1.82579900449924e-05,3.84480425286082e-05
MESO (n=87),Myeloid dendritic cell_QUANTISEQ,-0.119526790929999,0.275899143471014,0.337870335696811
MESO (n=87),Myeloid dendritic cell_TIMER,0.484868916025554,2.56928409526501e-06,5.97997116909634e-06
MESO (n=87),Myeloid dendritic cell_XCELL,0.385404406492005,0.00027008825506574,0.000524366465932511
MESO (n=87),Plasmacytoid dendritic cell_XCELL,0.447366241425338,1.76646133695979e-05,3.73963623462765e-05
OV (n=303),Myeloid dendritic cell activated_CIBERSORT,-0.133356015408332,0.0354538249208515,0.0518772879356576
OV (n=303),Myeloid dendritic cell activated_CIBERSORT-ABS,-0.0897777446970497,0.157833891989821,0.205287218993297
OV (n=303),Myeloid dendritic cell activated_XCELL,0.682164191748372,1.93230561539886e-35,1.5695053774056e-34
OV (n=303),Myeloid dendritic cell resting_CIBERSORT,0.103098761227652,0.104586657051544,0.141583297641206
OV (n=303),Myeloid dendritic cell resting_CIBERSORT-ABS,0.113789551001517,0.0730753249639484,0.102408377942435
OV (n=303),Myeloid dendritic cell_MCPCOUNTER,0.472620403916891,2.92562019914894e-15,1.10894937072503e-14
OV (n=303),Myeloid dendritic cell_QUANTISEQ,-0.123305620059551,0.0519724495103185,0.0744066003780818
OV (n=303),Myeloid dendritic cell_TIMER,0.384149379004248,3.52699679238212e-10,1.03216523777065e-09
OV (n=303),Myeloid dendritic cell_XCELL,0.554549065734747,1.76726216969719e-21,8.57768711633514e-21
OV (n=303),Plasmacytoid dendritic cell_XCELL,0.515486655254077,2.64050200742566e-18,1.14230412929936e-17
PAAD (n=179),Myeloid dendritic cell activated_CIBERSORT,0.0395064673191005,0.607933644781557,0.668023152988975
PAAD (n=179),Myeloid dendritic cell activated_CIBERSORT-ABS,0.104838417434044,0.172363552760574,0.222008718442423
PAAD (n=179),Myeloid dendritic cell activated_XCELL,0.662109966250371,6.17301818244276e-23,3.23271215343713e-22
PAAD (n=179),Myeloid dendritic cell resting_CIBERSORT,0.193478954481126,0.011228264866904,0.0179471864137662
PAAD (n=179),Myeloid dendritic cell resting_CIBERSORT-ABS,0.314152736327219,2.85942736806356e-05,5.92735464838175e-05
PAAD (n=179),Myeloid dendritic cell_MCPCOUNTER,0.837142889302388,3.81261903204952e-46,5.05807458251903e-45
PAAD (n=179),Myeloid dendritic cell_QUANTISEQ,-0.00376420566134583,0.961028864138026,0.970785502352625
PAAD (n=179),Myeloid dendritic cell_TIMER,0.670628159211735,1.0855941038833e-23,6.00092296313269e-23
PAAD (n=179),Myeloid dendritic cell_XCELL,0.66120777044825,7.39614391847325e-23,3.82294192149656e-22
PAAD (n=179),Plasmacytoid dendritic cell_XCELL,0.182658203584129,0.0167934389617272,0.0262109361049702
PCPG (n=181),Myeloid dendritic cell activated_CIBERSORT,-0.0766980591598691,0.324543091797152,0.391418637985656
PCPG (n=181),Myeloid dendritic cell activated_CIBERSORT-ABS,-0.000330785023461567,0.996614922913839,0.996614922913839
PCPG (n=181),Myeloid dendritic cell activated_XCELL,0.62408586662521,2.05761932952487e-19,9.09924992389886e-19
PCPG (n=181),Myeloid dendritic cell resting_CIBERSORT,0.10228761551432,0.188384954417074,0.238570403324075
PCPG (n=181),Myeloid dendritic cell resting_CIBERSORT-ABS,0.102234549601534,0.188615498285139,0.238570403324075
PCPG (n=181),Myeloid dendritic cell_MCPCOUNTER,0.450828766712195,9.72951029257935e-10,2.72700358904689e-09
PCPG (n=181),Myeloid dendritic cell_QUANTISEQ,0.0853514290761247,0.272771821433787,0.335071558427923
PCPG (n=181),Myeloid dendritic cell_TIMER,0.334883290379064,9.70933239183481e-06,2.13498027179572e-05
PCPG (n=181),Myeloid dendritic cell_XCELL,0.629639917566876,7.91825763908514e-20,3.66449597715801e-19
PCPG (n=181),Plasmacytoid dendritic cell_XCELL,0.0332616676191645,0.66957955194954,0.72613804271367
PRAD (n=498),Myeloid dendritic cell activated_CIBERSORT,0.0529865280856473,0.280934211876196,0.342981031677074
PRAD (n=498),Myeloid dendritic cell activated_CIBERSORT-ABS,0.0795708897228059,0.105098894509145,0.141794440727593
PRAD (n=498),Myeloid dendritic cell activated_XCELL,0.646245612244423,1.50315789695242e-50,2.71934928630484e-49
PRAD (n=498),Myeloid dendritic cell resting_CIBERSORT,0.226751298031624,2.9840790315942e-06,6.90502008473541e-06
PRAD (n=498),Myeloid dendritic cell resting_CIBERSORT-ABS,0.30415140142501,2.36505093188906e-10,6.97252052512479e-10
PRAD (n=498),Myeloid dendritic cell_MCPCOUNTER,0.774901845639693,1.67231474190614e-84,8.31976584098304e-83
PRAD (n=498),Myeloid dendritic cell_QUANTISEQ,0.149143103436197,0.00228951050547976,0.00397914926279889
PRAD (n=498),Myeloid dendritic cell_TIMER,0.614727172323237,1.3594795172718e-44,1.63961469052781e-43
PRAD (n=498),Myeloid dendritic cell_XCELL,0.636376727607384,1.30821912882033e-48,1.92841190100182e-47
PRAD (n=498),Plasmacytoid dendritic cell_XCELL,0.150998146901458,0.00201353668859053,0.00356172267581792
READ (n=166),Myeloid dendritic cell activated_CIBERSORT,-0.319885077002759,0.00211591466168119,0.0037098415654146
READ (n=166),Myeloid dendritic cell activated_CIBERSORT-ABS,-0.267466063543702,0.0108171953922427,0.0173598538956154
READ (n=166),Myeloid dendritic cell activated_XCELL,0.728468458871339,4.04651190326371e-16,1.57893307597937e-15
READ (n=166),Myeloid dendritic cell resting_CIBERSORT,0.150586404944721,0.156567372308037,0.204307587470815
READ (n=166),Myeloid dendritic cell resting_CIBERSORT-ABS,0.207690666410364,0.0494999865906907,0.071122724415505
READ (n=166),Myeloid dendritic cell_MCPCOUNTER,0.69818624056222,2.02968417169395e-14,7.34376636667446e-14
READ (n=166),Myeloid dendritic cell_QUANTISEQ,0.0375014499607408,0.725648100536108,0.774284032207429
READ (n=166),Myeloid dendritic cell_TIMER,0.599205758750381,4.39533912406208e-10,1.25852156214152e-09
READ (n=166),Myeloid dendritic cell_XCELL,0.693651724169994,3.49948376651563e-14,1.24356655274395e-13
READ (n=166),Plasmacytoid dendritic cell_XCELL,0.145346568211497,0.171664591966261,0.221826323384974
SARC (n=260),Myeloid dendritic cell activated_CIBERSORT,-0.102411359105602,0.110555747621516,0.148152146644321
SARC (n=260),Myeloid dendritic cell activated_CIBERSORT-ABS,-0.0869174175678571,0.175964906458073,0.225916234742945
SARC (n=260),Myeloid dendritic cell activated_XCELL,0.674727184674629,9.06908553188502e-34,6.94133854171199e-33
SARC (n=260),Myeloid dendritic cell resting_CIBERSORT,0.170485513053943,0.0076086263628086,0.0125133607123877
SARC (n=260),Myeloid dendritic cell resting_CIBERSORT-ABS,0.189760342826972,0.0029201840825785,0.00500962614166485
SARC (n=260),Myeloid dendritic cell_MCPCOUNTER,0.559712119197723,1.61556022496838e-21,7.9381848091039e-21
SARC (n=260),Myeloid dendritic cell_QUANTISEQ,0.0226307331086667,0.725038402315964,0.774284032207429
SARC (n=260),Myeloid dendritic cell_TIMER,0.429226372750677,2.33721052877851e-12,7.56268122320199e-12
SARC (n=260),Myeloid dendritic cell_XCELL,0.473386637664989,4.95734041204759e-15,1.84394531214481e-14
SARC (n=260),Plasmacytoid dendritic cell_XCELL,0.420844441522095,6.82187058890283e-12,2.15484483681217e-11
SKCM (n=471),Myeloid dendritic cell activated_CIBERSORT,-0.163622191190395,0.000444815322840171,0.000847064586078412
SKCM (n=471),Myeloid dendritic cell activated_CIBERSORT-ABS,-0.162113873272943,0.000503010026432156,0.000948805642274872
SKCM (n=471),Myeloid dendritic cell activated_XCELL,0.66969742186068,8.87609873320952e-61,2.35512486387826e-59
SKCM (n=471),Myeloid dendritic cell resting_CIBERSORT,0.057237219884198,0.221994274039004,0.276970912437378
SKCM (n=471),Myeloid dendritic cell resting_CIBERSORT-ABS,0.141228747599715,0.00247781252565255,0.00426913153770439
SKCM (n=471),Myeloid dendritic cell_MCPCOUNTER,0.590215551791986,3.07279996754779e-44,3.49421253452578e-43
SKCM (n=471),Myeloid dendritic cell_QUANTISEQ,-0.0261423499524767,0.577237532981675,0.643530919122427
SKCM (n=471),Myeloid dendritic cell_TIMER,0.432817541338899,2.73983060051615e-22,1.36306572375678e-21
SKCM (n=471),Myeloid dendritic cell_XCELL,0.412576162249677,3.2874443544788e-20,1.57638897961755e-19
SKCM (n=471),Plasmacytoid dendritic cell_XCELL,0.618603925211366,1.32537001204206e-49,2.19790526996975e-48
SKCM-Metastasis (n=368),Myeloid dendritic cell activated_CIBERSORT,-0.0272562878445682,0.609277398329141,0.668023152988975
SKCM-Metastasis (n=368),Myeloid dendritic cell activated_CIBERSORT-ABS,-0.0256393979313461,0.630676230446701,0.687696273199417
SKCM-Metastasis (n=368),Myeloid dendritic cell activated_XCELL,0.626418126169984,5.57679750433381e-40,5.54891351681214e-39
SKCM-Metastasis (n=368),Myeloid dendritic cell resting_CIBERSORT,0.123389804014606,0.0202202828146945,0.0313139010126397
SKCM-Metastasis (n=368),Myeloid dendritic cell resting_CIBERSORT-ABS,0.183430234972499,0.000523397395996501,0.000977991378434776
SKCM-Metastasis (n=368),Myeloid dendritic cell_MCPCOUNTER,0.565294277822105,2.78477250974428e-31,2.05248047940412e-30
SKCM-Metastasis (n=368),Myeloid dendritic cell_QUANTISEQ,-0.0348923756024518,0.512871199021564,0.579894139802792
SKCM-Metastasis (n=368),Myeloid dendritic cell_TIMER,0.418619744867579,1.88092285732924e-16,7.41195343779244e-16
SKCM-Metastasis (n=368),Myeloid dendritic cell_XCELL,0.456401994429733,1.29084257819664e-19,5.83812893320752e-19
SKCM-Metastasis (n=368),Plasmacytoid dendritic cell_XCELL,0.606570167845013,6.0032438946916e-37,4.97768972934845e-36
SKCM-Primary (n=103),Myeloid dendritic cell activated_CIBERSORT,-0.21266094105555,0.0318801428823217,0.0477003641622709
SKCM-Primary (n=103),Myeloid dendritic cell activated_CIBERSORT-ABS,-0.207562059314806,0.0363230031003732,0.0527611504888633
SKCM-Primary (n=103),Myeloid dendritic cell activated_XCELL,0.643971559263916,2.85179821526062e-13,9.86970164933677e-13
SKCM-Primary (n=103),Myeloid dendritic cell resting_CIBERSORT,0.131167247198085,0.188818284037899,0.238570403324075
SKCM-Primary (n=103),Myeloid dendritic cell resting_CIBERSORT-ABS,0.230542268873915,0.0197448068890912,0.030697004460384
SKCM-Primary (n=103),Myeloid dendritic cell_MCPCOUNTER,0.455213380272172,1.53208973800645e-06,3.58689244545039e-06
SKCM-Primary (n=103),Myeloid dendritic cell_QUANTISEQ,-0.0674421178721075,0.500626215736751,0.570914710209819
SKCM-Primary (n=103),Myeloid dendritic cell_TIMER,0.376963717638594,9.41019150469875e-05,0.000187262810943505
SKCM-Primary (n=103),Myeloid dendritic cell_XCELL,0.256570841662764,0.00924038618300327,0.0149498930928264
SKCM-Primary (n=103),Plasmacytoid dendritic cell_XCELL,0.615732054167614,5.68747442374886e-12,1.82549582310649e-11
STAD (n=415),Myeloid dendritic cell activated_CIBERSORT,-0.158849030485381,0.00192241341446679,0.00341571669177581
STAD (n=415),Myeloid dendritic cell activated_CIBERSORT-ABS,-0.0764563936810149,0.137356919458251,0.181621441675694
STAD (n=415),Myeloid dendritic cell activated_XCELL,0.740283219312753,5.41069192079626e-67,1.65650414190532e-65
STAD (n=415),Myeloid dendritic cell resting_CIBERSORT,0.279361400785077,3.18180383681161e-08,8.27684919641191e-08
STAD (n=415),Myeloid dendritic cell resting_CIBERSORT-ABS,0.359503073947695,5.26021446939917e-13,1.77420793120413e-12
STAD (n=415),Myeloid dendritic cell_MCPCOUNTER,0.68915183953351,1.08345698332451e-54,2.26955725980608e-53
STAD (n=415),Myeloid dendritic cell_QUANTISEQ,-0.0176915084802348,0.731368179846932,0.776225428210877
STAD (n=415),Myeloid dendritic cell_TIMER,0.773714375536998,9.80727720197451e-77,3.90329632638585e-75
STAD (n=415),Myeloid dendritic cell_XCELL,0.660056739099996,9.03054876564234e-49,1.38236861874064e-47
STAD (n=415),Plasmacytoid dendritic cell_XCELL,0.551847990355077,1.37350853360056e-31,1.03142716296797e-30
TGCT (n=150),Myeloid dendritic cell activated_CIBERSORT,-0.173046521987986,0.0360816420474379,0.0526025404208068
TGCT (n=150),Myeloid dendritic cell activated_CIBERSORT-ABS,-0.174115402670994,0.0349313166678974,0.0516827659249932
TGCT (n=150),Myeloid dendritic cell activated_XCELL,0.736927419769625,1.95111029346017e-26,1.12542303883645e-25
TGCT (n=150),Myeloid dendritic cell resting_CIBERSORT,0.283037676614222,0.000513405403593882,0.000963845993539458
TGCT (n=150),Myeloid dendritic cell resting_CIBERSORT-ABS,0.350095268009107,1.3812674818322e-05,2.98774161831095e-05
TGCT (n=150),Myeloid dendritic cell_MCPCOUNTER,0.65735588863363,1.5229548571312e-19,6.81051722627211e-19
TGCT (n=150),Myeloid dendritic cell_QUANTISEQ,0.44991345427617,1.08385504937694e-08,2.91469128143258e-08
TGCT (n=150),Myeloid dendritic cell_TIMER,0.70670907338205,1.51031574199995e-23,8.23432418241068e-23
TGCT (n=150),Myeloid dendritic cell_XCELL,0.542340958490316,1.29355927493889e-12,4.25484786302215e-12
TGCT (n=150),Plasmacytoid dendritic cell_XCELL,0.545739850663305,8.78592901341747e-13,2.93848718263879e-12
THCA (n=509),Myeloid dendritic cell activated_CIBERSORT,-0.205948376383506,4.49346670321487e-06,1.01613622038609e-05
THCA (n=509),Myeloid dendritic cell activated_CIBERSORT-ABS,-0.142359693741875,0.00161692733816192,0.0029251685481293
THCA (n=509),Myeloid dendritic cell activated_XCELL,0.547876439882784,1.41601636740765e-39,1.37457198592255e-38
THCA (n=509),Myeloid dendritic cell resting_CIBERSORT,0.161497260457596,0.00034099732217926,0.000652485260708391
THCA (n=509),Myeloid dendritic cell resting_CIBERSORT-ABS,0.256166564487027,9.44246262439473e-09,2.55653069694497e-08
THCA (n=509),Myeloid dendritic cell_MCPCOUNTER,0.28339848109247,1.82256421739797e-10,5.45398916183753e-10
THCA (n=509),Myeloid dendritic cell_QUANTISEQ,-0.0359809358481446,0.427740947037945,0.503671292665983
THCA (n=509),Myeloid dendritic cell_TIMER,0.340982351637129,9.43914159236403e-15,3.47849847570452e-14
THCA (n=509),Myeloid dendritic cell_XCELL,0.421978525012739,1.71587851273261e-22,8.64455250718455e-22
THCA (n=509),Plasmacytoid dendritic cell_XCELL,0.290962449174232,5.62407926537064e-11,1.73518104466474e-10
THYM (n=120),Myeloid dendritic cell activated_CIBERSORT,-0.223151040893253,0.0165210561453617,0.0258873241962754
THYM (n=120),Myeloid dendritic cell activated_CIBERSORT-ABS,-0.223151040893253,0.0165210561453617,0.0258873241962754
THYM (n=120),Myeloid dendritic cell activated_XCELL,-0.00383319259942462,0.96756894568958,0.974917570593551
THYM (n=120),Myeloid dendritic cell resting_CIBERSORT,0.297335154597651,0.00125077513466695,0.00228352524585985
THYM (n=120),Myeloid dendritic cell resting_CIBERSORT-ABS,0.439082747286594,9.16056002616895e-07,2.20963811540318e-06
THYM (n=120),Myeloid dendritic cell_MCPCOUNTER,0.819175198571888,4.7557442311228e-29,3.10292820325717e-28
THYM (n=120),Myeloid dendritic cell_QUANTISEQ,-0.397916775084356,1.06352675418462e-05,2.32573433057954e-05
THYM (n=120),Myeloid dendritic cell_TIMER,0.797984063666173,1.31827265643699e-26,7.71577231267531e-26
THYM (n=120),Myeloid dendritic cell_XCELL,0.48618696648219,3.62093043867296e-08,9.35798905579116e-08
THYM (n=120),Plasmacytoid dendritic cell_XCELL,0.188474672049712,0.0436743976832161,0.0632087646469818
UCEC (n=545),Myeloid dendritic cell activated_CIBERSORT,-0.495443220463839,9.2176335280326e-07,2.21001093021504e-06
UCEC (n=545),Myeloid dendritic cell activated_CIBERSORT-ABS,-0.440495974503408,1.74781539930609e-05,3.71994935253382e-05
UCEC (n=545),Myeloid dendritic cell activated_XCELL,0.60066570307391,6.14959562505623e-10,1.73584330409389e-09
UCEC (n=545),Myeloid dendritic cell resting_CIBERSORT,0.29438578319318,0.00536804567950603,0.00897681588421597
UCEC (n=545),Myeloid dendritic cell resting_CIBERSORT-ABS,0.301976447508084,0.00424495848387311,0.00718933394289998
UCEC (n=545),Myeloid dendritic cell_MCPCOUNTER,0.532310223938,9.41135004609841e-08,2.38580720913832e-07
UCEC (n=545),Myeloid dendritic cell_QUANTISEQ,-0.130869872656421,0.224232786571991,0.278889528298914
UCEC (n=545),Myeloid dendritic cell_TIMER,0.300341720213638,0.00446737680368124,0.00753396596553022
UCEC (n=545),Myeloid dendritic cell_XCELL,0.64228195371607,1.53264232224935e-11,4.80308381303340e-11
UCEC (n=545),Plasmacytoid dendritic cell_XCELL,0.471199573819704,3.59568689447777e-06,8.25316944903654e-06
UCS (n=57),Myeloid dendritic cell activated_CIBERSORT,-0.0228713473625699,0.870867450479717,0.895620788865445
UCS (n=57),Myeloid dendritic cell activated_CIBERSORT-ABS,0.0118374043293288,0.932956589876698,0.947236537680933
UCS (n=57),Myeloid dendritic cell activated_XCELL,0.500193934063798,0.000136838986457952,0.000270954809006292
UCS (n=57),Myeloid dendritic cell resting_CIBERSORT,0.289744421332985,0.0353394804932286,0.0518772879356576
UCS (n=57),Myeloid dendritic cell resting_CIBERSORT-ABS,0.289903567213402,0.035234319466312,0.0518772879356576
UCS (n=57),Myeloid dendritic cell_MCPCOUNTER,0.5377952421586,3.2834144403167e-05,6.73607704766003e-05
UCS (n=57),Myeloid dendritic cell_QUANTISEQ,0.309317097980728,0.0242118546398235,0.0369610356737044
UCS (n=57),Myeloid dendritic cell_TIMER,0.263671913437336,0.0564302151105586,0.0804990165376428
UCS (n=57),Myeloid dendritic cell_XCELL,0.365027185201228,0.0071989663780278,0.0118887494541704
UCS (n=57),Plasmacytoid dendritic cell_XCELL,0.0611611952003433,0.663525722910271,0.72153890086964
UVM (n=80),Myeloid dendritic cell activated_CIBERSORT,NA,NA,NA
UVM (n=80),Myeloid dendritic cell activated_CIBERSORT-ABS,NA,NA,NA
UVM (n=80),Myeloid dendritic cell activated_XCELL,0.729310844859639,5.40895212199962e-14,1.90509995093438e-13
UVM (n=80),Myeloid dendritic cell resting_CIBERSORT,0.214419872833161,0.061124311519301,0.0867161286043218
UVM (n=80),Myeloid dendritic cell resting_CIBERSORT-ABS,0.326165092736834,0.00379292505933077,0.00645121441715234
UVM (n=80),Myeloid dendritic cell_MCPCOUNTER,0.792143056233264,9.51734394280843e-18,3.94573217628933e-17
UVM (n=80),Myeloid dendritic cell_QUANTISEQ,-0.0316880380220649,0.784405845798361,0.819405581700126
UVM (n=80),Myeloid dendritic cell_TIMER,-0.343623176724015,0.00221551644164954,0.00386743659551104
UVM (n=80),Myeloid dendritic cell_XCELL,0.661379845043443,5.85255211718319e-11,1.79178134049147e-10
UVM (n=80),Plasmacytoid dendritic cell_XCELL,0.438950144019658,6.51192509902271e-05,0.000131560720274672
