cancer,infiltrates,rho,p,adj.p
ACC (n=79),Cancer associated fibroblast_EPIC,-0.0259062938835973,0.827772253490758,0.89148791451898
ACC (n=79),Cancer associated fibroblast_MCPCOUNTER,0.143999612137932,0.224196641596697,0.325287651716111
ACC (n=79),Cancer associated fibroblast_TIDE,0.246191718167116,0.0357648492109971,0.0733637932533274
ACC (n=79),Cancer associated fibroblast_XCELL,0.138955225406361,0.241020187003522,0.335332434091856
BLCA (n=408),Cancer associated fibroblast_EPIC,-0.0726772737112304,0.164137758049054,0.252519627767776
BLCA (n=408),Cancer associated fibroblast_MCPCOUNTER,-0.178973624384732,0.000561581215411229,0.00238896878835094
BLCA (n=408),Cancer associated fibroblast_TIDE,-0.282288102899541,3.60373167699816e-08,4.11855048799789e-07
BLCA (n=408),Cancer associated fibroblast_XCELL,-0.0311248045619335,0.551716337829108,0.649078044504833
BRCA (n=1100),Cancer associated fibroblast_EPIC,0.0243049381131673,0.444015969372208,0.55501996171526
BRCA (n=1100),Cancer associated fibroblast_MCPCOUNTER,-0.0116852098974549,0.712904878646422,0.792116531829358
BRCA (n=1100),Cancer associated fibroblast_TIDE,-0.149001040378844,2.38034252071708e-06,1.90427401657367e-05
BRCA (n=1100),Cancer associated fibroblast_XCELL,-0.0163356331073813,0.606963768023666,0.703726107853526
BRCA-Basal (n=191),Cancer associated fibroblast_EPIC,-0.078213328226773,0.304966645522665,0.40326168002997
BRCA-Basal (n=191),Cancer associated fibroblast_MCPCOUNTER,-0.13746760821537,0.0704743697763262,0.13423689481205
BRCA-Basal (n=191),Cancer associated fibroblast_TIDE,-0.281495524136486,0.000168025094958339,0.000840125474791693
BRCA-Basal (n=191),Cancer associated fibroblast_XCELL,-0.085311147765481,0.26302838130282,0.362797767314235
BRCA-Her2 (n=82),Cancer associated fibroblast_EPIC,-0.0882098638603159,0.461229399363212,0.572067472078402
BRCA-Her2 (n=82),Cancer associated fibroblast_MCPCOUNTER,-0.126285022891243,0.290489246770862,0.390573777170907
BRCA-Her2 (n=82),Cancer associated fibroblast_TIDE,-0.308726006845367,0.00832562929756478,0.020814073243912
BRCA-Her2 (n=82),Cancer associated fibroblast_XCELL,-0.117350466991557,0.326236871560026,0.424373166256945
BRCA-LumA (n=568),Cancer associated fibroblast_EPIC,0.153783059842812,0.00044963517039231,0.00205547506465056
BRCA-LumA (n=568),Cancer associated fibroblast_MCPCOUNTER,0.121743851866447,0.00557500517353907,0.0156491373292325
BRCA-LumA (n=568),Cancer associated fibroblast_TIDE,0.0151349545219181,0.73135792332582,0.801488135151584
BRCA-LumA (n=568),Cancer associated fibroblast_XCELL,0.177673577976327,4.85572911210253e-05,0.000277470234977288
BRCA-LumB (n=219),Cancer associated fibroblast_EPIC,0.0150585957337376,0.835769919861544,0.89148791451898
BRCA-LumB (n=219),Cancer associated fibroblast_MCPCOUNTER,-0.0126956014632797,0.861257431874667,0.900823523005389
BRCA-LumB (n=219),Cancer associated fibroblast_TIDE,-0.112977498791538,0.118703366476267,0.202048283363859
BRCA-LumB (n=219),Cancer associated fibroblast_XCELL,-0.029142570334077,0.688228960999618,0.770046389929642
CESC (n=306),Cancer associated fibroblast_EPIC,-0.14167011721669,0.0183188706997168,0.0431032251758042
CESC (n=306),Cancer associated fibroblast_MCPCOUNTER,-0.149696949001359,0.0126220905115799,0.0310697612592735
CESC (n=306),Cancer associated fibroblast_TIDE,-0.277004686805879,2.84984202922208e-06,2.17130821274063e-05
CESC (n=306),Cancer associated fibroblast_XCELL,-0.0118234203855727,0.844690056663736,0.895035821630449
CHOL (n=36),Cancer associated fibroblast_EPIC,0.204913214733286,0.237667388288605,0.334828416394832
CHOL (n=36),Cancer associated fibroblast_MCPCOUNTER,0.232163026178679,0.179584730068051,0.268537914120451
CHOL (n=36),Cancer associated fibroblast_TIDE,0.0861422950683515,0.622696163309489,0.716772562082865
CHOL (n=36),Cancer associated fibroblast_XCELL,0.364072549291714,0.0315504338394532,0.0673075921908335
COAD (n=458),Cancer associated fibroblast_EPIC,0.305434864635966,2.39198455542097e-07,2.39198455542097e-06
COAD (n=458),Cancer associated fibroblast_MCPCOUNTER,0.290979802894444,9.10628259905171e-07,8.0944734213793e-06
COAD (n=458),Cancer associated fibroblast_TIDE,0.151220615408397,0.00224907195395774,0.0073439084210865
COAD (n=458),Cancer associated fibroblast_XCELL,0.139420982247191,0.0207330219799164,0.0469353552959601
DLBC (n=48),Cancer associated fibroblast_EPIC,-0.138016312181721,0.389494376846109,0.494596034090297
DLBC (n=48),Cancer associated fibroblast_MCPCOUNTER,-0.26115546872541,0.0990946211038843,0.182242981340477
DLBC (n=48),Cancer associated fibroblast_TIDE,-0.174274693612132,0.275819488107529,0.377189043565851
DLBC (n=48),Cancer associated fibroblast_XCELL,-0.250559559538436,0.114090722487916,0.196285113957704
ESCA (n=185),Cancer associated fibroblast_EPIC,0.105716687300725,0.157826895921978,0.24757160144624
ESCA (n=185),Cancer associated fibroblast_MCPCOUNTER,0.110090784881827,0.141234731254912,0.225975570007859
ESCA (n=185),Cancer associated fibroblast_TIDE,0.0258724944824838,0.730278266547906,0.801488135151584
ESCA (n=185),Cancer associated fibroblast_XCELL,0.168469386997205,0.0237784297504004,0.0528409550008897
GBM (n=153),Cancer associated fibroblast_EPIC,0.12975067464866,0.130744344571632,0.214407058385035
GBM (n=153),Cancer associated fibroblast_MCPCOUNTER,0.0150521408697975,0.861412493873904,0.900823523005389
GBM (n=153),Cancer associated fibroblast_TIDE,0.0381746417585251,0.657845184869834,0.751823068422667
GBM (n=153),Cancer associated fibroblast_XCELL,0.13984151171928,0.10313861555271,0.185189796834074
HNSC (n=522),Cancer associated fibroblast_EPIC,0.125009288874089,0.00549160587141005,0.0156491373292325
HNSC (n=522),Cancer associated fibroblast_MCPCOUNTER,0.127140801462916,0.00473668140059744,0.0144915612434069
HNSC (n=522),Cancer associated fibroblast_TIDE,-0.0695132403598414,0.123604386481896,0.208175808811614
HNSC (n=522),Cancer associated fibroblast_XCELL,0.281877979391294,1.94035092339684e-10,2.82232861584995e-09
HNSC-HPV- (n=422),Cancer associated fibroblast_EPIC,0.24091953625048,1.08639728759079e-06,9.14860873760667e-06
HNSC-HPV- (n=422),Cancer associated fibroblast_MCPCOUNTER,0.229624892039468,3.47946781230227e-06,2.53052204531074e-05
HNSC-HPV- (n=422),Cancer associated fibroblast_TIDE,0.0698987731442272,0.162923101826046,0.252519627767776
HNSC-HPV- (n=422),Cancer associated fibroblast_XCELL,0.25817334734812,1.63791041781047e-07,1.7471044456645e-06
HNSC-HPV+ (n=98),Cancer associated fibroblast_EPIC,-0.169269797533884,0.112789281474129,0.19615527212892
HNSC-HPV+ (n=98),Cancer associated fibroblast_MCPCOUNTER,-0.111358967152828,0.298831390963948,0.398441854618597
HNSC-HPV+ (n=98),Cancer associated fibroblast_TIDE,-0.303515270121161,0.0038350749055478,0.0122182407137908
HNSC-HPV+ (n=98),Cancer associated fibroblast_XCELL,0.339345231901159,0.00114103295703963,0.00414921075287137
KICH (n=66),Cancer associated fibroblast_EPIC,0.336405615248212,0.00614553796752889,0.0163881012467437
KICH (n=66),Cancer associated fibroblast_MCPCOUNTER,0.332506077295203,0.00680576710021612,0.0175632699360416
KICH (n=66),Cancer associated fibroblast_TIDE,0.232911677027948,0.0618838835555139,0.12074904108393
KICH (n=66),Cancer associated fibroblast_XCELL,0.134747195455341,0.284539468709647,0.385816228758844
KIRC (n=533),Cancer associated fibroblast_EPIC,0.147148840950294,0.00153436400046942,0.00545551644611349
KIRC (n=533),Cancer associated fibroblast_MCPCOUNTER,0.0631277697304617,0.176029827494567,0.268235927610769
KIRC (n=533),Cancer associated fibroblast_TIDE,-0.183933994411244,7.11368183612261e-05,0.000367157772186973
KIRC (n=533),Cancer associated fibroblast_XCELL,-0.0770271756657808,0.0985736111702814,0.182242981340477
KIRP (n=290),Cancer associated fibroblast_EPIC,0.393323752779959,5.63694089609545e-11,1.12738817921909e-09
KIRP (n=290),Cancer associated fibroblast_MCPCOUNTER,0.411565183188575,5.73020370770517e-12,2.29208148308207e-10
KIRP (n=290),Cancer associated fibroblast_TIDE,0.205985294359002,0.000873740940290959,0.0032511290801524
KIRP (n=290),Cancer associated fibroblast_XCELL,0.212316363748393,0.000597012270061243,0.00244928110794356
LGG (n=516),Cancer associated fibroblast_EPIC,0.302274868850171,1.47913991667315e-11,4.73324773335408e-10
LGG (n=516),Cancer associated fibroblast_MCPCOUNTER,0.390173036018101,7.87581767940335e-19,4.20043609568179e-17
LGG (n=516),Cancer associated fibroblast_TIDE,0.431644502884969,4.09497672502112e-23,6.55196276003379e-21
LGG (n=516),Cancer associated fibroblast_XCELL,0.126713752971944,0.00553194468078131,0.0156491373292325
LIHC (n=371),Cancer associated fibroblast_EPIC,0.34829288835964,2.82709930829155e-11,7.53893148877748e-10
LIHC (n=371),Cancer associated fibroblast_MCPCOUNTER,0.337015329590681,1.30990482236343e-10,2.09584771578148e-09
LIHC (n=371),Cancer associated fibroblast_TIDE,0.0858016039638412,0.111644441172027,0.19615527212892
LIHC (n=371),Cancer associated fibroblast_XCELL,0.132643685830361,0.0136741973967962,0.0326547997535432
LUAD (n=515),Cancer associated fibroblast_EPIC,0.0192294761455149,0.670166713543821,0.760472866432705
LUAD (n=515),Cancer associated fibroblast_MCPCOUNTER,0.0421833821111616,0.349962731724117,0.44795229660687
LUAD (n=515),Cancer associated fibroblast_TIDE,-0.0955992108372215,0.0338275665813476,0.0702910474417612
LUAD (n=515),Cancer associated fibroblast_XCELL,0.160871479098107,0.000335475652846993,0.00157870895457409
LUSC (n=501),Cancer associated fibroblast_EPIC,0.128651983062166,0.00489090191964983,0.0144915612434069
LUSC (n=501),Cancer associated fibroblast_MCPCOUNTER,0.124583277128833,0.00644140573099736,0.0168954904419603
LUSC (n=501),Cancer associated fibroblast_TIDE,-0.0597577310540218,0.192619551677443,0.284511894325667
LUSC (n=501),Cancer associated fibroblast_XCELL,0.261468599867013,6.76240564268449e-09,8.3229607909963e-08
MESO (n=87),Cancer associated fibroblast_EPIC,-0.00411913898574231,0.970154559097563,0.976912869040881
MESO (n=87),Cancer associated fibroblast_MCPCOUNTER,0.0016105129882756,0.988328678076668,0.988328678076668
MESO (n=87),Cancer associated fibroblast_TIDE,-0.177679549098518,0.103770515530741,0.185189796834074
MESO (n=87),Cancer associated fibroblast_XCELL,0.0367287490299731,0.738589951490126,0.803907430193335
OV (n=303),Cancer associated fibroblast_EPIC,0.0526174390713859,0.408416053585994,0.514539910029599
OV (n=303),Cancer associated fibroblast_MCPCOUNTER,0.00349439569148961,0.956247330996882,0.976912869040881
OV (n=303),Cancer associated fibroblast_TIDE,-0.135823629324676,0.0321601558611695,0.0677055912866726
OV (n=303),Cancer associated fibroblast_XCELL,-0.0449268761334146,0.480360146612982,0.591212488139054
PAAD (n=179),Cancer associated fibroblast_EPIC,0.314043855245986,2.87872423764924e-05,0.000184238351209551
PAAD (n=179),Cancer associated fibroblast_MCPCOUNTER,0.337860503724072,6.20423513864697e-06,4.31598966166746e-05
PAAD (n=179),Cancer associated fibroblast_TIDE,0.260912484789777,0.000567380087233349,0.00238896878835094
PAAD (n=179),Cancer associated fibroblast_XCELL,0.450374677461297,6.38303068934968e-10,8.51070758579958e-09
PCPG (n=181),Cancer associated fibroblast_EPIC,0.24077675689289,0.00172208798367179,0.00598987124755406
PCPG (n=181),Cancer associated fibroblast_MCPCOUNTER,0.259782161061049,0.000698140452997327,0.00279256181198931
PCPG (n=181),Cancer associated fibroblast_TIDE,0.257466891496593,0.000782175058197429,0.00304164457158397
PCPG (n=181),Cancer associated fibroblast_XCELL,0.25704560071524,0.000798431700040792,0.00304164457158397
PRAD (n=498),Cancer associated fibroblast_EPIC,0.435217218118705,1.17902558185553e-20,9.43220465484427e-19
PRAD (n=498),Cancer associated fibroblast_MCPCOUNTER,0.149867028351546,0.00217794631336034,0.00725982104453446
PRAD (n=498),Cancer associated fibroblast_TIDE,0.24387542693178,4.76945914631989e-07,4.48890272594813e-06
PRAD (n=498),Cancer associated fibroblast_XCELL,0.0889342163020217,0.0699795160088585,0.13423689481205
READ (n=166),Cancer associated fibroblast_EPIC,0.301376524917802,0.00389456422752083,0.0122182407137908
READ (n=166),Cancer associated fibroblast_MCPCOUNTER,0.259614632502341,0.0134728801836362,0.0326547997535432
READ (n=166),Cancer associated fibroblast_TIDE,0.053155849865765,0.534284771731067,0.63795196624605
READ (n=166),Cancer associated fibroblast_XCELL,0.127945771275447,0.229448937791439,0.327784196844912
SARC (n=260),Cancer associated fibroblast_EPIC,-0.0375618040755196,0.559269203034263,0.653161113032716
SARC (n=260),Cancer associated fibroblast_MCPCOUNTER,-0.0023549057336515,0.970807163609376,0.976912869040881
SARC (n=260),Cancer associated fibroblast_TIDE,-0.138459196376799,0.0306089085013217,0.0661814237866415
SARC (n=260),Cancer associated fibroblast_XCELL,0.147897640416429,0.0208275639125823,0.0469353552959601
SKCM (n=471),Cancer associated fibroblast_EPIC,-0.0100523967200041,0.830303306863387,0.89148791451898
SKCM (n=471),Cancer associated fibroblast_MCPCOUNTER,-0.0446405620769779,0.341012086684756,0.440015595722265
SKCM (n=471),Cancer associated fibroblast_TIDE,-0.189716266068871,4.47092814085971e-05,0.000264943889828724
SKCM (n=471),Cancer associated fibroblast_XCELL,0.128417616894308,0.00597540765003516,0.0162044953221292
SKCM-Metastasis (n=368),Cancer associated fibroblast_EPIC,-0.0223081947009462,0.675732364771317,0.761388580024019
SKCM-Metastasis (n=368),Cancer associated fibroblast_MCPCOUNTER,-0.0325345970851082,0.541774819946838,0.642103490307364
SKCM-Metastasis (n=368),Cancer associated fibroblast_TIDE,-0.222001897323378,2.49911663622525e-05,0.00016660777574835
SKCM-Metastasis (n=368),Cancer associated fibroblast_XCELL,0.0865100915940815,0.104169260719167,0.185189796834074
SKCM-Primary (n=103),Cancer associated fibroblast_EPIC,-0.0666407637514134,0.50574087284528,0.608410072595825
SKCM-Primary (n=103),Cancer associated fibroblast_MCPCOUNTER,-0.121015561829319,0.225668308378052,0.325287651716111
SKCM-Primary (n=103),Cancer associated fibroblast_TIDE,-0.150405772045808,0.131324323260834,0.214407058385035
SKCM-Primary (n=103),Cancer associated fibroblast_XCELL,0.00799516134197726,0.936433496620085,0.96664102876912
STAD (n=415),Cancer associated fibroblast_EPIC,0.178870053918984,0.00046703289932527,0.00207570177477898
STAD (n=415),Cancer associated fibroblast_MCPCOUNTER,0.208594662035974,4.2656624527331e-05,0.000262502304783576
STAD (n=415),Cancer associated fibroblast_TIDE,0.112326530711383,0.0287816173423923,0.0630829969148325
STAD (n=415),Cancer associated fibroblast_XCELL,0.206115662648583,5.27980805654607e-05,0.000291299754843921
TGCT (n=150),Cancer associated fibroblast_EPIC,-0.12445897919882,0.133110266580919,0.215127703565121
TGCT (n=150),Cancer associated fibroblast_MCPCOUNTER,-0.139665216126283,0.0915697979873432,0.172366678564411
TGCT (n=150),Cancer associated fibroblast_TIDE,-0.231046626162085,0.00486897046567412,0.0144915612434069
TGCT (n=150),Cancer associated fibroblast_XCELL,-0.00358971382613946,0.965580722543995,0.976912869040881
THCA (n=509),Cancer associated fibroblast_EPIC,0.292390150189804,4.48695200530818e-11,1.02558902978473e-09
THCA (n=509),Cancer associated fibroblast_MCPCOUNTER,0.285958440131742,1.22905568460646e-10,2.09584771578148e-09
THCA (n=509),Cancer associated fibroblast_TIDE,0.121282518544417,0.00731275789065812,0.0185720835318301
THCA (n=509),Cancer associated fibroblast_XCELL,0.0609320508897339,0.179003372585466,0.268537914120451
THYM (n=120),Cancer associated fibroblast_EPIC,-0.143473396409047,0.126091399170848,0.210152331951414
THYM (n=120),Cancer associated fibroblast_MCPCOUNTER,-0.136211462368494,0.146634448441971,0.232292195551637
THYM (n=120),Cancer associated fibroblast_TIDE,-0.365681621948088,5.85042914556878e-05,0.000312022887763668
THYM (n=120),Cancer associated fibroblast_XCELL,-0.342697205390064,0.000177501452918424,0.000860613105059025
UCEC (n=545),Cancer associated fibroblast_EPIC,0.139828937354295,0.193823728009361,0.284511894325667
UCEC (n=545),Cancer associated fibroblast_MCPCOUNTER,0.10818187513223,0.31572881674834,0.414070579342086
UCEC (n=545),Cancer associated fibroblast_TIDE,-0.137193285251822,0.0188010561413546,0.0435966519219816
UCEC (n=545),Cancer associated fibroblast_XCELL,0.0739184425291537,0.493697992340431,0.602989914308924
UCS (n=57),Cancer associated fibroblast_EPIC,0.266615039086069,0.053632435596292,0.107264871192584
UCS (n=57),Cancer associated fibroblast_MCPCOUNTER,0.259371244439238,0.0607292564966765,0.11995902517862
UCS (n=57),Cancer associated fibroblast_TIDE,0.164709497381405,0.238565246681318,0.334828416394832
UCS (n=57),Cancer associated fibroblast_XCELL,0.0941458527129065,0.502513284980332,0.608410072595825
UVM (n=80),Cancer associated fibroblast_EPIC,0.349660035752376,0.0018264375785358,0.00621765984182399
UVM (n=80),Cancer associated fibroblast_MCPCOUNTER,0.237501346698715,0.0375404143758782,0.0760312189891204
UVM (n=80),Cancer associated fibroblast_TIDE,0.310758498595844,0.00594585265880774,0.0162044953221292
UVM (n=80),Cancer associated fibroblast_XCELL,-0.0169946420455255,0.883369796906089,0.917786801980352
