bcr_patient_barcode,CD274,race,gender,subtype,mut
TCGA-DU-7304-02,-5.0116,WHITE,MALE,Oligoastrocytoma,NA
TCGA-E1-5304-01,-3.816,WHITE,MALE,Astrocytoma,mutant
TCGA-RY-A83Z-01,-3.458,WHITE,FEMALE,Astrocytoma,mutant
TCGA-QH-A65X-01,-3.458,WHITE,FEMALE,Oligoastrocytoma,mutant
TCGA-DU-A76O-01,-2.9324,WHITE,MALE,Astrocytoma,mutant
TCGA-DU-5870-02,-2.8262,WHITE,FEMALE,Oligodendroglioma,NA
TCGA-HT-A74K-01,-2.8262,WHITE,FEMALE,Oligodendroglioma,mutant
TCGA-DU-A6S3-01,-2.7274,WHITE,MALE,Oligodendroglioma,mutant
TCGA-HT-A619-01,-2.6349,ASIAN,FEMALE,Oligodendroglioma,mutant
TCGA-TQ-A7RM-01,-2.6349,WHITE,FEMALE,Oligoastrocytoma,mutant
TCGA-FG-A4MX-01,-2.5479,WHITE,MALE,Astrocytoma,mutant
TCGA-FG-7637-01,-2.4659,WHITE,MALE,Oligoastrocytoma,mutant
TCGA-QH-A6X4-01,-2.4659,WHITE,MALE,Oligoastrocytoma,mutant
TCGA-HW-7491-01,-2.3884,WHITE,MALE,Oligodendroglioma,mutant
TCGA-DB-5274-01,-2.3884,WHITE,FEMALE,Oligoastrocytoma,mutant
TCGA-P5-A5F6-01,-2.3884,WHITE,MALE,Oligodendroglioma,wildtype
TCGA-FG-A6IZ-01,-2.3147,WHITE,MALE,Oligodendroglioma,mutant
TCGA-S9-A7QW-01,-2.3147,WHITE,FEMALE,Astrocytoma,mutant
TCGA-DU-6410-01,-2.3147,WHITE,MALE,Oligodendroglioma,mutant
TCGA-R8-A73M-01,-2.1779,WHITE,FEMALE,Oligodendroglioma,mutant
TCGA-S9-A6TW-01,-2.1779,WHITE,MALE,Oligodendroglioma,mutant
TCGA-HT-A5R9-01,-2.1779,WHITE,FEMALE,Oligodendroglioma,mutant
TCGA-TM-A7C5-01,-2.114,WHITE,MALE,Oligoastrocytoma,mutant
TCGA-DU-A6S8-01,-2.114,WHITE,FEMALE,Oligodendroglioma,mutant
TCGA-E1-A7YI-01,-2.0529,WHITE,FEMALE,Astrocytoma,mutant
TCGA-DU-A7T6-01,-2.0529,WHITE,FEMALE,Oligodendroglioma,mutant
TCGA-FG-7636-01,-2.0529,WHITE,MALE,Astrocytoma,mutant
TCGA-TQ-A7RU-01,-1.9379,WHITE,MALE,Oligodendroglioma,mutant
TCGA-DU-6397-02,-1.9379,WHITE,MALE,Oligodendroglioma,NA
TCGA-R8-A6YH-01,-1.9379,NA,NA,NA,mutant
TCGA-FG-5963-02,-1.9379,WHITE,MALE,Astrocytoma,NA
TCGA-RY-A840-01,-1.8836,[Unknown],MALE,Oligodendroglioma,mutant
TCGA-P5-A77W-01,-1.8314,WHITE,FEMALE,Oligoastrocytoma,mutant
TCGA-F6-A8O3-01,-1.8314,ASIAN,MALE,Oligodendroglioma,mutant
TCGA-CS-5394-01,-1.7809,WHITE,MALE,Astrocytoma,mutant
TCGA-DU-6393-01,-1.7322,WHITE,MALE,Oligodendroglioma,mutant
TCGA-DB-A4XH-01,-1.7322,WHITE,FEMALE,Oligoastrocytoma,mutant
TCGA-DU-A7TB-01,-1.7322,ASIAN,MALE,Oligodendroglioma,wildtype
TCGA-DU-7018-01,-1.685,WHITE,FEMALE,Oligodendroglioma,mutant
TCGA-HT-7855-01,-1.685,WHITE,MALE,Astrocytoma,mutant
TCGA-KT-A74X-01,-1.685,WHITE,MALE,Oligoastrocytoma,mutant
TCGA-DU-7294-01,-1.685,WHITE,FEMALE,Oligodendroglioma,mutant
TCGA-TM-A84G-01,-1.685,WHITE,FEMALE,Oligodendroglioma,mutant
TCGA-DB-A64R-01,-1.685,[Not Evaluated],FEMALE,Oligodendroglioma,mutant
TCGA-HW-A5KJ-01,-1.685,WHITE,MALE,Oligodendroglioma,mutant
TCGA-VM-A8CB-01,-1.6394,[Unknown],MALE,Oligodendroglioma,mutant
TCGA-WY-A85E-01,-1.6394,WHITE,FEMALE,Oligoastrocytoma,mutant
TCGA-QH-A65R-01,-1.6394,WHITE,FEMALE,Oligodendroglioma,mutant
TCGA-WH-A86K-01,-1.6394,WHITE,MALE,Astrocytoma,mutant
TCGA-HT-7692-01,-1.6394,WHITE,MALE,Oligoastrocytoma,mutant
TCGA-TM-A7CF-02,-1.6394,WHITE,FEMALE,Astrocytoma,NA
TCGA-S9-A6TX-01,-1.5951,WHITE,MALE,Oligodendroglioma,mutant
TCGA-EZ-7264-01,-1.5951,WHITE,FEMALE,Oligodendroglioma,mutant
TCGA-FG-A6J1-01,-1.5522,WHITE,FEMALE,Oligodendroglioma,mutant
TCGA-RY-A83X-01,-1.5105,WHITE,FEMALE,Oligodendroglioma,mutant
TCGA-QH-A65V-01,-1.5105,WHITE,FEMALE,Oligodendroglioma,mutant
TCGA-DU-A5TS-01,-1.5105,BLACK OR AFRICAN AMERICAN,MALE,Oligodendroglioma,mutant
TCGA-P5-A72Z-01,-1.5105,WHITE,FEMALE,Oligodendroglioma,mutant
TCGA-HW-8322-01,-1.4699,WHITE,MALE,Oligodendroglioma,mutant
TCGA-P5-A72W-01,-1.4699,WHITE,MALE,Astrocytoma,mutant
TCGA-R8-A6MO-01,-1.4699,ASIAN,FEMALE,Oligodendroglioma,mutant
TCGA-FG-A60K-01,-1.4305,WHITE,FEMALE,Oligoastrocytoma,mutant
TCGA-VV-A829-01,-1.4305,WHITE,MALE,Oligoastrocytoma,mutant
TCGA-TM-A84J-01,-1.3921,WHITE,MALE,Oligodendroglioma,wildtype
TCGA-DU-A7TA-01,-1.3921,WHITE,MALE,Oligodendroglioma,mutant
TCGA-HT-7606-01,-1.3921,WHITE,FEMALE,Astrocytoma,mutant
TCGA-HT-7884-01,-1.3921,WHITE,FEMALE,Astrocytoma,mutant
TCGA-TQ-A7RV-01,-1.3921,WHITE,MALE,Astrocytoma,mutant
TCGA-CS-6669-01,-1.3548,WHITE,FEMALE,Oligodendroglioma,NA
TCGA-FG-8185-01,-1.3548,WHITE,MALE,Astrocytoma,mutant
TCGA-E1-5318-01,-1.3548,WHITE,FEMALE,Oligodendroglioma,mutant
TCGA-TQ-A7RS-01,-1.3548,WHITE,FEMALE,Oligodendroglioma,mutant
TCGA-S9-A6WE-01,-1.3548,WHITE,MALE,Oligodendroglioma,mutant
TCGA-S9-A6UB-01,-1.3548,WHITE,MALE,Oligodendroglioma,mutant
TCGA-CS-4943-01,-1.3548,WHITE,MALE,Astrocytoma,mutant
TCGA-HT-7475-01,-1.3548,WHITE,MALE,Oligoastrocytoma,mutant
TCGA-HT-7481-01,-1.3183,WHITE,MALE,Oligodendroglioma,mutant
TCGA-DB-A75M-01,-1.3183,WHITE,MALE,Astrocytoma,mutant
TCGA-QH-A6X5-01,-1.3183,WHITE,FEMALE,Oligoastrocytoma,mutant
TCGA-FG-A87N-01,-1.3183,ASIAN,FEMALE,Astrocytoma,mutant
TCGA-E1-5305-01,-1.2828,WHITE,MALE,Astrocytoma,mutant
TCGA-FG-5965-01,-1.2828,WHITE,FEMALE,Oligoastrocytoma,mutant
TCGA-TQ-A7RQ-01,-1.2828,WHITE,FEMALE,Oligodendroglioma,mutant
TCGA-HT-A61A-01,-1.2828,WHITE,FEMALE,Oligodendroglioma,wildtype
TCGA-TM-A84O-01,-1.2481,WHITE,FEMALE,Oligodendroglioma,mutant
TCGA-P5-A5ET-01,-1.2481,WHITE,MALE,Oligodendroglioma,mutant
TCGA-S9-A7QZ-01,-1.2481,WHITE,MALE,Oligodendroglioma,mutant
TCGA-DU-6407-02,-1.23105361882,WHITE,FEMALE,Oligodendroglioma,NA
TCGA-CS-6670-01,-1.2142,WHITE,MALE,Oligodendroglioma,mutant
TCGA-FG-A70Y-01,-1.2142,WHITE,FEMALE,Oligodendroglioma,mutant
TCGA-P5-A737-01,-1.2142,WHITE,MALE,Oligoastrocytoma,mutant
TCGA-RY-A83Y-01,-1.2142,WHITE,MALE,Oligodendroglioma,mutant
TCGA-TM-A84Q-01,-1.2142,WHITE,MALE,Astrocytoma,mutant
TCGA-QH-A6CU-01,-1.2142,WHITE,FEMALE,Oligodendroglioma,mutant
TCGA-RY-A843-01,-1.1811,WHITE,MALE,Astrocytoma,mutant
TCGA-DH-5144-01,-1.1811,WHITE,FEMALE,Oligodendroglioma,mutant
TCGA-DU-5874-01,-1.1811,WHITE,FEMALE,Oligodendroglioma,mutant
TCGA-P5-A780-01,-1.1811,WHITE,FEMALE,Astrocytoma,mutant
TCGA-TQ-A7RN-01,-1.1488,WHITE,MALE,Oligodendroglioma,mutant
TCGA-DU-5870-01,-1.1488,WHITE,FEMALE,Oligodendroglioma,mutant
TCGA-DH-A7UR-01,-1.1488,WHITE,FEMALE,Oligodendroglioma,mutant
TCGA-R8-A6ML-01,-1.1488,WHITE,MALE,Oligodendroglioma,mutant
TCGA-S9-A7QY-01,-1.1488,WHITE,FEMALE,Oligoastrocytoma,mutant
TCGA-DU-6392-01,-1.1488,WHITE,FEMALE,Astrocytoma,mutant
TCGA-CS-5390-01,-1.1172,WHITE,FEMALE,Oligodendroglioma,mutant
TCGA-CS-6668-01,-1.1172,WHITE,FEMALE,Oligodendroglioma,mutant
TCGA-FG-A713-01,-1.0862,WHITE,FEMALE,Oligoastrocytoma,mutant
TCGA-FG-7638-01,-1.0862,WHITE,FEMALE,Oligodendroglioma,mutant
TCGA-TQ-A7RO-01,-1.0862,BLACK OR AFRICAN AMERICAN,MALE,Oligoastrocytoma,mutant
TCGA-P5-A730-01,-1.0862,WHITE,MALE,Oligoastrocytoma,mutant
TCGA-DU-A6S6-01,-1.0559,WHITE,FEMALE,Oligoastrocytoma,mutant
TCGA-TM-A84M-01,-1.0559,WHITE,MALE,Oligodendroglioma,mutant
TCGA-DB-5277-01,-1.0559,WHITE,MALE,Astrocytoma,mutant
TCGA-DU-6401-01,-1.0559,WHITE,FEMALE,Oligodendroglioma,mutant
TCGA-S9-A7J0-01,-1.0559,WHITE,FEMALE,Oligodendroglioma,mutant
TCGA-DH-A7US-01,-1.0559,WHITE,MALE,Oligodendroglioma,mutant
TCGA-DU-6404-01,-1.0559,WHITE,FEMALE,Oligodendroglioma,wildtype
TCGA-DB-A4XD-01,-1.0559,WHITE,MALE,Astrocytoma,mutant
TCGA-F6-A8O4-01,-1.0262,ASIAN,MALE,Astrocytoma,mutant
TCGA-HT-7875-01,-1.0262,WHITE,MALE,Oligodendroglioma,mutant
TCGA-HT-7877-01,-1.0262,WHITE,FEMALE,Oligodendroglioma,mutant
TCGA-DH-5141-01,-1.0262,WHITE,MALE,Oligodendroglioma,mutant
TCGA-HW-A5KL-01,-0.9971,WHITE,FEMALE,Astrocytoma,mutant
TCGA-HT-7684-01,-0.9686,WHITE,MALE,Oligoastrocytoma,mutant
TCGA-DU-7014-01,-0.9686,WHITE,MALE,Oligodendroglioma,NA
TCGA-S9-A6WH-01,-0.9406,WHITE,FEMALE,Oligoastrocytoma,mutant
TCGA-DB-A64X-01,-0.9406,WHITE,FEMALE,Astrocytoma,mutant
TCGA-S9-A6TY-01,-0.9406,WHITE,MALE,Oligodendroglioma,mutant
TCGA-RY-A847-01,-0.9406,WHITE,MALE,Oligodendroglioma,mutant
TCGA-DB-5278-01,-0.9406,WHITE,MALE,Oligodendroglioma,mutant
TCGA-E1-5319-01,-0.9406,WHITE,FEMALE,Oligodendroglioma,mutant
TCGA-TM-A7CA-01,-0.9132,WHITE,MALE,Astrocytoma,mutant
TCGA-S9-A7QX-01,-0.9132,WHITE,FEMALE,Astrocytoma,mutant
TCGA-TQ-A8XE-01,-0.9132,WHITE,FEMALE,Oligodendroglioma,mutant
TCGA-FG-A711-01,-0.9132,WHITE,FEMALE,Oligodendroglioma,mutant
TCGA-HT-7467-01,-0.8863,WHITE,MALE,Oligodendroglioma,mutant
TCGA-DB-A4XC-01,-0.8863,WHITE,MALE,Oligoastrocytoma,mutant
TCGA-FG-A4MY-01,-0.8863,WHITE,FEMALE,Oligoastrocytoma,mutant
TCGA-E1-A7YU-01,-0.8863,WHITE,MALE,Oligoastrocytoma,mutant
TCGA-IK-7675-01,-0.8863,WHITE,MALE,Oligodendroglioma,mutant
TCGA-E1-A7YS-01,-0.8863,BLACK OR AFRICAN AMERICAN,MALE,Oligodendroglioma,mutant
TCGA-DU-A7TC-01,-0.8863,WHITE,MALE,Astrocytoma,mutant
TCGA-DU-6404-02,-0.873052850092,WHITE,FEMALE,Oligodendroglioma,NA
TCGA-DB-A64P-01,-0.8599,WHITE,MALE,Oligodendroglioma,mutant
TCGA-P5-A735-01,-0.8599,WHITE,FEMALE,Astrocytoma,mutant
TCGA-TM-A84I-01,-0.8599,WHITE,MALE,Astrocytoma,mutant
TCGA-QH-A6CZ-01,-0.8599,WHITE,MALE,Oligoastrocytoma,mutant
TCGA-S9-A7IS-01,-0.8599,WHITE,FEMALE,Astrocytoma,mutant
TCGA-S9-A7J2-01,-0.8339,WHITE,MALE,Oligodendroglioma,mutant
TCGA-CS-6667-01,-0.8339,WHITE,FEMALE,Astrocytoma,mutant
TCGA-E1-5303-01,-0.8339,WHITE,MALE,Astrocytoma,mutant
TCGA-DB-A64Q-01,-0.8339,[Unknown],FEMALE,Oligoastrocytoma,mutant
TCGA-HT-A4DV-01,-0.8339,WHITE,FEMALE,Oligodendroglioma,mutant
TCGA-DB-A75O-01,-0.8339,WHITE,MALE,Astrocytoma,mutant
TCGA-DU-6407-01,-0.8339,WHITE,FEMALE,Oligodendroglioma,mutant
TCGA-E1-A7Z2-01,-0.8339,WHITE,FEMALE,Oligodendroglioma,wildtype
TCGA-P5-A5EZ-01,-0.8339,WHITE,MALE,Astrocytoma,mutant
TCGA-P5-A5F0-01,-0.8084,WHITE,MALE,Oligodendroglioma,mutant
TCGA-TM-A84T-01,-0.8084,WHITE,MALE,Oligoastrocytoma,mutant
TCGA-WY-A85B-01,-0.8084,WHITE,MALE,Astrocytoma,mutant
TCGA-QH-A6CW-01,-0.7834,WHITE,MALE,Oligoastrocytoma,mutant
TCGA-E1-A7YH-01,-0.7834,WHITE,FEMALE,Astrocytoma,mutant
TCGA-DU-7010-01,-0.7834,WHITE,FEMALE,Astrocytoma,mutant
TCGA-FG-A4MT-01,-0.7834,WHITE,FEMALE,Oligodendroglioma,mutant
TCGA-HT-A61B-01,-0.7834,WHITE,MALE,Astrocytoma,mutant
TCGA-TQ-A7RG-01,-0.7588,WHITE,MALE,Oligoastrocytoma,mutant
TCGA-DU-7009-01,-0.7588,WHITE,FEMALE,Oligodendroglioma,mutant
TCGA-WY-A85C-01,-0.7588,WHITE,MALE,Astrocytoma,mutant
TCGA-DH-A7UT-01,-0.7346,WHITE,MALE,Astrocytoma,mutant
TCGA-E1-5311-01,-0.7346,WHITE,MALE,Oligodendroglioma,mutant
TCGA-HT-A74O-01,-0.7346,WHITE,MALE,Astrocytoma,mutant
TCGA-FG-A4MW-01,-0.7108,WHITE,MALE,Oligoastrocytoma,wildtype
TCGA-WY-A85D-01,-0.7108,WHITE,MALE,Oligoastrocytoma,mutant
TCGA-P5-A77X-01,-0.6873,WHITE,FEMALE,Oligoastrocytoma,mutant
TCGA-HT-8012-01,-0.6873,WHITE,FEMALE,Oligodendroglioma,mutant
TCGA-WY-A858-01,-0.6873,WHITE,FEMALE,Astrocytoma,mutant
TCGA-DB-A64S-01,-0.6873,WHITE,MALE,Oligoastrocytoma,mutant
TCGA-TM-A7CF-01,-0.6873,WHITE,FEMALE,Astrocytoma,mutant
TCGA-DH-A7UV-01,-0.6873,WHITE,MALE,Astrocytoma,mutant
TCGA-HT-7477-01,-0.6643,WHITE,MALE,Astrocytoma,mutant
TCGA-DU-7008-01,-0.6643,WHITE,FEMALE,Oligodendroglioma,mutant
TCGA-HT-7476-01,-0.6416,WHITE,MALE,Astrocytoma,mutant
TCGA-WY-A85A-01,-0.6416,WHITE,MALE,Astrocytoma,mutant
TCGA-DB-A4XE-01,-0.6416,WHITE,FEMALE,Oligoastrocytoma,mutant
TCGA-WY-A859-01,-0.6416,WHITE,FEMALE,Astrocytoma,mutant
TCGA-DB-A64W-01,-0.6416,WHITE,FEMALE,Oligoastrocytoma,mutant
TCGA-DU-A5TU-01,-0.6193,WHITE,FEMALE,Astrocytoma,mutant
TCGA-QH-A6X8-01,-0.6193,WHITE,FEMALE,Oligodendroglioma,mutant
TCGA-QH-A6CY-01,-0.6193,WHITE,MALE,Oligoastrocytoma,mutant
TCGA-HT-7480-01,-0.6193,WHITE,MALE,Oligodendroglioma,mutant
TCGA-CS-5396-01,-0.5973,WHITE,FEMALE,Oligodendroglioma,mutant
TCGA-HT-7608-01,-0.5973,BLACK OR AFRICAN AMERICAN,MALE,Oligoastrocytoma,mutant
TCGA-S9-A7R8-01,-0.5973,WHITE,FEMALE,Astrocytoma,mutant
TCGA-DU-8164-01,-0.5973,WHITE,MALE,Oligodendroglioma,mutant
TCGA-HT-7681-01,-0.5973,WHITE,FEMALE,Oligoastrocytoma,mutant
TCGA-DH-A669-02,-0.5973,WHITE,MALE,Oligodendroglioma,NA
TCGA-DH-5142-01,-0.5756,WHITE,MALE,Astrocytoma,mutant
TCGA-VM-A8C8-01,-0.5756,WHITE,FEMALE,Oligodendroglioma,mutant
TCGA-VV-A86M-01,-0.5756,[Not Evaluated],FEMALE,Astrocytoma,mutant
TCGA-DH-A7UU-01,-0.5756,WHITE,MALE,Astrocytoma,mutant
TCGA-W9-A837-01,-0.5756,WHITE,MALE,Oligodendroglioma,mutant
TCGA-E1-5322-01,-0.5543,WHITE,FEMALE,Oligoastrocytoma,mutant
TCGA-HT-8111-01,-0.5543,WHITE,MALE,Oligoastrocytoma,mutant
TCGA-HT-7604-01,-0.5543,BLACK OR AFRICAN AMERICAN,MALE,Astrocytoma,mutant
TCGA-VM-A8CE-01,-0.5543,WHITE,MALE,Oligodendroglioma,mutant
TCGA-P5-A781-01,-0.5543,WHITE,FEMALE,Astrocytoma,mutant
TCGA-TQ-A7RV-02,-0.5543,WHITE,MALE,Astrocytoma,NA
TCGA-TQ-A8XE-02,-0.5543,WHITE,FEMALE,Oligodendroglioma,NA
TCGA-S9-A7R1-01,-0.5332,WHITE,MALE,Oligodendroglioma,mutant
TCGA-VM-A8CF-01,-0.5332,WHITE,FEMALE,Astrocytoma,mutant
TCGA-S9-A6TS-01,-0.5332,WHITE,FEMALE,Astrocytoma,mutant
TCGA-HT-A616-01,-0.5332,WHITE,FEMALE,Astrocytoma,mutant
TCGA-QH-A86X-01,-0.5332,WHITE,MALE,Oligodendroglioma,mutant
TCGA-FG-A6J3-01,-0.5125,WHITE,FEMALE,Astrocytoma,mutant
TCGA-HT-7468-01,-0.5125,WHITE,MALE,Oligodendroglioma,mutant
TCGA-HT-7677-01,-0.5125,WHITE,MALE,Oligodendroglioma,mutant
TCGA-P5-A72X-01,-0.5125,WHITE,MALE,Astrocytoma,mutant
TCGA-HT-7695-01,-0.5125,WHITE,FEMALE,Oligodendroglioma,mutant
TCGA-HT-7474-01,-0.4921,WHITE,MALE,Oligoastrocytoma,mutant
TCGA-HT-7879-01,-0.4921,WHITE,MALE,Oligoastrocytoma,mutant
TCGA-HW-7495-01,-0.4719,WHITE,FEMALE,Oligodendroglioma,mutant
TCGA-E1-A7Z4-01,-0.4719,WHITE,MALE,Astrocytoma,mutant
TCGA-DU-A5TR-01,-0.4719,WHITE,MALE,Oligoastrocytoma,mutant
TCGA-DU-5849-01,-0.4719,WHITE,MALE,Oligodendroglioma,mutant
TCGA-FG-6692-01,-0.4719,WHITE,MALE,Oligodendroglioma,wildtype
TCGA-DB-A4XA-01,-0.4719,WHITE,MALE,Oligoastrocytoma,mutant
TCGA-E1-A7YM-01,-0.4719,WHITE,MALE,Astrocytoma,wildtype
TCGA-FG-5965-02,-0.452029810221,WHITE,FEMALE,Oligoastrocytoma,NA
TCGA-P5-A5F1-01,-0.4325,WHITE,MALE,Astrocytoma,mutant
TCGA-E1-A7YK-01,-0.4325,WHITE,MALE,Astrocytoma,mutant
TCGA-CS-5395-01,-0.4325,BLACK OR AFRICAN AMERICAN,MALE,Oligodendroglioma,wildtype
TCGA-S9-A7IY-01,-0.4325,WHITE,MALE,Oligoastrocytoma,mutant
TCGA-FG-A4MT-02,-0.4325,WHITE,FEMALE,Oligodendroglioma,NA
TCGA-HT-8019-01,-0.4131,WHITE,FEMALE,Oligodendroglioma,NA
TCGA-S9-A6U2-01,-0.4131,WHITE,FEMALE,Oligodendroglioma,mutant
TCGA-QH-A6X3-01,-0.4131,WHITE,MALE,Oligoastrocytoma,mutant
TCGA-TQ-A7RI-01,-0.4131,WHITE,FEMALE,Oligodendroglioma,mutant
TCGA-TQ-A7RK-01,-0.4131,WHITE,MALE,Oligoastrocytoma,mutant
TCGA-DU-A76K-01,-0.4131,WHITE,MALE,Oligodendroglioma,wildtype
TCGA-IK-8125-01,-0.394,WHITE,MALE,Oligoastrocytoma,mutant
TCGA-HT-7620-01,-0.394,WHITE,MALE,Oligodendroglioma,mutant
TCGA-VM-A8CH-01,-0.394,WHITE,FEMALE,Astrocytoma,mutant
TCGA-DB-A4XB-01,-0.3752,WHITE,MALE,Astrocytoma,mutant
TCGA-HT-A5RB-01,-0.3752,WHITE,MALE,Astrocytoma,mutant
TCGA-E1-A7YW-01,-0.3752,WHITE,MALE,Oligoastrocytoma,mutant
TCGA-FG-6690-01,-0.3752,WHITE,MALE,Oligodendroglioma,mutant
TCGA-DU-6399-01,-0.3566,WHITE,MALE,Oligodendroglioma,mutant
TCGA-DB-5275-01,-0.3566,WHITE,MALE,Oligoastrocytoma,mutant
TCGA-HT-7470-01,-0.3566,WHITE,MALE,Oligodendroglioma,mutant
TCGA-FG-7634-01,-0.3566,WHITE,MALE,Oligodendroglioma,mutant
TCGA-DH-A66F-01,-0.3566,WHITE,MALE,Oligodendroglioma,mutant
TCGA-QH-A65S-01,-0.3383,WHITE,FEMALE,Oligoastrocytoma,mutant
TCGA-S9-A7J3-01,-0.3383,WHITE,FEMALE,Oligodendroglioma,mutant
TCGA-P5-A5EV-01,-0.3383,WHITE,MALE,Astrocytoma,mutant
TCGA-E1-A7YV-01,-0.3383,WHITE,FEMALE,Oligoastrocytoma,mutant
TCGA-E1-5302-01,-0.3383,WHITE,MALE,Astrocytoma,mutant
TCGA-DU-A5TW-01,-0.3201,BLACK OR AFRICAN AMERICAN,FEMALE,Astrocytoma,mutant
TCGA-DB-5279-01,-0.3201,NA,MALE,Oligodendroglioma,mutant
TCGA-S9-A6TU-01,-0.3201,WHITE,MALE,Astrocytoma,mutant
TCGA-DU-6400-01,-0.3201,WHITE,FEMALE,Oligodendroglioma,mutant
TCGA-DB-A64U-01,-0.3022,WHITE,FEMALE,Oligoastrocytoma,mutant
TCGA-S9-A6U9-01,-0.2845,WHITE,MALE,Astrocytoma,mutant
TCGA-VM-A8C9-01,-0.2845,[Not Evaluated],FEMALE,Astrocytoma,wildtype
TCGA-QH-A6XA-01,-0.2845,WHITE,FEMALE,Oligoastrocytoma,mutant
TCGA-QH-A6X9-01,-0.2845,WHITE,FEMALE,Oligodendroglioma,mutant
TCGA-HT-A74J-01,-0.2845,WHITE,MALE,Oligoastrocytoma,mutant
TCGA-DB-5280-01,-0.2671,WHITE,MALE,Oligoastrocytoma,mutant
TCGA-E1-A7YO-01,-0.2498,WHITE,MALE,Oligodendroglioma,mutant
TCGA-DB-A4XG-01,-0.2498,WHITE,MALE,Oligodendroglioma,mutant
TCGA-HT-7609-01,-0.2498,WHITE,MALE,Oligoastrocytoma,mutant
TCGA-TM-A84B-01,-0.2498,WHITE,MALE,Astrocytoma,wildtype
TCGA-HT-8010-01,-0.2328,WHITE,FEMALE,Oligodendroglioma,mutant
TCGA-DU-7299-01,-0.2328,WHITE,MALE,Astrocytoma,mutant
TCGA-DB-A4X9-01,-0.2328,WHITE,FEMALE,Oligoastrocytoma,mutant
TCGA-FG-8181-01,-0.2159,WHITE,MALE,Oligoastrocytoma,wildtype
TCGA-P5-A733-01,-0.2159,WHITE,FEMALE,Astrocytoma,mutant
TCGA-DU-7309-01,-0.2159,WHITE,FEMALE,Oligodendroglioma,mutant
TCGA-HT-8108-01,-0.2159,WHITE,FEMALE,Oligodendroglioma,mutant
TCGA-HT-8011-01,-0.2159,WHITE,MALE,Astrocytoma,wildtype
TCGA-HT-7690-01,-0.2159,WHITE,MALE,Oligoastrocytoma,mutant
TCGA-HT-A74H-01,-0.2159,WHITE,MALE,Astrocytoma,wildtype
TCGA-HT-7602-01,-0.1993,WHITE,MALE,Oligodendroglioma,mutant
TCGA-DU-A6S2-01,-0.1993,BLACK OR AFRICAN AMERICAN,FEMALE,Oligodendroglioma,mutant
TCGA-QH-A65Z-01,-0.1993,WHITE,MALE,Oligodendroglioma,mutant
TCGA-CS-6666-01,-0.1828,WHITE,MALE,Astrocytoma,mutant
TCGA-S9-A6WP-01,-0.1828,WHITE,MALE,Oligoastrocytoma,mutant
TCGA-CS-4944-01,-0.1828,WHITE,MALE,Astrocytoma,mutant
TCGA-HT-7676-01,-0.1665,WHITE,MALE,Oligodendroglioma,mutant
TCGA-S9-A6U5-01,-0.1665,WHITE,MALE,Astrocytoma,mutant
TCGA-TM-A7C4-01,-0.1665,WHITE,FEMALE,Astrocytoma,mutant
TCGA-P5-A5EY-01,-0.1665,WHITE,MALE,Astrocytoma,wildtype
TCGA-HT-7902-01,-0.1665,WHITE,FEMALE,Oligoastrocytoma,mutant
TCGA-TQ-A7RP-01,-0.1504,BLACK OR AFRICAN AMERICAN,MALE,Oligoastrocytoma,wildtype
TCGA-HW-7486-01,-0.1345,WHITE,MALE,Oligodendroglioma,mutant
TCGA-S9-A7R4-01,-0.1345,WHITE,MALE,Astrocytoma,mutant
TCGA-R8-A6MK-01,-0.1345,WHITE,MALE,Oligodendroglioma,mutant
TCGA-HT-7483-01,-0.1345,WHITE,MALE,Oligoastrocytoma,mutant
TCGA-RY-A845-01,-0.1187,WHITE,FEMALE,Oligoastrocytoma,mutant
TCGA-HT-7610-01,-0.1187,WHITE,FEMALE,Oligoastrocytoma,mutant
TCGA-DU-6403-01,-0.1187,WHITE,FEMALE,Oligoastrocytoma,wildtype
TCGA-P5-A5F4-01,-0.1187,WHITE,FEMALE,Oligodendroglioma,mutant
TCGA-FG-7641-01,-0.1031,WHITE,MALE,Oligodendroglioma,mutant
TCGA-FG-5964-01,-0.1031,WHITE,MALE,Oligodendroglioma,mutant
TCGA-CS-4938-01,-0.0877,WHITE,FEMALE,Astrocytoma,mutant
TCGA-S9-A6WI-01,-0.0877,WHITE,FEMALE,Oligoastrocytoma,mutant
TCGA-TM-A84H-01,-0.0877,WHITE,FEMALE,Oligoastrocytoma,mutant
TCGA-S9-A89Z-01,-0.0877,WHITE,MALE,Astrocytoma,mutant
TCGA-DB-A75L-01,-0.0725,WHITE,FEMALE,Astrocytoma,mutant
TCGA-HT-A74L-01,-0.0725,WHITE,FEMALE,Oligoastrocytoma,mutant
TCGA-QH-A6CX-01,-0.0725,WHITE,MALE,Astrocytoma,wildtype
TCGA-HT-8558-01,-0.0574,WHITE,FEMALE,Oligodendroglioma,wildtype
TCGA-HT-7880-01,-0.0574,WHITE,MALE,Oligoastrocytoma,mutant
TCGA-TQ-A7RR-01,-0.0277,WHITE,MALE,Oligoastrocytoma,mutant
TCGA-CS-5393-01,-0.0277,WHITE,MALE,Astrocytoma,mutant
TCGA-HT-A4DS-01,-0.0277,WHITE,FEMALE,Astrocytoma,wildtype
TCGA-HT-7858-01,-0.013,WHITE,MALE,Astrocytoma,mutant
TCGA-HW-7487-01,-0.013,WHITE,MALE,Oligodendroglioma,mutant
TCGA-E1-A7YD-01,-0.013,WHITE,MALE,Astrocytoma,wildtype
TCGA-TM-A84S-01,0.0158,WHITE,MALE,Oligodendroglioma,mutant
TCGA-S9-A6WL-01,0.0158,WHITE,MALE,Astrocytoma,mutant
TCGA-FG-6689-01,0.0158,WHITE,MALE,Astrocytoma,mutant
TCGA-HT-7856-01,0.0158,WHITE,MALE,Oligodendroglioma,mutant
TCGA-HT-A614-01,0.0158,WHITE,MALE,Oligoastrocytoma,mutant
TCGA-HT-7687-01,0.03,WHITE,MALE,Oligodendroglioma,mutant
TCGA-DB-5273-01,0.03,WHITE,MALE,Astrocytoma,mutant
TCGA-FG-A60L-01,0.03,WHITE,FEMALE,Astrocytoma,mutant
TCGA-DH-5140-01,0.03,WHITE,FEMALE,Oligoastrocytoma,wildtype
TCGA-DB-A64L-01,0.044,WHITE,FEMALE,Oligodendroglioma,mutant
TCGA-HT-7469-01,0.058,WHITE,MALE,Oligodendroglioma,wildtype
TCGA-S9-A6U6-01,0.058,WHITE,MALE,Astrocytoma,mutant
TCGA-S9-A6WD-01,0.0718,WHITE,MALE,Oligodendroglioma,mutant
TCGA-FG-8187-01,0.0718,WHITE,MALE,Oligoastrocytoma,mutant
TCGA-HT-7874-01,0.0854,WHITE,FEMALE,Oligodendroglioma,mutant
TCGA-HW-8321-01,0.0854,WHITE,MALE,Astrocytoma,mutant
TCGA-DU-7300-01,0.0854,WHITE,FEMALE,Oligodendroglioma,mutant
TCGA-DU-8167-01,0.0854,WHITE,FEMALE,Oligoastrocytoma,mutant
TCGA-DU-A7TG-01,0.099,WHITE,MALE,Oligodendroglioma,mutant
TCGA-FG-8189-01,0.1124,WHITE,FEMALE,Oligodendroglioma,mutant
TCGA-DH-A66B-01,0.1257,WHITE,MALE,Astrocytoma,mutant
TCGA-S9-A6TZ-01,0.1257,WHITE,FEMALE,Astrocytoma,mutant
TCGA-DB-A64O-01,0.1388,WHITE,MALE,Oligoastrocytoma,wildtype
TCGA-FG-A60J-01,0.1388,WHITE,FEMALE,Oligoastrocytoma,mutant
TCGA-DU-8168-01,0.1388,WHITE,FEMALE,Oligodendroglioma,mutant
TCGA-TM-A7C3-01,0.1388,WHITE,FEMALE,Astrocytoma,wildtype
TCGA-TQ-A7RK-02,0.151824498155,WHITE,MALE,Oligoastrocytoma,NA
TCGA-FG-A70Z-01,0.1519,BLACK OR AFRICAN AMERICAN,FEMALE,Oligoastrocytoma,wildtype
TCGA-S9-A7IQ-01,0.1519,WHITE,FEMALE,Oligoastrocytoma,mutant
TCGA-DU-A5TT-01,0.1519,WHITE,MALE,Oligodendroglioma,wildtype
TCGA-DU-5871-01,0.1648,WHITE,FEMALE,Oligoastrocytoma,mutant
TCGA-DB-5281-01,0.1648,WHITE,MALE,Oligoastrocytoma,mutant
TCGA-S9-A7IZ-01,0.1648,WHITE,FEMALE,Astrocytoma,mutant
TCGA-HT-7688-01,0.1648,WHITE,MALE,Oligodendroglioma,mutant
TCGA-HT-8109-01,0.1776,WHITE,MALE,Oligodendroglioma,mutant
TCGA-S9-A6U1-01,0.1903,WHITE,FEMALE,Astrocytoma,mutant
TCGA-E1-A7YE-01,0.1903,WHITE,FEMALE,Astrocytoma,mutant
TCGA-HT-8113-01,0.2154,BLACK OR AFRICAN AMERICAN,FEMALE,Oligodendroglioma,mutant
TCGA-TM-A84R-01,0.2277,WHITE,MALE,Oligodendroglioma,mutant
TCGA-DU-7019-01,0.2277,WHITE,MALE,Oligoastrocytoma,mutant
TCGA-TQ-A7RJ-01,0.2277,WHITE,FEMALE,Oligoastrocytoma,mutant
TCGA-DH-A66D-01,0.2277,WHITE,FEMALE,Astrocytoma,mutant
TCGA-TQ-A7RW-01,0.2277,WHITE,MALE,Oligodendroglioma,mutant
TCGA-HT-7881-01,0.2277,BLACK OR AFRICAN AMERICAN,MALE,Oligodendroglioma,mutant
TCGA-S9-A6WO-01,0.2277,WHITE,MALE,Astrocytoma,mutant
TCGA-P5-A5F2-01,0.24,WHITE,FEMALE,Astrocytoma,mutant
TCGA-E1-A7Z3-01,0.24,BLACK OR AFRICAN AMERICAN,FEMALE,Astrocytoma,mutant
TCGA-DU-7298-01,0.24,BLACK OR AFRICAN AMERICAN,FEMALE,Astrocytoma,mutant
TCGA-VM-A8CA-01,0.2522,[Unknown],MALE,Oligodendroglioma,mutant
TCGA-FG-8182-01,0.2522,WHITE,MALE,Oligodendroglioma,mutant
TCGA-DU-6395-01,0.2642,WHITE,MALE,Oligoastrocytoma,mutant
TCGA-FG-8188-01,0.2642,WHITE,MALE,Oligoastrocytoma,mutant
TCGA-HT-8105-01,0.2642,WHITE,MALE,Oligodendroglioma,mutant
TCGA-DU-7302-01,0.2762,WHITE,FEMALE,Oligodendroglioma,mutant
TCGA-HW-8320-01,0.2762,WHITE,MALE,Astrocytoma,mutant
TCGA-DU-7301-01,0.2762,WHITE,MALE,Oligodendroglioma,mutant
TCGA-DU-7011-01,0.2881,WHITE,MALE,Oligoastrocytoma,mutant
TCGA-HT-7607-01,0.2998,WHITE,FEMALE,Astrocytoma,mutant
TCGA-DB-A64V-01,0.2998,WHITE,MALE,Oligodendroglioma,mutant
TCGA-DU-5853-01,0.2998,WHITE,MALE,Oligoastrocytoma,mutant
TCGA-DU-7292-01,0.2998,WHITE,MALE,Astrocytoma,wildtype
TCGA-HW-7489-01,0.3115,WHITE,MALE,Oligoastrocytoma,mutant
TCGA-VW-A7QS-01,0.3115,ASIAN,FEMALE,Oligodendroglioma,mutant
TCGA-HT-7873-01,0.3231,WHITE,MALE,Oligoastrocytoma,mutant
TCGA-HT-7478-01,0.3231,WHITE,MALE,Astrocytoma,mutant
TCGA-FG-5962-01,0.3231,WHITE,MALE,Oligodendroglioma,mutant
TCGA-FG-6691-01,0.3231,WHITE,FEMALE,Astrocytoma,mutant
TCGA-S9-A7J1-01,0.3231,WHITE,MALE,Oligodendroglioma,mutant
TCGA-HT-A5RA-01,0.3346,WHITE,FEMALE,Astrocytoma,wildtype
TCGA-S9-A6WG-01,0.346,WHITE,MALE,Astrocytoma,mutant
TCGA-QH-A6XC-01,0.3573,WHITE,MALE,Astrocytoma,wildtype
TCGA-DU-6396-01,0.3573,WHITE,FEMALE,Oligoastrocytoma,mutant
TCGA-HT-A5R7-01,0.3685,WHITE,FEMALE,Astrocytoma,mutant
TCGA-HT-7689-01,0.3796,WHITE,FEMALE,Oligodendroglioma,mutant
TCGA-CS-6188-01,0.3796,WHITE,MALE,Astrocytoma,wildtype
TCGA-HW-7490-01,0.3907,WHITE,MALE,Astrocytoma,mutant
TCGA-HT-7694-01,0.4016,WHITE,MALE,Oligodendroglioma,mutant
TCGA-HT-7605-01,0.4016,WHITE,MALE,Oligodendroglioma,mutant
TCGA-DU-A7T8-01,0.4125,WHITE,MALE,Oligoastrocytoma,mutant
TCGA-DB-A75K-01,0.4125,WHITE,FEMALE,Oligoastrocytoma,mutant
TCGA-E1-5307-01,0.4233,WHITE,FEMALE,Astrocytoma,mutant
TCGA-DU-7015-01,0.434,WHITE,FEMALE,Oligodendroglioma,mutant
TCGA-DU-5855-01,0.4447,WHITE,FEMALE,Oligoastrocytoma,mutant
TCGA-HT-7603-01,0.4552,WHITE,MALE,Oligodendroglioma,mutant
TCGA-HT-7693-01,0.4761,WHITE,FEMALE,Oligodendroglioma,mutant
TCGA-S9-A7R7-01,0.4865,WHITE,MALE,Astrocytoma,mutant
TCGA-DB-5270-01,0.4865,WHITE,FEMALE,Oligoastrocytoma,mutant
TCGA-DU-7007-01,0.4865,WHITE,MALE,Astrocytoma,mutant
TCGA-DH-5143-01,0.537,WHITE,MALE,Oligoastrocytoma,mutant
TCGA-HT-8015-01,0.537,WHITE,MALE,Astrocytoma,wildtype
TCGA-HT-7479-01,0.5568,WHITE,MALE,Astrocytoma,mutant
TCGA-HT-7601-01,0.5568,WHITE,FEMALE,Astrocytoma,mutant
TCGA-HT-8018-01,0.5763,WHITE,FEMALE,Oligoastrocytoma,mutant
TCGA-VW-A8FI-01,0.5763,WHITE,MALE,Astrocytoma,wildtype
TCGA-TM-A84L-01,0.5955,WHITE,MALE,Oligoastrocytoma,mutant
TCGA-CS-4942-01,0.605,BLACK OR AFRICAN AMERICAN,FEMALE,Astrocytoma,mutant
TCGA-QH-A870-01,0.6145,WHITE,FEMALE,Oligoastrocytoma,mutant
TCGA-HT-7680-01,0.6145,WHITE,FEMALE,Astrocytoma,wildtype
TCGA-DU-8163-01,0.6332,WHITE,MALE,Oligoastrocytoma,mutant
TCGA-HT-7471-01,0.6332,WHITE,FEMALE,Oligodendroglioma,mutant
TCGA-HT-7686-01,0.6425,WHITE,FEMALE,Astrocytoma,mutant
TCGA-DU-6408-01,0.6699,WHITE,FEMALE,Oligodendroglioma,mutant
TCGA-FG-A710-01,0.6699,WHITE,FEMALE,Oligodendroglioma,mutant
TCGA-DU-5872-01,0.679,BLACK OR AFRICAN AMERICAN,FEMALE,Oligoastrocytoma,mutant
TCGA-HT-7472-01,0.688,WHITE,MALE,Oligodendroglioma,mutant
TCGA-E1-A7YY-01,0.688,WHITE,FEMALE,Oligodendroglioma,mutant
TCGA-S9-A7R3-01,0.6969,WHITE,FEMALE,Astrocytoma,mutant
TCGA-TQ-A7RH-01,0.6969,BLACK OR AFRICAN AMERICAN,MALE,Oligoastrocytoma,mutant
TCGA-HT-7482-01,0.7058,WHITE,FEMALE,Oligoastrocytoma,mutant
TCGA-DU-A7TJ-01,0.7058,BLACK OR AFRICAN AMERICAN,MALE,Astrocytoma,wildtype
TCGA-S9-A6U0-01,0.7058,WHITE,MALE,Astrocytoma,wildtype
TCGA-E1-A7YL-01,0.7146,WHITE,MALE,Astrocytoma,wildtype
TCGA-S9-A6U8-01,0.7233,WHITE,MALE,Astrocytoma,mutant
TCGA-FG-6688-01,0.7321,BLACK OR AFRICAN AMERICAN,FEMALE,Astrocytoma,wildtype
TCGA-FG-8186-01,0.7407,WHITE,FEMALE,Oligoastrocytoma,mutant
TCGA-TQ-A7RF-01,0.7493,WHITE,FEMALE,Oligodendroglioma,mutant
TCGA-HW-8319-01,0.7664,WHITE,FEMALE,Astrocytoma,mutant
TCGA-DU-A76R-01,0.7664,WHITE,MALE,Oligodendroglioma,mutant
TCGA-DU-5854-01,0.8082,WHITE,FEMALE,Astrocytoma,wildtype
TCGA-HT-A618-01,0.8082,WHITE,FEMALE,Astrocytoma,wildtype
TCGA-S9-A7R2-01,0.8082,WHITE,MALE,Astrocytoma,wildtype
TCGA-DU-8165-01,0.8164,WHITE,FEMALE,Oligodendroglioma,wildtype
TCGA-P5-A736-01,0.8164,WHITE,FEMALE,Astrocytoma,mutant
TCGA-CS-6290-01,0.8246,NA,MALE,Astrocytoma,mutant
TCGA-HT-7691-01,0.8488,WHITE,FEMALE,Astrocytoma,wildtype
TCGA-CS-6186-01,0.8568,WHITE,MALE,Oligoastrocytoma,wildtype
TCGA-HW-7493-01,0.8647,WHITE,FEMALE,Astrocytoma,NA
TCGA-E1-A7Z6-01,0.8883,WHITE,FEMALE,Astrocytoma,mutant
TCGA-FG-8191-01,0.9038,WHITE,MALE,Oligodendroglioma,mutant
TCGA-FG-5963-01,0.9038,WHITE,MALE,Astrocytoma,wildtype
TCGA-HT-8107-01,0.9343,WHITE,MALE,Oligodendroglioma,wildtype
TCGA-QH-A6CS-01,0.9493,WHITE,MALE,Astrocytoma,wildtype
TCGA-HT-8114-01,0.9642,WHITE,MALE,Oligoastrocytoma,mutant
TCGA-DU-7306-01,0.9935,WHITE,MALE,Oligoastrocytoma,mutant
TCGA-DU-6542-01,1.0007,WHITE,MALE,Oligoastrocytoma,mutant
TCGA-DH-A669-01,1.0151,WHITE,MALE,Oligodendroglioma,mutant
TCGA-DB-A4XF-01,1.0293,WHITE,FEMALE,Astrocytoma,mutant
TCGA-HT-7485-01,1.0363,WHITE,MALE,Astrocytoma,mutant
TCGA-HT-7616-01,1.0983,WHITE,MALE,Oligodendroglioma,mutant
TCGA-DU-5852-01,1.0983,WHITE,FEMALE,Oligoastrocytoma,wildtype
TCGA-TM-A84C-01,1.0983,WHITE,MALE,Astrocytoma,wildtype
TCGA-DB-A75P-01,1.1184,[Unknown],FEMALE,Astrocytoma,wildtype
TCGA-DU-A5TY-01,1.1316,WHITE,FEMALE,Astrocytoma,wildtype
TCGA-HT-7611-01,1.1447,WHITE,MALE,Oligoastrocytoma,mutant
TCGA-DU-8162-01,1.1577,WHITE,FEMALE,Oligoastrocytoma,wildtype
TCGA-HT-8106-01,1.1577,WHITE,MALE,Astrocytoma,mutant
TCGA-E1-A7YJ-01,1.1706,WHITE,MALE,Astrocytoma,wildtype
TCGA-HT-8564-01,1.177,WHITE,MALE,Astrocytoma,wildtype
TCGA-HT-7473-01,1.196,WHITE,MALE,Oligoastrocytoma,mutant
TCGA-QH-A6CV-01,1.2023,ASIAN,MALE,Oligoastrocytoma,wildtype
TCGA-TM-A84F-01,1.2147,WHITE,MALE,Astrocytoma,mutant
TCGA-HT-7854-01,1.2756,WHITE,MALE,Astrocytoma,wildtype
TCGA-DU-A6S7-01,1.2815,WHITE,FEMALE,Astrocytoma,mutant
TCGA-P5-A72U-01,1.2875,WHITE,FEMALE,Oligodendroglioma,mutant
TCGA-HW-A5KK-01,1.2992,WHITE,MALE,Astrocytoma,wildtype
TCGA-DU-7290-01,1.3397,WHITE,FEMALE,Astrocytoma,wildtype
TCGA-P5-A5EW-01,1.3567,WHITE,FEMALE,Astrocytoma,mutant
TCGA-DU-8166-01,1.3846,WHITE,FEMALE,Oligoastrocytoma,mutant
TCGA-DU-5847-01,1.3846,WHITE,FEMALE,Astrocytoma,wildtype
TCGA-HT-A615-01,1.4335,WHITE,FEMALE,Oligodendroglioma,mutant
TCGA-DU-6394-01,1.4547,WHITE,MALE,Oligodendroglioma,mutant
TCGA-P5-A731-01,1.4704,WHITE,FEMALE,Oligoastrocytoma,mutant
TCGA-DU-8161-01,1.4962,WHITE,FEMALE,Oligoastrocytoma,wildtype
TCGA-KT-A7W1-01,1.5013,WHITE,FEMALE,Astrocytoma,wildtype
TCGA-CS-5397-01,1.5115,WHITE,FEMALE,Astrocytoma,wildtype
TCGA-DU-8158-01,1.5165,WHITE,FEMALE,Astrocytoma,wildtype
TCGA-FG-A4MU-01,1.5661,WHITE,MALE,Oligoastrocytoma,wildtype
TCGA-FG-7643-01,1.6187,WHITE,FEMALE,Oligoastrocytoma,wildtype
TCGA-HT-8110-01,1.6558,WHITE,MALE,Astrocytoma,wildtype
TCGA-S9-A6UA-01,1.6604,WHITE,MALE,Astrocytoma,wildtype
TCGA-S9-A89V-01,1.6604,WHITE,MALE,Astrocytoma,wildtype
TCGA-DB-5276-01,1.6695,WHITE,MALE,Oligoastrocytoma,mutant
TCGA-E1-A7YN-01,1.7185,WHITE,FEMALE,Astrocytoma,wildtype
TCGA-HT-8104-01,1.7828,WHITE,FEMALE,Astrocytoma,wildtype
TCGA-HT-A617-01,1.7828,AMERICAN INDIAN OR ALASKA NATIVE,MALE,Oligodendroglioma,wildtype
TCGA-HT-A61C-01,1.8078,WHITE,MALE,Oligodendroglioma,wildtype
TCGA-E1-A7YQ-01,1.8363,BLACK OR AFRICAN AMERICAN,FEMALE,Oligodendroglioma,wildtype
TCGA-HT-A5R5-01,1.9073,WHITE,FEMALE,Oligodendroglioma,mutant
TCGA-DU-5872-02,1.9188,BLACK OR AFRICAN AMERICAN,FEMALE,Oligoastrocytoma,NA
TCGA-S9-A6WM-01,1.9226,WHITE,FEMALE,Astrocytoma,wildtype
TCGA-DU-A7TI-01,1.9564,WHITE,MALE,Astrocytoma,NA
TCGA-DU-A7TD-01,1.9895,WHITE,MALE,Oligoastrocytoma,wildtype
TCGA-S9-A7IX-01,2.0147,WHITE,MALE,Astrocytoma,wildtype
TCGA-DU-6405-01,2.0183,WHITE,FEMALE,Astrocytoma,wildtype
TCGA-P5-A5EU-01,2.0979,WHITE,MALE,Astrocytoma,mutant
TCGA-HW-A5KM-01,2.1147,WHITE,MALE,Astrocytoma,mutant
TCGA-FN-7833-01,2.3394,WHITE,MALE,Oligoastrocytoma,mutant
TCGA-DU-7013-01,2.3788,WHITE,MALE,Astrocytoma,wildtype
TCGA-VM-A8CD-01,2.409,WHITE,MALE,Astrocytoma,wildtype
TCGA-FG-A87Q-01,2.4198,WHITE,FEMALE,Astrocytoma,wildtype
TCGA-HT-7882-01,2.4908,WHITE,MALE,Oligodendroglioma,wildtype
TCGA-CS-4941-01,2.6579,WHITE,MALE,Astrocytoma,wildtype
TCGA-DU-7012-01,2.6805,BLACK OR AFRICAN AMERICAN,FEMALE,Astrocytoma,wildtype
TCGA-HT-7860-01,3.0688,WHITE,FEMALE,Astrocytoma,wildtype
TCGA-DU-A76L-01,3.0808,WHITE,MALE,Oligodendroglioma,wildtype
TCGA-DU-A5TP-01,3.1261,WHITE,MALE,Astrocytoma,mutant
TCGA-S9-A6TV-01,3.1409,WHITE,MALE,Oligoastrocytoma,mutant
TCGA-HT-A5RC-01,3.2662,WHITE,FEMALE,Astrocytoma,wildtype
TCGA-DU-6406-01,3.3235,WHITE,FEMALE,Oligoastrocytoma,wildtype
TCGA-HT-8563-01,3.449,WHITE,FEMALE,Astrocytoma,mutant
TCGA-HT-7857-01,3.6219,WHITE,FEMALE,Astrocytoma,wildtype
TCGA-DU-6402-01,3.6405,WHITE,MALE,Astrocytoma,wildtype
TCGA-DU-7006-01,3.7138,WHITE,FEMALE,Astrocytoma,wildtype
TCGA-S9-A6WN-01,3.9801,WHITE,FEMALE,Astrocytoma,mutant
TCGA-P5-A5EX-01,4.4101,WHITE,FEMALE,Oligodendroglioma,mutant
