"","id","level3","level2","level1"
"1","ko01100"," Metabolic pathways","Global and overview maps","Metabolism"
"2","ko01110"," Biosynthesis of secondary metabolites","Global and overview maps","Metabolism"
"3","ko01120"," Microbial metabolism in diverse environments","Global and overview maps","Metabolism"
"4","ko01200"," Carbon metabolism","Global and overview maps","Metabolism"
"5","ko01210"," 2-Oxocarboxylic acid metabolism","Global and overview maps","Metabolism"
"6","ko01212"," Fatty acid metabolism","Global and overview maps","Metabolism"
"7","ko01230"," Biosynthesis of amino acids","Global and overview maps","Metabolism"
"8","ko01240"," Biosynthesis of cofactors","Global and overview maps","Metabolism"
"9","ko01220"," Degradation of aromatic compounds","Global and overview maps","Metabolism"
"10","ko00010"," Glycolysis / Gluconeogenesis","Carbohydrate metabolism","Metabolism"
"11","ko00020"," Citrate cycle (TCA cycle)","Carbohydrate metabolism","Metabolism"
"12","ko00030"," Pentose phosphate pathway","Carbohydrate metabolism","Metabolism"
"13","ko00040"," Pentose and glucuronate interconversions","Carbohydrate metabolism","Metabolism"
"14","ko00051"," Fructose and mannose metabolism","Carbohydrate metabolism","Metabolism"
"15","ko00052"," Galactose metabolism","Carbohydrate metabolism","Metabolism"
"16","ko00053"," Ascorbate and aldarate metabolism","Carbohydrate metabolism","Metabolism"
"17","ko00500"," Starch and sucrose metabolism","Carbohydrate metabolism","Metabolism"
"18","ko00520"," Amino sugar and nucleotide sugar metabolism","Carbohydrate metabolism","Metabolism"
"19","ko00620"," Pyruvate metabolism","Carbohydrate metabolism","Metabolism"
"20","ko00630"," Glyoxylate and dicarboxylate metabolism","Carbohydrate metabolism","Metabolism"
"21","ko00640"," Propanoate metabolism","Carbohydrate metabolism","Metabolism"
"22","ko00650"," Butanoate metabolism","Carbohydrate metabolism","Metabolism"
"23","ko00660"," C5-Branched dibasic acid metabolism","Carbohydrate metabolism","Metabolism"
"24","ko00562"," Inositol phosphate metabolism","Carbohydrate metabolism","Metabolism"
"25","ko00190"," Oxidative phosphorylation","Energy metabolism","Metabolism"
"26","ko00195"," Photosynthesis","Energy metabolism","Metabolism"
"27","ko00196"," Photosynthesis - antenna proteins","Energy metabolism","Metabolism"
"28","ko00710"," Carbon fixation in photosynthetic organisms","Energy metabolism","Metabolism"
"29","ko00720"," Carbon fixation pathways in prokaryotes","Energy metabolism","Metabolism"
"30","ko00680"," Methane metabolism","Energy metabolism","Metabolism"
"31","ko00910"," Nitrogen metabolism","Energy metabolism","Metabolism"
"32","ko00920"," Sulfur metabolism","Energy metabolism","Metabolism"
"33","ko00061"," Fatty acid biosynthesis","Lipid metabolism","Metabolism"
"34","ko00062"," Fatty acid elongation","Lipid metabolism","Metabolism"
"35","ko00071"," Fatty acid degradation","Lipid metabolism","Metabolism"
"36","ko00072"," Synthesis and degradation of ketone bodies","Lipid metabolism","Metabolism"
"37","ko00073"," Cutin, suberine and wax biosynthesis","Lipid metabolism","Metabolism"
"38","ko00100"," Steroid biosynthesis","Lipid metabolism","Metabolism"
"39","ko00120"," Primary bile acid biosynthesis","Lipid metabolism","Metabolism"
"40","ko00121"," Secondary bile acid biosynthesis","Lipid metabolism","Metabolism"
"41","ko00140"," Steroid hormone biosynthesis","Lipid metabolism","Metabolism"
"42","ko00561"," Glycerolipid metabolism","Lipid metabolism","Metabolism"
"43","ko00564"," Glycerophospholipid metabolism","Lipid metabolism","Metabolism"
"44","ko00565"," Ether lipid metabolism","Lipid metabolism","Metabolism"
"45","ko00600"," Sphingolipid metabolism","Lipid metabolism","Metabolism"
"46","ko00590"," Arachidonic acid metabolism","Lipid metabolism","Metabolism"
"47","ko00591"," Linoleic acid metabolism","Lipid metabolism","Metabolism"
"48","ko00592"," alpha-Linolenic acid metabolism","Lipid metabolism","Metabolism"
"49","ko01040"," Biosynthesis of unsaturated fatty acids","Lipid metabolism","Metabolism"
"50","ko00230"," Purine metabolism","Nucleotide metabolism","Metabolism"
"51","ko00240"," Pyrimidine metabolism","Nucleotide metabolism","Metabolism"
"52","ko00250"," Alanine, aspartate and glutamate metabolism","Amino acid metabolism","Metabolism"
"53","ko00260"," Glycine, serine and threonine metabolism","Amino acid metabolism","Metabolism"
"54","ko00270"," Cysteine and methionine metabolism","Amino acid metabolism","Metabolism"
"55","ko00280"," Valine, leucine and isoleucine degradation","Amino acid metabolism","Metabolism"
"56","ko00290"," Valine, leucine and isoleucine biosynthesis","Amino acid metabolism","Metabolism"
"57","ko00300"," Lysine biosynthesis","Amino acid metabolism","Metabolism"
"58","ko00310"," Lysine degradation","Amino acid metabolism","Metabolism"
"59","ko00220"," Arginine biosynthesis","Amino acid metabolism","Metabolism"
"60","ko00330"," Arginine and proline metabolism","Amino acid metabolism","Metabolism"
"61","ko00340"," Histidine metabolism","Amino acid metabolism","Metabolism"
"62","ko00350"," Tyrosine metabolism","Amino acid metabolism","Metabolism"
"63","ko00360"," Phenylalanine metabolism","Amino acid metabolism","Metabolism"
"64","ko00380"," Tryptophan metabolism","Amino acid metabolism","Metabolism"
"65","ko00400"," Phenylalanine, tyrosine and tryptophan biosynthesis","Amino acid metabolism","Metabolism"
"66","ko00410"," beta-Alanine metabolism","Metabolism of other amino acids","Metabolism"
"67","ko00430"," Taurine and hypotaurine metabolism","Metabolism of other amino acids","Metabolism"
"68","ko00440"," Phosphonate and phosphinate metabolism","Metabolism of other amino acids","Metabolism"
"69","ko00450"," Selenocompound metabolism","Metabolism of other amino acids","Metabolism"
"70","ko00460"," Cyanoamino acid metabolism","Metabolism of other amino acids","Metabolism"
"71","ko00471"," D-Glutamine and D-glutamate metabolism","Metabolism of other amino acids","Metabolism"
"72","ko00472"," D-Arginine and D-ornithine metabolism","Metabolism of other amino acids","Metabolism"
"73","ko00473"," D-Alanine metabolism","Metabolism of other amino acids","Metabolism"
"74","ko00480"," Glutathione metabolism","Metabolism of other amino acids","Metabolism"
"75","ko00510"," N-Glycan biosynthesis","Glycan biosynthesis and metabolism","Metabolism"
"76","ko00513"," Various types of N-glycan biosynthesis","Glycan biosynthesis and metabolism","Metabolism"
"77","ko00512"," Mucin type O-glycan biosynthesis","Glycan biosynthesis and metabolism","Metabolism"
"78","ko00515"," Mannose type O-glycan biosynthesis","Glycan biosynthesis and metabolism","Metabolism"
"79","ko00514"," Other types of O-glycan biosynthesis","Glycan biosynthesis and metabolism","Metabolism"
"80","ko00532"," Glycosaminoglycan biosynthesis - chondroitin sulfate / dermatan sulfate","Glycan biosynthesis and metabolism","Metabolism"
"81","ko00534"," Glycosaminoglycan biosynthesis - heparan sulfate / heparin","Glycan biosynthesis and metabolism","Metabolism"
"82","ko00533"," Glycosaminoglycan biosynthesis - keratan sulfate","Glycan biosynthesis and metabolism","Metabolism"
"83","ko00531"," Glycosaminoglycan degradation","Glycan biosynthesis and metabolism","Metabolism"
"84","ko00563"," Glycosylphosphatidylinositol (GPI)-anchor biosynthesis","Glycan biosynthesis and metabolism","Metabolism"
"85","ko00601"," Glycosphingolipid biosynthesis - lacto and neolacto series","Glycan biosynthesis and metabolism","Metabolism"
"86","ko00603"," Glycosphingolipid biosynthesis - globo and isoglobo series","Glycan biosynthesis and metabolism","Metabolism"
"87","ko00604"," Glycosphingolipid biosynthesis - ganglio series","Glycan biosynthesis and metabolism","Metabolism"
"88","ko00540"," Lipopolysaccharide biosynthesis","Glycan biosynthesis and metabolism","Metabolism"
"89","ko00541"," O-Antigen nucleotide sugar biosynthesis","Glycan biosynthesis and metabolism","Metabolism"
"90","ko00550"," Peptidoglycan biosynthesis","Glycan biosynthesis and metabolism","Metabolism"
"91","ko00511"," Other glycan degradation","Glycan biosynthesis and metabolism","Metabolism"
"92","ko00571"," Lipoarabinomannan (LAM) biosynthesis","Glycan biosynthesis and metabolism","Metabolism"
"93","ko00572"," Arabinogalactan biosynthesis - Mycobacterium","Glycan biosynthesis and metabolism","Metabolism"
"94","ko00730"," Thiamine metabolism","Metabolism of cofactors and vitamins","Metabolism"
"95","ko00740"," Riboflavin metabolism","Metabolism of cofactors and vitamins","Metabolism"
"96","ko00750"," Vitamin B6 metabolism","Metabolism of cofactors and vitamins","Metabolism"
"97","ko00760"," Nicotinate and nicotinamide metabolism","Metabolism of cofactors and vitamins","Metabolism"
"98","ko00770"," Pantothenate and CoA biosynthesis","Metabolism of cofactors and vitamins","Metabolism"
"99","ko00780"," Biotin metabolism","Metabolism of cofactors and vitamins","Metabolism"
"100","ko00785"," Lipoic acid metabolism","Metabolism of cofactors and vitamins","Metabolism"
"101","ko00790"," Folate biosynthesis","Metabolism of cofactors and vitamins","Metabolism"
"102","ko00670"," One carbon pool by folate","Metabolism of cofactors and vitamins","Metabolism"
"103","ko00830"," Retinol metabolism","Metabolism of cofactors and vitamins","Metabolism"
"104","ko00860"," Porphyrin and chlorophyll metabolism","Metabolism of cofactors and vitamins","Metabolism"
"105","ko00130"," Ubiquinone and other terpenoid-quinone biosynthesis","Metabolism of cofactors and vitamins","Metabolism"
"106","ko00900"," Terpenoid backbone biosynthesis","Metabolism of terpenoids and polyketides","Metabolism"
"107","ko00902"," Monoterpenoid biosynthesis","Metabolism of terpenoids and polyketides","Metabolism"
"108","ko00909"," Sesquiterpenoid and triterpenoid biosynthesis","Metabolism of terpenoids and polyketides","Metabolism"
"109","ko00904"," Diterpenoid biosynthesis","Metabolism of terpenoids and polyketides","Metabolism"
"110","ko00906"," Carotenoid biosynthesis","Metabolism of terpenoids and polyketides","Metabolism"
"111","ko00905"," Brassinosteroid biosynthesis","Metabolism of terpenoids and polyketides","Metabolism"
"112","ko00981"," Insect hormone biosynthesis","Metabolism of terpenoids and polyketides","Metabolism"
"113","ko00908"," Zeatin biosynthesis","Metabolism of terpenoids and polyketides","Metabolism"
"114","ko00903"," Limonene and pinene degradation","Metabolism of terpenoids and polyketides","Metabolism"
"115","ko00281"," Geraniol degradation","Metabolism of terpenoids and polyketides","Metabolism"
"116","ko01052"," Type I polyketide structures","Metabolism of terpenoids and polyketides","Metabolism"
"117","ko00522"," Biosynthesis of 12-, 14- and 16-membered macrolides","Metabolism of terpenoids and polyketides","Metabolism"
"118","ko01051"," Biosynthesis of ansamycins","Metabolism of terpenoids and polyketides","Metabolism"
"119","ko01059"," Biosynthesis of enediyne antibiotics","Metabolism of terpenoids and polyketides","Metabolism"
"120","ko01056"," Biosynthesis of type II polyketide backbone","Metabolism of terpenoids and polyketides","Metabolism"
"121","ko01057"," Biosynthesis of type II polyketide products","Metabolism of terpenoids and polyketides","Metabolism"
"122","ko00253"," Tetracycline biosynthesis","Metabolism of terpenoids and polyketides","Metabolism"
"123","ko00523"," Polyketide sugar unit biosynthesis","Metabolism of terpenoids and polyketides","Metabolism"
"124","ko01054"," Nonribosomal peptide structures","Metabolism of terpenoids and polyketides","Metabolism"
"125","ko01053"," Biosynthesis of siderophore group nonribosomal peptides","Metabolism of terpenoids and polyketides","Metabolism"
"126","ko01055"," Biosynthesis of vancomycin group antibiotics","Metabolism of terpenoids and polyketides","Metabolism"
"127","ko00940"," Phenylpropanoid biosynthesis","Biosynthesis of other secondary metabolites","Metabolism"
"128","ko00945"," Stilbenoid, diarylheptanoid and gingerol biosynthesis","Biosynthesis of other secondary metabolites","Metabolism"
"129","ko00941"," Flavonoid biosynthesis","Biosynthesis of other secondary metabolites","Metabolism"
"130","ko00944"," Flavone and flavonol biosynthesis","Biosynthesis of other secondary metabolites","Metabolism"
"131","ko00942"," Anthocyanin biosynthesis","Biosynthesis of other secondary metabolites","Metabolism"
"132","ko00943"," Isoflavonoid biosynthesis","Biosynthesis of other secondary metabolites","Metabolism"
"133","ko00901"," Indole alkaloid biosynthesis","Biosynthesis of other secondary metabolites","Metabolism"
"134","ko00403"," Indole diterpene alkaloid biosynthesis","Biosynthesis of other secondary metabolites","Metabolism"
"135","ko00950"," Isoquinoline alkaloid biosynthesis","Biosynthesis of other secondary metabolites","Metabolism"
"136","ko00960"," Tropane, piperidine and pyridine alkaloid biosynthesis","Biosynthesis of other secondary metabolites","Metabolism"
"137","ko01058"," Acridone alkaloid biosynthesis","Biosynthesis of other secondary metabolites","Metabolism"
"138","ko00232"," Caffeine metabolism","Biosynthesis of other secondary metabolites","Metabolism"
"139","ko00965"," Betalain biosynthesis","Biosynthesis of other secondary metabolites","Metabolism"
"140","ko00966"," Glucosinolate biosynthesis","Biosynthesis of other secondary metabolites","Metabolism"
"141","ko00402"," Benzoxazinoid biosynthesis","Biosynthesis of other secondary metabolites","Metabolism"
"142","ko00311"," Penicillin and cephalosporin biosynthesis","Biosynthesis of other secondary metabolites","Metabolism"
"143","ko00332"," Carbapenem biosynthesis","Biosynthesis of other secondary metabolites","Metabolism"
"144","ko00261"," Monobactam biosynthesis","Biosynthesis of other secondary metabolites","Metabolism"
"145","ko00331"," Clavulanic acid biosynthesis","Biosynthesis of other secondary metabolites","Metabolism"
"146","ko00521"," Streptomycin biosynthesis","Biosynthesis of other secondary metabolites","Metabolism"
"147","ko00524"," Neomycin, kanamycin and gentamicin biosynthesis","Biosynthesis of other secondary metabolites","Metabolism"
"148","ko00525"," Acarbose and validamycin biosynthesis","Biosynthesis of other secondary metabolites","Metabolism"
"149","ko00401"," Novobiocin biosynthesis","Biosynthesis of other secondary metabolites","Metabolism"
"150","ko00404"," Staurosporine biosynthesis","Biosynthesis of other secondary metabolites","Metabolism"
"151","ko00405"," Phenazine biosynthesis","Biosynthesis of other secondary metabolites","Metabolism"
"152","ko00333"," Prodigiosin biosynthesis","Biosynthesis of other secondary metabolites","Metabolism"
"153","ko00254"," Aflatoxin biosynthesis","Biosynthesis of other secondary metabolites","Metabolism"
"154","ko00999"," Biosynthesis of various secondary metabolites - part 1","Biosynthesis of other secondary metabolites","Metabolism"
"155","ko00998"," Biosynthesis of various secondary metabolites - part 2","Biosynthesis of other secondary metabolites","Metabolism"
"156","ko00997"," Biosynthesis of various secondary metabolites - part 3","Biosynthesis of other secondary metabolites","Metabolism"
"157","ko00362"," Benzoate degradation","Xenobiotics biodegradation and metabolism","Metabolism"
"158","ko00627"," Aminobenzoate degradation","Xenobiotics biodegradation and metabolism","Metabolism"
"159","ko00364"," Fluorobenzoate degradation","Xenobiotics biodegradation and metabolism","Metabolism"
"160","ko00625"," Chloroalkane and chloroalkene degradation","Xenobiotics biodegradation and metabolism","Metabolism"
"161","ko00361"," Chlorocyclohexane and chlorobenzene degradation","Xenobiotics biodegradation and metabolism","Metabolism"
"162","ko00623"," Toluene degradation","Xenobiotics biodegradation and metabolism","Metabolism"
"163","ko00622"," Xylene degradation","Xenobiotics biodegradation and metabolism","Metabolism"
"164","ko00633"," Nitrotoluene degradation","Xenobiotics biodegradation and metabolism","Metabolism"
"165","ko00642"," Ethylbenzene degradation","Xenobiotics biodegradation and metabolism","Metabolism"
"166","ko00643"," Styrene degradation","Xenobiotics biodegradation and metabolism","Metabolism"
"167","ko00791"," Atrazine degradation","Xenobiotics biodegradation and metabolism","Metabolism"
"168","ko00930"," Caprolactam degradation","Xenobiotics biodegradation and metabolism","Metabolism"
"169","ko00363"," Bisphenol degradation","Xenobiotics biodegradation and metabolism","Metabolism"
"170","ko00621"," Dioxin degradation","Xenobiotics biodegradation and metabolism","Metabolism"
"171","ko00626"," Naphthalene degradation","Xenobiotics biodegradation and metabolism","Metabolism"
"172","ko00624"," Polycyclic aromatic hydrocarbon degradation","Xenobiotics biodegradation and metabolism","Metabolism"
"173","ko00365"," Furfural degradation","Xenobiotics biodegradation and metabolism","Metabolism"
"174","ko00984"," Steroid degradation","Xenobiotics biodegradation and metabolism","Metabolism"
"175","ko00980"," Metabolism of xenobiotics by cytochrome P450","Xenobiotics biodegradation and metabolism","Metabolism"
"176","ko00982"," Drug metabolism - cytochrome P450","Xenobiotics biodegradation and metabolism","Metabolism"
"177","ko00983"," Drug metabolism - other enzymes","Xenobiotics biodegradation and metabolism","Metabolism"
"178","ko01010"," Overview of biosynthetic pathways","Chemical structure transformation maps","Metabolism"
"179","ko01060"," Biosynthesis of plant secondary metabolites","Chemical structure transformation maps","Metabolism"
"180","ko01061"," Biosynthesis of phenylpropanoids","Chemical structure transformation maps","Metabolism"
"181","ko01062"," Biosynthesis of terpenoids and steroids","Chemical structure transformation maps","Metabolism"
"182","ko01063"," Biosynthesis of alkaloids derived from shikimate pathway","Chemical structure transformation maps","Metabolism"
"183","ko01064"," Biosynthesis of alkaloids derived from ornithine, lysine and nicotinic acid","Chemical structure transformation maps","Metabolism"
"184","ko01065"," Biosynthesis of alkaloids derived from histidine and purine","Chemical structure transformation maps","Metabolism"
"185","ko01066"," Biosynthesis of alkaloids derived from terpenoid and polyketide","Chemical structure transformation maps","Metabolism"
"186","ko01070"," Biosynthesis of plant hormones","Chemical structure transformation maps","Metabolism"
"187","ko03020"," RNA polymerase","Transcription","Genetic Information Processing"
"188","ko03022"," Basal transcription factors","Transcription","Genetic Information Processing"
"189","ko03040"," Spliceosome","Transcription","Genetic Information Processing"
"190","ko03010"," Ribosome","Translation","Genetic Information Processing"
"191","ko00970"," Aminoacyl-tRNA biosynthesis","Translation","Genetic Information Processing"
"192","ko03013"," RNA transport","Translation","Genetic Information Processing"
"193","ko03015"," mRNA surveillance pathway","Translation","Genetic Information Processing"
"194","ko03008"," Ribosome biogenesis in eukaryotes","Translation","Genetic Information Processing"
"195","ko03060"," Protein export","Folding, sorting and degradation","Genetic Information Processing"
"196","ko04141"," Protein processing in endoplasmic reticulum","Folding, sorting and degradation","Genetic Information Processing"
"197","ko04130"," SNARE interactions in vesicular transport","Folding, sorting and degradation","Genetic Information Processing"
"198","ko04120"," Ubiquitin mediated proteolysis","Folding, sorting and degradation","Genetic Information Processing"
"199","ko04122"," Sulfur relay system","Folding, sorting and degradation","Genetic Information Processing"
"200","ko03050"," Proteasome","Folding, sorting and degradation","Genetic Information Processing"
"201","ko03018"," RNA degradation","Folding, sorting and degradation","Genetic Information Processing"
"202","ko03030"," DNA replication","Replication and repair","Genetic Information Processing"
"203","ko03410"," Base excision repair","Replication and repair","Genetic Information Processing"
"204","ko03420"," Nucleotide excision repair","Replication and repair","Genetic Information Processing"
"205","ko03430"," Mismatch repair","Replication and repair","Genetic Information Processing"
"206","ko03440"," Homologous recombination","Replication and repair","Genetic Information Processing"
"207","ko03450"," Non-homologous end-joining","Replication and repair","Genetic Information Processing"
"208","ko03460"," Fanconi anemia pathway","Replication and repair","Genetic Information Processing"
"209","ko02010"," ABC transporters","Membrane transport","Environmental Information Processing"
"210","ko02060"," Phosphotransferase system (PTS)","Membrane transport","Environmental Information Processing"
"211","ko03070"," Bacterial secretion system","Membrane transport","Environmental Information Processing"
"212","ko02020"," Two-component system","Signal transduction","Environmental Information Processing"
"213","ko04010"," MAPK signaling pathway","Signal transduction","Environmental Information Processing"
"214","ko04013"," MAPK signaling pathway - fly","Signal transduction","Environmental Information Processing"
"215","ko04016"," MAPK signaling pathway - plant","Signal transduction","Environmental Information Processing"
"216","ko04011"," MAPK signaling pathway - yeast","Signal transduction","Environmental Information Processing"
"217","ko04012"," ErbB signaling pathway","Signal transduction","Environmental Information Processing"
"218","ko04014"," Ras signaling pathway","Signal transduction","Environmental Information Processing"
"219","ko04015"," Rap1 signaling pathway","Signal transduction","Environmental Information Processing"
"220","ko04310"," Wnt signaling pathway","Signal transduction","Environmental Information Processing"
"221","ko04330"," Notch signaling pathway","Signal transduction","Environmental Information Processing"
"222","ko04340"," Hedgehog signaling pathway","Signal transduction","Environmental Information Processing"
"223","ko04341"," Hedgehog signaling pathway - fly","Signal transduction","Environmental Information Processing"
"224","ko04350"," TGF-beta signaling pathway","Signal transduction","Environmental Information Processing"
"225","ko04390"," Hippo signaling pathway","Signal transduction","Environmental Information Processing"
"226","ko04391"," Hippo signaling pathway - fly","Signal transduction","Environmental Information Processing"
"227","ko04392"," Hippo signaling pathway - multiple species","Signal transduction","Environmental Information Processing"
"228","ko04370"," VEGF signaling pathway","Signal transduction","Environmental Information Processing"
"229","ko04371"," Apelin signaling pathway","Signal transduction","Environmental Information Processing"
"230","ko04630"," JAK-STAT signaling pathway","Signal transduction","Environmental Information Processing"
"231","ko04064"," NF-kappa B signaling pathway","Signal transduction","Environmental Information Processing"
"232","ko04668"," TNF signaling pathway","Signal transduction","Environmental Information Processing"
"233","ko04066"," HIF-1 signaling pathway","Signal transduction","Environmental Information Processing"
"234","ko04068"," FoxO signaling pathway","Signal transduction","Environmental Information Processing"
"235","ko04020"," Calcium signaling pathway","Signal transduction","Environmental Information Processing"
"236","ko04070"," Phosphatidylinositol signaling system","Signal transduction","Environmental Information Processing"
"237","ko04072"," Phospholipase D signaling pathway","Signal transduction","Environmental Information Processing"
"238","ko04071"," Sphingolipid signaling pathway","Signal transduction","Environmental Information Processing"
"239","ko04024"," cAMP signaling pathway","Signal transduction","Environmental Information Processing"
"240","ko04022"," cGMP-PKG signaling pathway","Signal transduction","Environmental Information Processing"
"241","ko04151"," PI3K-Akt signaling pathway","Signal transduction","Environmental Information Processing"
"242","ko04152"," AMPK signaling pathway","Signal transduction","Environmental Information Processing"
"243","ko04150"," mTOR signaling pathway","Signal transduction","Environmental Information Processing"
"244","ko04075"," Plant hormone signal transduction","Signal transduction","Environmental Information Processing"
"245","ko04080"," Neuroactive ligand-receptor interaction","Signaling molecules and interaction","Environmental Information Processing"
"246","ko04060"," Cytokine-cytokine receptor interaction","Signaling molecules and interaction","Environmental Information Processing"
"247","ko04061"," Viral protein interaction with cytokine and cytokine receptor","Signaling molecules and interaction","Environmental Information Processing"
"248","ko04512"," ECM-receptor interaction","Signaling molecules and interaction","Environmental Information Processing"
"249","ko04514"," Cell adhesion molecules","Signaling molecules and interaction","Environmental Information Processing"
"250","ko04144"," Endocytosis","Transport and catabolism","Cellular Processes"
"251","ko04145"," Phagosome","Transport and catabolism","Cellular Processes"
"252","ko04142"," Lysosome","Transport and catabolism","Cellular Processes"
"253","ko04146"," Peroxisome","Transport and catabolism","Cellular Processes"
"254","ko04140"," Autophagy - animal","Transport and catabolism","Cellular Processes"
"255","ko04138"," Autophagy - yeast","Transport and catabolism","Cellular Processes"
"256","ko04136"," Autophagy - other","Transport and catabolism","Cellular Processes"
"257","ko04137"," Mitophagy - animal","Transport and catabolism","Cellular Processes"
"258","ko04139"," Mitophagy - yeast","Transport and catabolism","Cellular Processes"
"259","ko04110"," Cell cycle","Cell growth and death","Cellular Processes"
"260","ko04111"," Cell cycle - yeast","Cell growth and death","Cellular Processes"
"261","ko04112"," Cell cycle - Caulobacter","Cell growth and death","Cellular Processes"
"262","ko04113"," Meiosis - yeast","Cell growth and death","Cellular Processes"
"263","ko04114"," Oocyte meiosis","Cell growth and death","Cellular Processes"
"264","ko04210"," Apoptosis","Cell growth and death","Cellular Processes"
"265","ko04214"," Apoptosis - fly","Cell growth and death","Cellular Processes"
"266","ko04215"," Apoptosis - multiple species","Cell growth and death","Cellular Processes"
"267","ko04216"," Ferroptosis","Cell growth and death","Cellular Processes"
"268","ko04217"," Necroptosis","Cell growth and death","Cellular Processes"
"269","ko04115"," p53 signaling pathway","Cell growth and death","Cellular Processes"
"270","ko04218"," Cellular senescence","Cell growth and death","Cellular Processes"
"271","ko04510"," Focal adhesion","Cellular community - eukaryotes","Cellular Processes"
"272","ko04520"," Adherens junction","Cellular community - eukaryotes","Cellular Processes"
"273","ko04530"," Tight junction","Cellular community - eukaryotes","Cellular Processes"
"274","ko04540"," Gap junction","Cellular community - eukaryotes","Cellular Processes"
"275","ko04550"," Signaling pathways regulating pluripotency of stem cells","Cellular community - eukaryotes","Cellular Processes"
"276","ko02024"," Quorum sensing","Cellular community - prokaryotes","Cellular Processes"
"277","ko05111"," Biofilm formation - Vibrio cholerae","Cellular community - prokaryotes","Cellular Processes"
"278","ko02025"," Biofilm formation - Pseudomonas aeruginosa","Cellular community - prokaryotes","Cellular Processes"
"279","ko02026"," Biofilm formation - Escherichia coli","Cellular community - prokaryotes","Cellular Processes"
"280","ko02030"," Bacterial chemotaxis","Cell motility","Cellular Processes"
"281","ko02040"," Flagellar assembly","Cell motility","Cellular Processes"
"282","ko04810"," Regulation of actin cytoskeleton","Cell motility","Cellular Processes"
"283","ko04640"," Hematopoietic cell lineage","Immune system","Organismal Systems"
"284","ko04610"," Complement and coagulation cascades","Immune system","Organismal Systems"
"285","ko04611"," Platelet activation","Immune system","Organismal Systems"
"286","ko04620"," Toll-like receptor signaling pathway","Immune system","Organismal Systems"
"287","ko04624"," Toll and Imd signaling pathway","Immune system","Organismal Systems"
"288","ko04621"," NOD-like receptor signaling pathway","Immune system","Organismal Systems"
"289","ko04622"," RIG-I-like receptor signaling pathway","Immune system","Organismal Systems"
"290","ko04623"," Cytosolic DNA-sensing pathway","Immune system","Organismal Systems"
"291","ko04625"," C-type lectin receptor signaling pathway","Immune system","Organismal Systems"
"292","ko04650"," Natural killer cell mediated cytotoxicity","Immune system","Organismal Systems"
"293","ko04612"," Antigen processing and presentation","Immune system","Organismal Systems"
"294","ko04660"," T cell receptor signaling pathway","Immune system","Organismal Systems"
"295","ko04658"," Th1 and Th2 cell differentiation","Immune system","Organismal Systems"
"296","ko04659"," Th17 cell differentiation","Immune system","Organismal Systems"
"297","ko04657"," IL-17 signaling pathway","Immune system","Organismal Systems"
"298","ko04662"," B cell receptor signaling pathway","Immune system","Organismal Systems"
"299","ko04664"," Fc epsilon RI signaling pathway","Immune system","Organismal Systems"
"300","ko04666"," Fc gamma R-mediated phagocytosis","Immune system","Organismal Systems"
"301","ko04670"," Leukocyte transendothelial migration","Immune system","Organismal Systems"
"302","ko04672"," Intestinal immune network for IgA production","Immune system","Organismal Systems"
"303","ko04062"," Chemokine signaling pathway","Immune system","Organismal Systems"
"304","ko04911"," Insulin secretion","Endocrine system","Organismal Systems"
"305","ko04910"," Insulin signaling pathway","Endocrine system","Organismal Systems"
"306","ko04922"," Glucagon signaling pathway","Endocrine system","Organismal Systems"
"307","ko04923"," Regulation of lipolysis in adipocytes","Endocrine system","Organismal Systems"
"308","ko04920"," Adipocytokine signaling pathway","Endocrine system","Organismal Systems"
"309","ko03320"," PPAR signaling pathway","Endocrine system","Organismal Systems"
"310","ko04929"," GnRH secretion","Endocrine system","Organismal Systems"
"311","ko04912"," GnRH signaling pathway","Endocrine system","Organismal Systems"
"312","ko04913"," Ovarian steroidogenesis","Endocrine system","Organismal Systems"
"313","ko04915"," Estrogen signaling pathway","Endocrine system","Organismal Systems"
"314","ko04914"," Progesterone-mediated oocyte maturation","Endocrine system","Organismal Systems"
"315","ko04917"," Prolactin signaling pathway","Endocrine system","Organismal Systems"
"316","ko04921"," Oxytocin signaling pathway","Endocrine system","Organismal Systems"
"317","ko04926"," Relaxin signaling pathway","Endocrine system","Organismal Systems"
"318","ko04935"," Growth hormone synthesis, secretion and action","Endocrine system","Organismal Systems"
"319","ko04918"," Thyroid hormone synthesis","Endocrine system","Organismal Systems"
"320","ko04919"," Thyroid hormone signaling pathway","Endocrine system","Organismal Systems"
"321","ko04928"," Parathyroid hormone synthesis, secretion and action","Endocrine system","Organismal Systems"
"322","ko04916"," Melanogenesis","Endocrine system","Organismal Systems"
"323","ko04924"," Renin secretion","Endocrine system","Organismal Systems"
"324","ko04614"," Renin-angiotensin system","Endocrine system","Organismal Systems"
"325","ko04925"," Aldosterone synthesis and secretion","Endocrine system","Organismal Systems"
"326","ko04927"," Cortisol synthesis and secretion","Endocrine system","Organismal Systems"
"327","ko04260"," Cardiac muscle contraction","Circulatory system","Organismal Systems"
"328","ko04261"," Adrenergic signaling in cardiomyocytes","Circulatory system","Organismal Systems"
"329","ko04270"," Vascular smooth muscle contraction","Circulatory system","Organismal Systems"
"330","ko04970"," Salivary secretion","Digestive system","Organismal Systems"
"331","ko04971"," Gastric acid secretion","Digestive system","Organismal Systems"
"332","ko04972"," Pancreatic secretion","Digestive system","Organismal Systems"
"333","ko04976"," Bile secretion","Digestive system","Organismal Systems"
"334","ko04973"," Carbohydrate digestion and absorption","Digestive system","Organismal Systems"
"335","ko04974"," Protein digestion and absorption","Digestive system","Organismal Systems"
"336","ko04975"," Fat digestion and absorption","Digestive system","Organismal Systems"
"337","ko04979"," Cholesterol metabolism","Digestive system","Organismal Systems"
"338","ko04977"," Vitamin digestion and absorption","Digestive system","Organismal Systems"
"339","ko04978"," Mineral absorption","Digestive system","Organismal Systems"
"340","ko04962"," Vasopressin-regulated water reabsorption","Excretory system","Organismal Systems"
"341","ko04960"," Aldosterone-regulated sodium reabsorption","Excretory system","Organismal Systems"
"342","ko04961"," Endocrine and other factor-regulated calcium reabsorption","Excretory system","Organismal Systems"
"343","ko04964"," Proximal tubule bicarbonate reclamation","Excretory system","Organismal Systems"
"344","ko04966"," Collecting duct acid secretion","Excretory system","Organismal Systems"
"345","ko04724"," Glutamatergic synapse","Nervous system","Organismal Systems"
"346","ko04727"," GABAergic synapse","Nervous system","Organismal Systems"
"347","ko04725"," Cholinergic synapse","Nervous system","Organismal Systems"
"348","ko04728"," Dopaminergic synapse","Nervous system","Organismal Systems"
"349","ko04726"," Serotonergic synapse","Nervous system","Organismal Systems"
"350","ko04720"," Long-term potentiation","Nervous system","Organismal Systems"
"351","ko04730"," Long-term depression","Nervous system","Organismal Systems"
"352","ko04723"," Retrograde endocannabinoid signaling","Nervous system","Organismal Systems"
"353","ko04721"," Synaptic vesicle cycle","Nervous system","Organismal Systems"
"354","ko04722"," Neurotrophin signaling pathway","Nervous system","Organismal Systems"
"355","ko04744"," Phototransduction","Sensory system","Organismal Systems"
"356","ko04745"," Phototransduction - fly","Sensory system","Organismal Systems"
"357","ko04740"," Olfactory transduction","Sensory system","Organismal Systems"
"358","ko04742"," Taste transduction","Sensory system","Organismal Systems"
"359","ko04750"," Inflammatory mediator regulation of TRP channels","Sensory system","Organismal Systems"
"360","ko04320"," Dorso-ventral axis formation","Development and regeneration","Organismal Systems"
"361","ko04360"," Axon guidance","Development and regeneration","Organismal Systems"
"362","ko04361"," Axon regeneration","Development and regeneration","Organismal Systems"
"363","ko04380"," Osteoclast differentiation","Development and regeneration","Organismal Systems"
"364","ko04211"," Longevity regulating pathway","Aging","Organismal Systems"
"365","ko04212"," Longevity regulating pathway - worm","Aging","Organismal Systems"
"366","ko04213"," Longevity regulating pathway - multiple species","Aging","Organismal Systems"
"367","ko04710"," Circadian rhythm","Environmental adaptation","Organismal Systems"
"368","ko04713"," Circadian entrainment","Environmental adaptation","Organismal Systems"
"369","ko04711"," Circadian rhythm - fly","Environmental adaptation","Organismal Systems"
"370","ko04712"," Circadian rhythm - plant","Environmental adaptation","Organismal Systems"
"371","ko04714"," Thermogenesis","Environmental adaptation","Organismal Systems"
"372","ko04626"," Plant-pathogen interaction","Environmental adaptation","Organismal Systems"
"373","ko05200"," Pathways in cancer","Cancer: overview","Human Diseases"
"374","ko05202"," Transcriptional misregulation in cancer","Cancer: overview","Human Diseases"
"375","ko05206"," MicroRNAs in cancer","Cancer: overview","Human Diseases"
"376","ko05205"," Proteoglycans in cancer","Cancer: overview","Human Diseases"
"377","ko05204"," Chemical carcinogenesis","Cancer: overview","Human Diseases"
"378","ko05203"," Viral carcinogenesis","Cancer: overview","Human Diseases"
"379","ko05230"," Central carbon metabolism in cancer","Cancer: overview","Human Diseases"
"380","ko05231"," Choline metabolism in cancer","Cancer: overview","Human Diseases"
"381","ko05235"," PD-L1 expression and PD-1 checkpoint pathway in cancer","Cancer: overview","Human Diseases"
"382","ko05210"," Colorectal cancer","Cancer: specific types","Human Diseases"
"383","ko05212"," Pancreatic cancer","Cancer: specific types","Human Diseases"
"384","ko05225"," Hepatocellular carcinoma","Cancer: specific types","Human Diseases"
"385","ko05226"," Gastric cancer","Cancer: specific types","Human Diseases"
"386","ko05214"," Glioma","Cancer: specific types","Human Diseases"
"387","ko05216"," Thyroid cancer","Cancer: specific types","Human Diseases"
"388","ko05221"," Acute myeloid leukemia","Cancer: specific types","Human Diseases"
"389","ko05220"," Chronic myeloid leukemia","Cancer: specific types","Human Diseases"
"390","ko05217"," Basal cell carcinoma","Cancer: specific types","Human Diseases"
"391","ko05218"," Melanoma","Cancer: specific types","Human Diseases"
"392","ko05211"," Renal cell carcinoma","Cancer: specific types","Human Diseases"
"393","ko05219"," Bladder cancer","Cancer: specific types","Human Diseases"
"394","ko05215"," Prostate cancer","Cancer: specific types","Human Diseases"
"395","ko05213"," Endometrial cancer","Cancer: specific types","Human Diseases"
"396","ko05224"," Breast cancer","Cancer: specific types","Human Diseases"
"397","ko05222"," Small cell lung cancer","Cancer: specific types","Human Diseases"
"398","ko05223"," Non-small cell lung cancer","Cancer: specific types","Human Diseases"
"399","ko05310"," Asthma","Immune disease","Human Diseases"
"400","ko05322"," Systemic lupus erythematosus","Immune disease","Human Diseases"
"401","ko05323"," Rheumatoid arthritis","Immune disease","Human Diseases"
"402","ko05320"," Autoimmune thyroid disease","Immune disease","Human Diseases"
"403","ko05321"," Inflammatory bowel disease","Immune disease","Human Diseases"
"404","ko05330"," Allograft rejection","Immune disease","Human Diseases"
"405","ko05332"," Graft-versus-host disease","Immune disease","Human Diseases"
"406","ko05340"," Primary immunodeficiency","Immune disease","Human Diseases"
"407","ko05010"," Alzheimer disease","Neurodegenerative disease","Human Diseases"
"408","ko05012"," Parkinson disease","Neurodegenerative disease","Human Diseases"
"409","ko05014"," Amyotrophic lateral sclerosis","Neurodegenerative disease","Human Diseases"
"410","ko05016"," Huntington disease","Neurodegenerative disease","Human Diseases"
"411","ko05017"," Spinocerebellar ataxia","Neurodegenerative disease","Human Diseases"
"412","ko05020"," Prion disease","Neurodegenerative disease","Human Diseases"
"413","ko05022"," Pathways of neurodegeneration - multiple diseases","Neurodegenerative disease","Human Diseases"
"414","ko05030"," Cocaine addiction","Substance dependence","Human Diseases"
"415","ko05031"," Amphetamine addiction","Substance dependence","Human Diseases"
"416","ko05032"," Morphine addiction","Substance dependence","Human Diseases"
"417","ko05033"," Nicotine addiction","Substance dependence","Human Diseases"
"418","ko05034"," Alcoholism","Substance dependence","Human Diseases"
"419","ko05418"," Fluid shear stress and atherosclerosis","Cardiovascular disease","Human Diseases"
"420","ko05410"," Hypertrophic cardiomyopathy","Cardiovascular disease","Human Diseases"
"421","ko05412"," Arrhythmogenic right ventricular cardiomyopathy","Cardiovascular disease","Human Diseases"
"422","ko05414"," Dilated cardiomyopathy","Cardiovascular disease","Human Diseases"
"423","ko05416"," Viral myocarditis","Cardiovascular disease","Human Diseases"
"424","ko04930"," Type II diabetes mellitus","Endocrine and metabolic disease","Human Diseases"
"425","ko04940"," Type I diabetes mellitus","Endocrine and metabolic disease","Human Diseases"
"426","ko04950"," Maturity onset diabetes of the young","Endocrine and metabolic disease","Human Diseases"
"427","ko04932"," Non-alcoholic fatty liver disease","Endocrine and metabolic disease","Human Diseases"
"428","ko04931"," Insulin resistance","Endocrine and metabolic disease","Human Diseases"
"429","ko04933"," AGE-RAGE signaling pathway in diabetic complications","Endocrine and metabolic disease","Human Diseases"
"430","ko04934"," Cushing syndrome","Endocrine and metabolic disease","Human Diseases"
"431","ko05110"," Vibrio cholerae infection","Infectious disease: bacterial","Human Diseases"
"432","ko05120"," Epithelial cell signaling in Helicobacter pylori infection","Infectious disease: bacterial","Human Diseases"
"433","ko05130"," Pathogenic Escherichia coli infection","Infectious disease: bacterial","Human Diseases"
"434","ko05132"," Salmonella infection","Infectious disease: bacterial","Human Diseases"
"435","ko05131"," Shigellosis","Infectious disease: bacterial","Human Diseases"
"436","ko05135"," Yersinia infection","Infectious disease: bacterial","Human Diseases"
"437","ko05133"," Pertussis","Infectious disease: bacterial","Human Diseases"
"438","ko05134"," Legionellosis","Infectious disease: bacterial","Human Diseases"
"439","ko05150"," Staphylococcus aureus infection","Infectious disease: bacterial","Human Diseases"
"440","ko05152"," Tuberculosis","Infectious disease: bacterial","Human Diseases"
"441","ko05100"," Bacterial invasion of epithelial cells","Infectious disease: bacterial","Human Diseases"
"442","ko05166"," Human T-cell leukemia virus 1 infection","Infectious disease: viral","Human Diseases"
"443","ko05170"," Human immunodeficiency virus 1 infection","Infectious disease: viral","Human Diseases"
"444","ko05161"," Hepatitis B","Infectious disease: viral","Human Diseases"
"445","ko05160"," Hepatitis C","Infectious disease: viral","Human Diseases"
"446","ko05171"," Coronavirus disease - COVID-19","Infectious disease: viral","Human Diseases"
"447","ko05164"," Influenza A","Infectious disease: viral","Human Diseases"
"448","ko05162"," Measles","Infectious disease: viral","Human Diseases"
"449","ko05168"," Herpes simplex virus 1 infection","Infectious disease: viral","Human Diseases"
"450","ko05163"," Human cytomegalovirus infection","Infectious disease: viral","Human Diseases"
"451","ko05167"," Kaposi sarcoma-associated herpesvirus infection","Infectious disease: viral","Human Diseases"
"452","ko05169"," Epstein-Barr virus infection","Infectious disease: viral","Human Diseases"
"453","ko05165"," Human papillomavirus infection","Infectious disease: viral","Human Diseases"
"454","ko05146"," Amoebiasis","Infectious disease: parasitic","Human Diseases"
"455","ko05144"," Malaria","Infectious disease: parasitic","Human Diseases"
"456","ko05145"," Toxoplasmosis","Infectious disease: parasitic","Human Diseases"
"457","ko05140"," Leishmaniasis","Infectious disease: parasitic","Human Diseases"
"458","ko05142"," Chagas disease","Infectious disease: parasitic","Human Diseases"
"459","ko05143"," African trypanosomiasis","Infectious disease: parasitic","Human Diseases"
"460","ko01501"," beta-Lactam resistance","Drug resistance: antimicrobial","Human Diseases"
"461","ko01502"," Vancomycin resistance","Drug resistance: antimicrobial","Human Diseases"
"462","ko01503"," Cationic antimicrobial peptide (CAMP) resistance","Drug resistance: antimicrobial","Human Diseases"
"463","ko01521"," EGFR tyrosine kinase inhibitor resistance","Drug resistance: antineoplastic","Human Diseases"
"464","ko01524"," Platinum drug resistance","Drug resistance: antineoplastic","Human Diseases"
"465","ko01523"," Antifolate resistance","Drug resistance: antineoplastic","Human Diseases"
"466","ko01522"," Endocrine resistance","Drug resistance: antineoplastic","Human Diseases"
"467","ko07011"," Penicillins","Chronology: Antiinfectives","Drug Development"
"468","ko07012"," Cephalosporins - parenteral agents","Chronology: Antiinfectives","Drug Development"
"469","ko07013"," Cephalosporins - oral agents","Chronology: Antiinfectives","Drug Development"
"470","ko07021"," Aminoglycosides","Chronology: Antiinfectives","Drug Development"
"471","ko07019"," Tetracyclines","Chronology: Antiinfectives","Drug Development"
"472","ko07020"," Macrolides and ketolides","Chronology: Antiinfectives","Drug Development"
"473","ko07014"," Quinolones","Chronology: Antiinfectives","Drug Development"
"474","ko07023"," Rifamycins","Chronology: Antiinfectives","Drug Development"
"475","ko07026"," Antifungal agents","Chronology: Antiinfectives","Drug Development"
"476","ko07044"," Antiviral agents","Chronology: Antiinfectives","Drug Development"
"477","ko07053"," Anti-HIV agents","Chronology: Antiinfectives","Drug Development"
"478","ko07040"," Antineoplastics - alkylating agents","Chronology: Antineoplastics","Drug Development"
"479","ko07041"," Antineoplastics - antimetabolic agents","Chronology: Antineoplastics","Drug Development"
"480","ko07042"," Antineoplastics - agents from natural products","Chronology: Antineoplastics","Drug Development"
"481","ko07043"," Antineoplastics - hormones","Chronology: Antineoplastics","Drug Development"
"482","ko07045"," Antineoplastics - protein kinase inhibitors","Chronology: Antineoplastics","Drug Development"
"483","ko07032"," Hypnotics","Chronology: Nervous system agents","Drug Development"
"484","ko07030"," Anxiolytics","Chronology: Nervous system agents","Drug Development"
"485","ko07033"," Anticonvulsants","Chronology: Nervous system agents","Drug Development"
"486","ko07015"," Local analgesics","Chronology: Nervous system agents","Drug Development"
"487","ko07039"," Opioid analgesics","Chronology: Nervous system agents","Drug Development"
"488","ko07028"," Antipsychotics","Chronology: Nervous system agents","Drug Development"
"489","ko07029"," Antipsychotics - phenothiazines","Chronology: Nervous system agents","Drug Development"
"490","ko07031"," Antipsychotics - butyrophenones","Chronology: Nervous system agents","Drug Development"
"491","ko07027"," Antidepressants","Chronology: Nervous system agents","Drug Development"
"492","ko07056"," Agents for Alzheimer-type dementia","Chronology: Nervous system agents","Drug Development"
"493","ko07057"," Antiparkinsonian agents","Chronology: Nervous system agents","Drug Development"
"494","ko07055"," Sulfonamide derivatives - overview","Chronology: Other drugs","Drug Development"
"495","ko07016"," Sulfonamide derivatives - sulfa drugs","Chronology: Other drugs","Drug Development"
"496","ko07017"," Sulfonamide derivatives - diuretics","Chronology: Other drugs","Drug Development"
"497","ko07018"," Sulfonamide derivatives - hypoglycemic agents","Chronology: Other drugs","Drug Development"
"498","ko07037"," Antiarrhythmic drugs","Chronology: Other drugs","Drug Development"
"499","ko07038"," Antiulcer drugs","Chronology: Other drugs","Drug Development"
"500","ko07046"," Immunosuppressive agents","Chronology: Other drugs","Drug Development"
"501","ko07047"," Osteoporosis drugs","Chronology: Other drugs","Drug Development"
"502","ko07048"," Antimigraines","Chronology: Other drugs","Drug Development"
"503","ko07049"," Antithrombosis agents","Chronology: Other drugs","Drug Development"
"504","ko07050"," Antirheumatics - DMARDs and biological agents","Chronology: Other drugs","Drug Development"
"505","ko07051"," Antidiabetics","Chronology: Other drugs","Drug Development"
"506","ko07052"," Antidyslipidemic agents","Chronology: Other drugs","Drug Development"
"507","ko07054"," Antiglaucoma agents","Chronology: Other drugs","Drug Development"
"508","ko07220"," Cholinergic and anticholinergic drugs","Target-based classification: G protein-coupled receptors","Drug Development"
"509","ko07215"," alpha-Adrenergic receptor agonists/antagonists","Target-based classification: G protein-coupled receptors","Drug Development"
"510","ko07214"," beta-Adrenergic receptor agonists/antagonists","Target-based classification: G protein-coupled receptors","Drug Development"
"511","ko07213"," Dopamine receptor agonists/antagonists","Target-based classification: G protein-coupled receptors","Drug Development"
"512","ko07212"," Histamine H1 receptor antagonists","Target-based classification: G protein-coupled receptors","Drug Development"
"513","ko07227"," Histamine H2/H3 receptor agonists/antagonists","Target-based classification: G protein-coupled receptors","Drug Development"
"514","ko07211"," Serotonin receptor agonists/antagonists","Target-based classification: G protein-coupled receptors","Drug Development"
"515","ko07228"," Eicosanoid receptor agonists/antagonists","Target-based classification: G protein-coupled receptors","Drug Development"
"516","ko07224"," Opioid receptor agonists/antagonists","Target-based classification: G protein-coupled receptors","Drug Development"
"517","ko07229"," Angiotensin receptor and endothelin receptor antagonists","Target-based classification: G protein-coupled receptors","Drug Development"
"518","ko07225"," Glucocorticoid and mineralocorticoid receptor agonists/antagonists","Target-based classification: Nuclear receptors","Drug Development"
"519","ko07226"," Progesterone, androgen and estrogen receptor agonists/antagonists","Target-based classification: Nuclear receptors","Drug Development"
"520","ko07223"," Retinoic acid receptor (RAR) and retinoid X receptor (RXR) agonists/antagonists","Target-based classification: Nuclear receptors","Drug Development"
"521","ko07222"," Peroxisome proliferator-activated receptor (PPAR) agonists","Target-based classification: Nuclear receptors","Drug Development"
"522","ko07221"," Nicotinic cholinergic receptor antagonists","Target-based classification: Ion channels","Drug Development"
"523","ko07230"," GABA-A receptor agonists/antagonists","Target-based classification: Ion channels","Drug Development"
"524","ko07036"," Calcium channel blocking drugs","Target-based classification: Ion channels","Drug Development"
"525","ko07231"," Sodium channel blocking drugs","Target-based classification: Ion channels","Drug Development"
"526","ko07232"," Potassium channel blocking and opening drugs","Target-based classification: Ion channels","Drug Development"
"527","ko07235"," N-Methyl-D-aspartic acid (NMDA) receptor antagonists","Target-based classification: Ion channels","Drug Development"
"528","ko07233"," Ion transporter inhibitors","Target-based classification: Transporters","Drug Development"
"529","ko07234"," Neurotransmitter transporter inhibitors","Target-based classification: Transporters","Drug Development"
"530","ko07216"," Catecholamine transferase inhibitors","Target-based classification: Enzymes","Drug Development"
"531","ko07219"," Cyclooxygenase inhibitors","Target-based classification: Enzymes","Drug Development"
"532","ko07024"," HMG-CoA reductase inhibitors","Target-based classification: Enzymes","Drug Development"
"533","ko07217"," Renin-angiotensin system inhibitors","Target-based classification: Enzymes","Drug Development"
"534","ko07218"," HIV protease inhibitors","Target-based classification: Enzymes","Drug Development"
"535","ko07025"," Quinolines","Structure-based classification","Drug Development"
"536","ko07034"," Eicosanoids","Structure-based classification","Drug Development"
"537","ko07035"," Prostaglandins","Structure-based classification","Drug Development"
"538","ko07110"," Benzoic acid family","Skeleton-based classification","Drug Development"
"539","ko07112"," 1,2-Diphenyl substitution family","Skeleton-based classification","Drug Development"
"540","ko07114"," Naphthalene family","Skeleton-based classification","Drug Development"
"541","ko07117"," Benzodiazepine family","Skeleton-based classification","Drug Development"
